FUZZ_INPUT @ 0x20000064
main address = 0x33d4
Breakpoint address = 0x34f4
[2025-12-23T06:23:25Z INFO  libafl::events::launcher] spawning on cores: Cores { cmdline: "1", ids: [CoreId(1)] }
[2025-12-23T06:23:25Z INFO  libafl::events::launcher] child spawned with id 1 and bound to core CoreId(1)
[2025-12-23T06:23:25Z INFO  libafl::events::launcher] I am broker!!.
[2025-12-23T06:23:25Z INFO  libafl_bolts::llmp] Successfully setup signal handlers
[2025-12-23T06:23:25Z INFO  libafl::events::launcher] 1721605 PostFork
[2025-12-23T06:23:25Z INFO  libafl_bolts::llmp] Connected to port 1337
[2025-12-23T06:23:25Z INFO  libafl_bolts::llmp] New connection: 127.0.0.1:54294/127.0.0.1:54294
[2025-12-23T06:23:25Z INFO  libafl::events::llmp::restarting] Setting core affinity to CoreId(1)
[2025-12-23T06:23:25Z INFO  libafl::events::llmp::restarting] Spawning next client (id 0)
[2025-12-23T06:23:25Z INFO  libafl::events::llmp::restarting] First run. Let's set it all up
qemu_baremetal: warning: nic lan9118.0 has no peer
Devices = ["timer", "cpu_common", "cpu", "armv7m_nvic", "armv7m_systick", "armv7m", "or-irq", "cmsdk-apb-uart", "cmsdk-apb-uart", "cmsdk-apb-uart", "cmsdk-apb-uart", "cmsdk-apb-uart", "cmsdk-apb-timer", "cmsdk-apb-timer", "cmsdk-apb-dualtimer", "cmsdk-apb-watchdog", "led", "led", "led", "led", "led", "led", "led", "led", "mps2-scc", "led", "led", "mps2-fpgaio", "pl022_ssp", "or-irq", "pl022_ssp", "pl022_ssp", "or-irq", "pl022_ssp", "pl022_ssp", "i2c_bus", "i2c_bus", "i2c_bus", "i2c_bus", "lan9118-phy", "lan9118"]
qemu_baremetal: warning: icount sleep disabled and no active timers
[2025-12-23T06:23:25Z INFO  libafl_qemu::command::lqemu] Fuzzing starts @ PC 33d4
[2025-12-23T06:23:25Z INFO  libafl::state] Loading file /home/zwz/Libafl/fuzzers/full_system/qemu_baremetal/corpus/golden_seed ...
Hello from FreeRTOS fuzz demo!
[TEST_CASE_COMPLETED]
[UserStats   #1]  (GLOBAL) run time: 0s, clients: 1, corpus: 0, objectives: 0, executions: 1, exec/sec: 0.000, edges: 100.000%
                  (CLIENT) corpus: 0, objectives: 0, executions: 1, exec/sec: 0.000, edges: 505/505 (100%)
[Testcase    #1]  (GLOBAL) run time: 0s, clients: 1, corpus: 1, objectives: 0, executions: 1, exec/sec: 0.000, edges: 100.000%
                  (CLIENT) corpus: 1, objectives: 0, executions: 1, exec/sec: 0.000, edges: 505/505 (100%)
We imported 1 inputs from disk.
Hello from FreeRTOS fuzz demo!
[TEST_CASE_COMPLETED]
Hello from FreeRTOS fuzz demo!
[TEST_CASE_COMPLETED]
Hello from FreeRTOS fuzz demo!
[UserStats   #1]  (GLOBAL) run time: 0s, clients: 1, corpus: 1, objectives: 0, executions: 3, exec/sec: 0.000, edges: 100.000%
                  (CLIENT) corpus: 1, objectives: 0, executions: 3, exec/sec: 0.000, edges: 506/506 (100%)
[Testcase    #1]  (GLOBAL) run time: 0s, clients: 1, corpus: 2, objectives: 0, executions: 3, exec/sec: 0.000, edges: 100.000%
                  (CLIENT) corpus: 2, objectives: 0, executions: 3, exec/sec: 0.000, edges: 506/506 (100%)
[TEST_CASE_COMPLETED]
Hello from FreeRTOS fuzz demo!
[UserStats   #1]  (GLOBAL) run time: 1s, clients: 1, corpus: 2, objectives: 0, executions: 4, exec/sec: 0.000, edges: 100.000%
                  (CLIENT) corpus: 2, objectives: 0, executions: 4, exec/sec: 0.000, edges: 515/515 (100%)
[Testcase    #1]  (GLOBAL) run time: 1s, clients: 1, corpus: 3, objectives: 0, executions: 4, exec/sec: 0.000, edges: 100.000%
                  (CLIENT) corpus: 3, objectives: 0, executions: 4, exec/sec: 0.000, edges: 515/515 (100%)
[TEST_CASE_COMPLETED]
Hello from FreeRTOS fuzz demo!
[TEST_CASE_COMPLETED]
[UserStats   #1]  (GLOBAL) run time: 1s, clients: 1, corpus: 3, objectives: 0, executions: 5, exec/sec: 0.000, edges: 100.000%
                  (CLIENT) corpus: 3, objectives: 0, executions: 5, exec/sec: 0.000, edges: 515/515 (100%)
[Testcase    #1]  (GLOBAL) run time: 1s, clients: 1, corpus: 4, objectives: 0, executions: 5, exec/sec: 0.000, edges: 100.000%
                  (CLIENT) corpus: 4, objectives: 0, executions: 5, exec/sec: 0.000, edges: 515/515 (100%)
Hello from FreeRTOS fuzz demo!
[TEST_CASE_COMPLETED]
Hello from FreeRTOS fuzz demo!
[UserStats   #1]  (GLOBAL) run time: 1s, clients: 1, corpus: 4, objectives: 0, executions: 7, exec/sec: 0.000, edges: 100.000%
                  (CLIENT) corpus: 4, objectives: 0, executions: 7, exec/sec: 0.000, edges: 516/516 (100%)
[Testcase    #1]  (GLOBAL) run time: 1s, clients: 1, corpus: 5, objectives: 0, executions: 7, exec/sec: 0.000, edges: 100.000%
                  (CLIENT) corpus: 5, objectives: 0, executions: 7, exec/sec: 0.000, edges: 516/516 (100%)
[TEST_CASE_COMPLETED]
Hello from FreeRTOS fuzz demo!
[TEST_CASE_COMPLETED]
Hello from FreeRTOS fuzz demo!
[TEST_CASE_COMPLETED]
Hello from FreeRTOS fuzz demo!
[TEST_CASE_COMPLETED]
Hello from FreeRTOS fuzz demo!
[UserStats   #1]  (GLOBAL) run time: 1s, clients: 1, corpus: 5, objectives: 0, executions: 10, exec/sec: 6.661, edges: 100.000%
                  (CLIENT) corpus: 5, objectives: 0, executions: 10, exec/sec: 6.661, edges: 516/516 (100%)
[TEST_CASE_COMPLETED]
[Testcase    #1]  (GLOBAL) run time: 1s, clients: 1, corpus: 6, objectives: 0, executions: 10, exec/sec: 6.660, edges: 100.000%
                  (CLIENT) corpus: 6, objectives: 0, executions: 10, exec/sec: 6.659, edges: 516/516 (100%)
[UserStats   #1]  (GLOBAL) run time: 1s, clients: 1, corpus: 6, objectives: 0, executions: 11, exec/sec: 7.325, edges: 100.000%
                  (CLIENT) corpus: 6, objectives: 0, executions: 11, exec/sec: 7.325, edges: 517/517 (100%)
[Testcase    #1]  (GLOBAL) run time: 1s, clients: 1, corpus: 7, objectives: 0, executions: 11, exec/sec: 7.324, edges: 100.000%
                  (CLIENT) corpus: 7, objectives: 0, executions: 11, exec/sec: 7.324, edges: 517/517 (100%)
Hello from FreeRTOS fuzz demo!
[UserStats   #1]  (GLOBAL) run time: 1s, clients: 1, corpus: 7, objectives: 0, executions: 12, exec/sec: 7.963, edges: 100.000%
                  (CLIENT) corpus: 7, objectives: 0, executions: 12, exec/sec: 7.963, edges: 522/522 (100%)
[Testcase    #1]  (GLOBAL) run time: 1s, clients: 1, corpus: 8, objectives: 0, executions: 12, exec/sec: 7.962, edges: 100.000%
                  (CLIENT) corpus: 8, objectives: 0, executions: 12, exec/sec: 7.962, edges: 522/522 (100%)
[TEST_CASE_COMPLETED]
Hello from FreeRTOS fuzz demo!
[TEST_CASE_COMPLETED]
Hello from FreeRTOS fuzz demo!
[TEST_CASE_COMPLETED]
Hello from FreeRTOS fuzz demo!
[TEST_CASE_COMPLETED]
[UserStats   #1]  (GLOBAL) run time: 2s, clients: 1, corpus: 8, objectives: 0, executions: 16, exec/sec: 8.326, edges: 100.000%
                  (CLIENT) corpus: 8, objectives: 0, executions: 16, exec/sec: 8.326, edges: 523/523 (100%)
Hello from FreeRTOS fuzz demo!
[Testcase    #1]  (GLOBAL) run time: 2s, clients: 1, corpus: 9, objectives: 0, executions: 16, exec/sec: 8.325, edges: 100.000%
                  (CLIENT) corpus: 9, objectives: 0, executions: 16, exec/sec: 8.325, edges: 523/523 (100%)
[TEST_CASE_COMPLETED]
Hello from FreeRTOS fuzz demo!
[UserStats   #1]  (GLOBAL) run time: 2s, clients: 1, corpus: 9, objectives: 0, executions: 17, exec/sec: 7.974, edges: 100.000%
                  (CLIENT) corpus: 9, objectives: 0, executions: 17, exec/sec: 7.974, edges: 524/524 (100%)
[Testcase    #1]  (GLOBAL) run time: 2s, clients: 1, corpus: 10, objectives: 0, executions: 17, exec/sec: 7.973, edges: 100.000%
                  (CLIENT) corpus: 10, objectives: 0, executions: 17, exec/sec: 7.973, edges: 524/524 (100%)
[TEST_CASE_COMPLETED]
Hello from FreeRTOS fuzz demo!
[TEST_CASE_COMPLETED]
Hello from FreeRTOS fuzz demo!
[TEST_CASE_COMPLETED]
Hello from FreeRTOS fuzz demo!
[TEST_CASE_COMPLETED]
Hello from FreeRTOS fuzz demo!
[TEST_CASE_COMPLETED]
Hello from FreeRTOS fuzz demo!
[UserStats   #1]  (GLOBAL) run time: 2s, clients: 1, corpus: 10, objectives: 0, executions: 20, exec/sec: 8.520, edges: 100.000%
                  (CLIENT) corpus: 10, objectives: 0, executions: 20, exec/sec: 8.520, edges: 524/524 (100%)
[TEST_CASE_COMPLETED]
[Testcase    #1]  (GLOBAL) run time: 2s, clients: 1, corpus: 11, objectives: 0, executions: 20, exec/sec: 8.519, edges: 100.000%
                  (CLIENT) corpus: 11, objectives: 0, executions: 20, exec/sec: 8.519, edges: 524/524 (100%)
Hello from FreeRTOS fuzz demo!
[TEST_CASE_COMPLETED]
Hello from FreeRTOS fuzz demo!
[UserStats   #1]  (GLOBAL) run time: 2s, clients: 1, corpus: 11, objectives: 0, executions: 24, exec/sec: 9.756, edges: 100.000%
                  (CLIENT) corpus: 11, objectives: 0, executions: 24, exec/sec: 9.756, edges: 525/525 (100%)
[Testcase    #1]  (GLOBAL) run time: 2s, clients: 1, corpus: 12, objectives: 0, executions: 24, exec/sec: 9.754, edges: 100.000%
                  (CLIENT) corpus: 12, objectives: 0, executions: 24, exec/sec: 9.754, edges: 525/525 (100%)
[TEST_CASE_COMPLETED]
Hello from FreeRTOS fuzz demo!
[TEST_CASE_COMPLETED]
Hello from FreeRTOS fuzz demo!
[TEST_CASE_COMPLETED]
Hello from FreeRTOS fuzz demo!
[UserStats   #1]  (GLOBAL) run time: 2s, clients: 1, corpus: 12, objectives: 0, executions: 27, exec/sec: 10.13, edges: 100.000%
                  (CLIENT) corpus: 12, objectives: 0, executions: 27, exec/sec: 10.13, edges: 526/526 (100%)
[Testcase    #1]  (GLOBAL) run time: 2s, clients: 1, corpus: 13, objectives: 0, executions: 27, exec/sec: 10.13, edges: 100.000%
                  (CLIENT) corpus: 13, objectives: 0, executions: 27, exec/sec: 10.13, edges: 526/526 (100%)
[TEST_CASE_COMPLETED]
Hello from FreeRTOS fuzz demo!
[TEST_CASE_COMPLETED]
Hello from FreeRTOS fuzz demo!
[TEST_CASE_COMPLETED]
Hello from FreeRTOS fuzz demo!
[UserStats   #1]  (GLOBAL) run time: 3s, clients: 1, corpus: 13, objectives: 0, executions: 30, exec/sec: 10.07, edges: 100.000%
                  (CLIENT) corpus: 13, objectives: 0, executions: 30, exec/sec: 10.07, edges: 526/526 (100%)
[Testcase    #1]  (GLOBAL) run time: 3s, clients: 1, corpus: 14, objectives: 0, executions: 30, exec/sec: 10.07, edges: 100.000%
                  (CLIENT) corpus: 14, objectives: 0, executions: 30, exec/sec: 10.07, edges: 526/526 (100%)
[TEST_CASE_COMPLETED]
Hello from FreeRTOS fuzz demo!
[UserStats   #1]  (GLOBAL) run time: 3s, clients: 1, corpus: 14, objectives: 0, executions: 31, exec/sec: 10.06, edges: 100.000%
                  (CLIENT) corpus: 14, objectives: 0, executions: 31, exec/sec: 10.06, edges: 527/527 (100%)
[Testcase    #1]  (GLOBAL) run time: 3s, clients: 1, corpus: 15, objectives: 0, executions: 31, exec/sec: 10.06, edges: 100.000%
                  (CLIENT) corpus: 15, objectives: 0, executions: 31, exec/sec: 10.06, edges: 527/527 (100%)
[TEST_CASE_COMPLETED]
Hello from FreeRTOS fuzz demo!
[TEST_CASE_COMPLETED]
Hello from FreeRTOS fuzz demo!
[TEST_CASE_COMPLETED]
Hello from FreeRTOS fuzz demo!
[TEST_CASE_COMPLETED]
Hello from FreeRTOS fuzz demo!
[UserStats   #1]  (GLOBAL) run time: 3s, clients: 1, corpus: 15, objectives: 0, executions: 33, exec/sec: 9.711, edges: 100.000%
                  (CLIENT) corpus: 15, objectives: 0, executions: 33, exec/sec: 9.711, edges: 527/527 (100%)
[Testcase    #1]  (GLOBAL) run time: 3s, clients: 1, corpus: 16, objectives: 0, executions: 33, exec/sec: 9.710, edges: 100.000%
                  (CLIENT) corpus: 16, objectives: 0, executions: 33, exec/sec: 9.710, edges: 527/527 (100%)
[TEST_CASE_COMPLETED]
Hello from FreeRTOS fuzz demo!
[TEST_CASE_COMPLETED]
Hello from FreeRTOS fuzz demo!
[TEST_CASE_COMPLETED]
Hello from FreeRTOS fuzz demo!
[TEST_CASE_COMPLETED]
Hello from FreeRTOS fuzz demo!
[TEST_CASE_COMPLETED]
Hello from FreeRTOS fuzz demo!
[TEST_CASE_COMPLETED]
Hello from FreeRTOS fuzz demo!
[UserStats   #1]  (GLOBAL) run time: 4s, clients: 1, corpus: 16, objectives: 0, executions: 39, exec/sec: 9.683, edges: 100.000%
                  (CLIENT) corpus: 16, objectives: 0, executions: 39, exec/sec: 9.683, edges: 528/528 (100%)
[Testcase    #1]  (GLOBAL) run time: 4s, clients: 1, corpus: 17, objectives: 0, executions: 39, exec/sec: 9.683, edges: 100.000%
                  (CLIENT) corpus: 17, objectives: 0, executions: 39, exec/sec: 9.683, edges: 528/528 (100%)
[UserStats   #1]  (GLOBAL) run time: 4s, clients: 1, corpus: 17, objectives: 0, executions: 40, exec/sec: 9.931, edges: 100.000%
                  (CLIENT) corpus: 17, objectives: 0, executions: 40, exec/sec: 9.931, edges: 529/529 (100%)
[Testcase    #1]  (GLOBAL) run time: 4s, clients: 1, corpus: 18, objectives: 0, executions: 40, exec/sec: 9.930, edges: 100.000%
                  (CLIENT) corpus: 18, objectives: 0, executions: 40, exec/sec: 9.930, edges: 529/529 (100%)
[TEST_CASE_COMPLETED]
Hello from FreeRTOS fuzz demo!
[TEST_CASE_COMPLETED]
Hello from FreeRTOS fuzz demo!
[TEST_CASE_COMPLETED]
Hello from FreeRTOS fuzz demo!
[UserStats   #1]  (GLOBAL) run time: 4s, clients: 1, corpus: 18, objectives: 0, executions: 42, exec/sec: 10.16, edges: 100.000%
                  (CLIENT) corpus: 18, objectives: 0, executions: 42, exec/sec: 10.16, edges: 530/530 (100%)
[Testcase    #1]  (GLOBAL) run time: 4s, clients: 1, corpus: 19, objectives: 0, executions: 42, exec/sec: 10.16, edges: 100.000%
                  (CLIENT) corpus: 19, objectives: 0, executions: 42, exec/sec: 10.16, edges: 530/530 (100%)
[TEST_CASE_COMPLETED]
Hello from FreeRTOS fuzz demo!
[TEST_CASE_COMPLETED]
Hello from FreeRTOS fuzz demo!
[TEST_CASE_COMPLETED]
Hello from FreeRTOS fuzz demo!
[TEST_CASE_COMPLETED]
Hello from FreeRTOS fuzz demo!
[UserStats   #1]  (GLOBAL) run time: 4s, clients: 1, corpus: 19, objectives: 0, executions: 48, exec/sec: 10.79, edges: 100.000%
                  (CLIENT) corpus: 19, objectives: 0, executions: 48, exec/sec: 10.79, edges: 531/531 (100%)
[Testcase    #1]  (GLOBAL) run time: 4s, clients: 1, corpus: 20, objectives: 0, executions: 48, exec/sec: 10.79, edges: 100.000%
                  (CLIENT) corpus: 20, objectives: 0, executions: 48, exec/sec: 10.79, edges: 531/531 (100%)
[TEST_CASE_COMPLETED]
Hello from FreeRTOS fuzz demo!
[TEST_CASE_COMPLETED]
Hello from FreeRTOS fuzz demo!
[TEST_CASE_COMPLETED]
Hello from FreeRTOS fuzz demo!
[TEST_CASE_COMPLETED]
Hello from FreeRTOS fuzz demo!
[TEST_CASE_COMPLETED]
Hello from FreeRTOS fuzz demo!
[TEST_CASE_COMPLETED]
Hello from FreeRTOS fuzz demo!
[TEST_CASE_COMPLETED]
Hello from FreeRTOS fuzz demo!
[TEST_CASE_COMPLETED]
Hello from FreeRTOS fuzz demo!
[UserStats   #1]  (GLOBAL) run time: 5s, clients: 1, corpus: 20, objectives: 0, executions: 53, exec/sec: 10.01, edges: 100.000%
                  (CLIENT) corpus: 20, objectives: 0, executions: 53, exec/sec: 10.01, edges: 531/531 (100%)
[Testcase    #1]  (GLOBAL) run time: 5s, clients: 1, corpus: 21, objectives: 0, executions: 53, exec/sec: 10.01, edges: 100.000%
                  (CLIENT) corpus: 21, objectives: 0, executions: 53, exec/sec: 10.01, edges: 531/531 (100%)
[TEST_CASE_COMPLETED]
Hello from FreeRTOS fuzz demo!
[TEST_CASE_COMPLETED]
Hello from FreeRTOS fuzz demo!
[TEST_CASE_COMPLETED]
Hello from FreeRTOS fuzz demo!
[TEST_CASE_COMPLETED]
Hello from FreeRTOS fuzz demo!
[TEST_CASE_COMPLETED]
Hello from FreeRTOS fuzz demo!
[TEST_CASE_COMPLETED]
Hello from FreeRTOS fuzz demo!
[TEST_CASE_COMPLETED]
Hello from FreeRTOS fuzz demo!
[TEST_CASE_COMPLETED]
Hello from FreeRTOS fuzz demo!
[TEST_CASE_COMPLETED]
Hello from FreeRTOS fuzz demo!
[TEST_CASE_COMPLETED]
Hello from FreeRTOS fuzz demo!
[TEST_CASE_COMPLETED]
Hello from FreeRTOS fuzz demo!
[TEST_CASE_COMPLETED]
Hello from FreeRTOS fuzz demo!
[TEST_CASE_COMPLETED]
Hello from FreeRTOS fuzz demo!
[UserStats   #1]  (GLOBAL) run time: 6s, clients: 1, corpus: 21, objectives: 0, executions: 69, exec/sec: 10.53, edges: 100.000%
                  (CLIENT) corpus: 21, objectives: 0, executions: 69, exec/sec: 10.53, edges: 532/532 (100%)
[Testcase    #1]  (GLOBAL) run time: 6s, clients: 1, corpus: 22, objectives: 0, executions: 69, exec/sec: 10.53, edges: 100.000%
                  (CLIENT) corpus: 22, objectives: 0, executions: 69, exec/sec: 10.53, edges: 532/532 (100%)
[TEST_CASE_COMPLETED]
Hello from FreeRTOS fuzz demo!
[TEST_CASE_COMPLETED]
Hello from FreeRTOS fuzz demo!
[TEST_CASE_COMPLETED]
Hello from FreeRTOS fuzz demo!
[TEST_CASE_COMPLETED]
Hello from FreeRTOS fuzz demo!
[TEST_CASE_COMPLETED]
Hello from FreeRTOS fuzz demo!
[TEST_CASE_COMPLETED]
Hello from FreeRTOS fuzz demo!
[TEST_CASE_COMPLETED]
Hello from FreeRTOS fuzz demo!
[TEST_CASE_COMPLETED]
Hello from FreeRTOS fuzz demo!
[TEST_CASE_COMPLETED]
Hello from FreeRTOS fuzz demo!
[TEST_CASE_COMPLETED]
Hello from FreeRTOS fuzz demo!
[TEST_CASE_COMPLETED]
Hello from FreeRTOS fuzz demo!
[TEST_CASE_COMPLETED]
Hello from FreeRTOS fuzz demo!
[UserStats   #1]  (GLOBAL) run time: 7s, clients: 1, corpus: 22, objectives: 0, executions: 81, exec/sec: 10.94, edges: 100.000%
                  (CLIENT) corpus: 22, objectives: 0, executions: 81, exec/sec: 10.94, edges: 533/533 (100%)
[Testcase    #1]  (GLOBAL) run time: 7s, clients: 1, corpus: 23, objectives: 0, executions: 81, exec/sec: 10.94, edges: 100.000%
                  (CLIENT) corpus: 23, objectives: 0, executions: 81, exec/sec: 10.94, edges: 533/533 (100%)
[TEST_CASE_COMPLETED]
Hello from FreeRTOS fuzz demo!
[TEST_CASE_COMPLETED]
Hello from FreeRTOS fuzz demo!
[TEST_CASE_COMPLETED]
Hello from FreeRTOS fuzz demo!
[UserStats   #1]  (GLOBAL) run time: 8s, clients: 1, corpus: 23, objectives: 0, executions: 84, exec/sec: 10.61, edges: 100.000%
                  (CLIENT) corpus: 23, objectives: 0, executions: 84, exec/sec: 10.61, edges: 533/533 (100%)
[Testcase    #1]  (GLOBAL) run time: 8s, clients: 1, corpus: 24, objectives: 0, executions: 84, exec/sec: 10.61, edges: 100.000%
                  (CLIENT) corpus: 24, objectives: 0, executions: 84, exec/sec: 10.61, edges: 533/533 (100%)
[TEST_CASE_COMPLETED]
Hello from FreeRTOS fuzz demo!
[TEST_CASE_COMPLETED]
Hello from FreeRTOS fuzz demo!
[TEST_CASE_COMPLETED]
Hello from FreeRTOS fuzz demo!
[TEST_CASE_COMPLETED]
Hello from FreeRTOS fuzz demo!
[UserStats   #1]  (GLOBAL) run time: 8s, clients: 1, corpus: 24, objectives: 0, executions: 88, exec/sec: 10.56, edges: 100.000%
                  (CLIENT) corpus: 24, objectives: 0, executions: 88, exec/sec: 10.56, edges: 533/533 (100%)
[Testcase    #1]  (GLOBAL) run time: 8s, clients: 1, corpus: 25, objectives: 0, executions: 88, exec/sec: 10.56, edges: 100.000%
                  (CLIENT) corpus: 25, objectives: 0, executions: 88, exec/sec: 10.56, edges: 533/533 (100%)
[TEST_CASE_COMPLETED]
Hello from FreeRTOS fuzz demo!
[TEST_CASE_COMPLETED]
Hello from FreeRTOS fuzz demo!
[TEST_CASE_COMPLETED]
Hello from FreeRTOS fuzz demo!
[TEST_CASE_COMPLETED]
Hello from FreeRTOS fuzz demo!
[TEST_CASE_COMPLETED]
Hello from FreeRTOS fuzz demo!
[UserStats   #1]  (GLOBAL) run time: 9s, clients: 1, corpus: 25, objectives: 0, executions: 93, exec/sec: 10.38, edges: 100.000%
                  (CLIENT) corpus: 25, objectives: 0, executions: 93, exec/sec: 10.38, edges: 534/534 (100%)
[Testcase    #1]  (GLOBAL) run time: 9s, clients: 1, corpus: 26, objectives: 0, executions: 93, exec/sec: 10.37, edges: 100.000%
                  (CLIENT) corpus: 26, objectives: 0, executions: 93, exec/sec: 10.37, edges: 534/534 (100%)
[TEST_CASE_COMPLETED]
Hello from FreeRTOS fuzz demo!
[TEST_CASE_COMPLETED]
Hello from FreeRTOS fuzz demo!
[TEST_CASE_COMPLETED]
Hello from FreeRTOS fuzz demo!
[TEST_CASE_COMPLETED]
Hello from FreeRTOS fuzz demo!
[TEST_CASE_COMPLETED]
Hello from FreeRTOS fuzz demo!
[UserStats   #1]  (GLOBAL) run time: 9s, clients: 1, corpus: 26, objectives: 0, executions: 98, exec/sec: 10.56, edges: 100.000%
                  (CLIENT) corpus: 26, objectives: 0, executions: 98, exec/sec: 10.56, edges: 535/535 (100%)
[Testcase    #1]  (GLOBAL) run time: 9s, clients: 1, corpus: 27, objectives: 0, executions: 98, exec/sec: 10.56, edges: 100.000%
                  (CLIENT) corpus: 27, objectives: 0, executions: 98, exec/sec: 10.56, edges: 535/535 (100%)
[TEST_CASE_COMPLETED]
Hello from FreeRTOS fuzz demo!
[TEST_CASE_COMPLETED]
Hello from FreeRTOS fuzz demo!
[TEST_CASE_COMPLETED]
Hello from FreeRTOS fuzz demo!
[TEST_CASE_COMPLETED]
Hello from FreeRTOS fuzz demo!
[TEST_CASE_COMPLETED]
Hello from FreeRTOS fuzz demo!
[TEST_CASE_COMPLETED]
[UserStats   #1]  (GLOBAL) run time: 10s, clients: 1, corpus: 27, objectives: 0, executions: 104, exec/sec: 9.876, stability: 100.000%, edges: 100.000%
                  (CLIENT) corpus: 27, objectives: 0, executions: 104, exec/sec: 9.876, edges: 535/535 (100%), stability: 535/535 (100%)
Hello from FreeRTOS fuzz demo!
[TEST_CASE_COMPLETED]
Hello from FreeRTOS fuzz demo!
[TEST_CASE_COMPLETED]
Hello from FreeRTOS fuzz demo!
[TEST_CASE_COMPLETED]
Hello from FreeRTOS fuzz demo!
[TEST_CASE_COMPLETED]
Hello from FreeRTOS fuzz demo!
[UserStats   #1]  (GLOBAL) run time: 11s, clients: 1, corpus: 27, objectives: 0, executions: 108, exec/sec: 9.499, stability: 100.000%, edges: 100.000%
                  (CLIENT) corpus: 27, objectives: 0, executions: 108, exec/sec: 9.499, edges: 535/535 (100%), stability: 535/535 (100%)
[Testcase    #1]  (GLOBAL) run time: 11s, clients: 1, corpus: 28, objectives: 0, executions: 108, exec/sec: 9.499, stability: 100.000%, edges: 100.000%
                  (CLIENT) corpus: 28, objectives: 0, executions: 108, exec/sec: 9.499, edges: 535/535 (100%), stability: 535/535 (100%)
[TEST_CASE_COMPLETED]
Hello from FreeRTOS fuzz demo!
[TEST_CASE_COMPLETED]
Hello from FreeRTOS fuzz demo!
[TEST_CASE_COMPLETED]
Hello from FreeRTOS fuzz demo!
[TEST_CASE_COMPLETED]
Hello from FreeRTOS fuzz demo!
[TEST_CASE_COMPLETED]
Hello from FreeRTOS fuzz demo!
[TEST_CASE_COMPLETED]
Hello from FreeRTOS fuzz demo!
[TEST_CASE_COMPLETED]
Hello from FreeRTOS fuzz demo!
[UserStats   #1]  (GLOBAL) run time: 12s, clients: 1, corpus: 28, objectives: 0, executions: 115, exec/sec: 9.663, stability: 100.000%, edges: 100.000%
                  (CLIENT) corpus: 28, objectives: 0, executions: 115, exec/sec: 9.663, edges: 536/536 (100%), stability: 535/535 (100%)
[Testcase    #1]  (GLOBAL) run time: 12s, clients: 1, corpus: 29, objectives: 0, executions: 115, exec/sec: 9.662, stability: 100.000%, edges: 100.000%
                  (CLIENT) corpus: 29, objectives: 0, executions: 115, exec/sec: 9.662, edges: 536/536 (100%), stability: 535/535 (100%)
[TEST_CASE_COMPLETED]
Hello from FreeRTOS fuzz demo!
[TEST_CASE_COMPLETED]
Hello from FreeRTOS fuzz demo!
[TEST_CASE_COMPLETED]
Hello from FreeRTOS fuzz demo!
[TEST_CASE_COMPLETED]
Hello from FreeRTOS fuzz demo!
[TEST_CASE_COMPLETED]
Hello from FreeRTOS fuzz demo!
[TEST_CASE_COMPLETED]
Hello from FreeRTOS fuzz demo!
[TEST_CASE_COMPLETED]
Hello from FreeRTOS fuzz demo!
[TEST_CASE_COMPLETED]
Hello from FreeRTOS fuzz demo!
[TEST_CASE_COMPLETED]
Hello from FreeRTOS fuzz demo!
[TEST_CASE_COMPLETED]
Hello from FreeRTOS fuzz demo!
[TEST_CASE_COMPLETED]
Hello from FreeRTOS fuzz demo!
[TEST_CASE_COMPLETED]
Hello from FreeRTOS fuzz demo!
[TEST_CASE_COMPLETED]
Hello from FreeRTOS fuzz demo!
[TEST_CASE_COMPLETED]
Hello from FreeRTOS fuzz demo!
[TEST_CASE_COMPLETED]
Hello from FreeRTOS fuzz demo!
[TEST_CASE_COMPLETED]
Hello from FreeRTOS fuzz demo!
[TEST_CASE_COMPLETED]
Hello from FreeRTOS fuzz demo!
[TEST_CASE_COMPLETED]
Hello from FreeRTOS fuzz demo!
[TEST_CASE_COMPLETED]
Hello from FreeRTOS fuzz demo!
[TEST_CASE_COMPLETED]
Hello from FreeRTOS fuzz demo!
[TEST_CASE_COMPLETED]
Hello from FreeRTOS fuzz demo!
[TEST_CASE_COMPLETED]
Hello from FreeRTOS fuzz demo!
[TEST_CASE_COMPLETED]
Hello from FreeRTOS fuzz demo!
[TEST_CASE_COMPLETED]
Hello from FreeRTOS fuzz demo!
[TEST_CASE_COMPLETED]
Hello from FreeRTOS fuzz demo!
[TEST_CASE_COMPLETED]
Hello from FreeRTOS fuzz demo!
[TEST_CASE_COMPLETED]
Hello from FreeRTOS fuzz demo!
[TEST_CASE_COMPLETED]
Hello from FreeRTOS fuzz demo!
[TEST_CASE_COMPLETED]
Hello from FreeRTOS fuzz demo!
[TEST_CASE_COMPLETED]
Hello from FreeRTOS fuzz demo!
[TEST_CASE_COMPLETED]
Hello from FreeRTOS fuzz demo!
[TEST_CASE_COMPLETED]
Hello from FreeRTOS fuzz demo!
[TEST_CASE_COMPLETED]
Hello from FreeRTOS fuzz demo!
[TEST_CASE_COMPLETED]
Hello from FreeRTOS fuzz demo!
[TEST_CASE_COMPLETED]
Hello from FreeRTOS fuzz demo!
[TEST_CASE_COMPLETED]
Hello from FreeRTOS fuzz demo!
[TEST_CASE_COMPLETED]
Hello from FreeRTOS fuzz demo!
[TEST_CASE_COMPLETED]
Hello from FreeRTOS fuzz demo!
[TEST_CASE_COMPLETED]
Hello from FreeRTOS fuzz demo!
[TEST_CASE_COMPLETED]
Hello from FreeRTOS fuzz demo!
[TEST_CASE_COMPLETED]
Hello from FreeRTOS fuzz demo!
[TEST_CASE_COMPLETED]
Hello from FreeRTOS fuzz demo!
[TEST_CASE_COMPLETED]
Hello from FreeRTOS fuzz demo!
[TEST_CASE_COMPLETED]
Hello from FreeRTOS fuzz demo!
[TEST_CASE_COMPLETED]
Hello from FreeRTOS fuzz demo!
[TEST_CASE_COMPLETED]
Hello from FreeRTOS fuzz demo!
[TEST_CASE_COMPLETED]
Hello from FreeRTOS fuzz demo!
[TEST_CASE_COMPLETED]
Hello from FreeRTOS fuzz demo!
[TEST_CASE_COMPLETED]
Hello from FreeRTOS fuzz demo!
[TEST_CASE_COMPLETED]
Hello from FreeRTOS fuzz demo!
[TEST_CASE_COMPLETED]
Hello from FreeRTOS fuzz demo!
[Client Heartbeat #1]  (GLOBAL) run time: 18s, clients: 1, corpus: 29, objectives: 0, executions: 166, exec/sec: 9.290, stability: 100.000%, edges: 100.000%
                       (CLIENT) corpus: 29, objectives: 0, executions: 166, exec/sec: 9.290, edges: 536/536 (100%), stability: 535/535 (100%)
[TEST_CASE_COMPLETED]
Hello from FreeRTOS fuzz demo!
[TEST_CASE_COMPLETED]
Hello from FreeRTOS fuzz demo!
[UserStats   #1]  (GLOBAL) run time: 18s, clients: 1, corpus: 29, objectives: 0, executions: 167, exec/sec: 9.238, stability: 100.000%, edges: 100.000%
                  (CLIENT) corpus: 29, objectives: 0, executions: 167, exec/sec: 9.237, edges: 537/537 (100%), stability: 535/535 (100%)
[Testcase    #1]  (GLOBAL) run time: 18s, clients: 1, corpus: 30, objectives: 0, executions: 167, exec/sec: 9.237, stability: 100.000%, edges: 100.000%
                  (CLIENT) corpus: 30, objectives: 0, executions: 167, exec/sec: 9.237, edges: 537/537 (100%), stability: 535/535 (100%)
[TEST_CASE_COMPLETED]
Hello from FreeRTOS fuzz demo!
[TEST_CASE_COMPLETED]
Hello from FreeRTOS fuzz demo!
[UserStats   #1]  (GLOBAL) run time: 18s, clients: 1, corpus: 30, objectives: 0, executions: 170, exec/sec: 9.139, stability: 100.000%, edges: 100.000%
                  (CLIENT) corpus: 30, objectives: 0, executions: 170, exec/sec: 9.139, edges: 537/537 (100%), stability: 535/535 (100%)
[Testcase    #1]  (GLOBAL) run time: 18s, clients: 1, corpus: 31, objectives: 0, executions: 170, exec/sec: 9.139, stability: 100.000%, edges: 100.000%
                  (CLIENT) corpus: 31, objectives: 0, executions: 170, exec/sec: 9.139, edges: 537/537 (100%), stability: 535/535 (100%)
[TEST_CASE_COMPLETED]
Hello from FreeRTOS fuzz demo!
[TEST_CASE_COMPLETED]
Hello from FreeRTOS fuzz demo!
[TEST_CASE_COMPLETED]
Hello from FreeRTOS fuzz demo!
[TEST_CASE_COMPLETED]
Hello from FreeRTOS fuzz demo!
[TEST_CASE_COMPLETED]
Hello from FreeRTOS fuzz demo!
[TEST_CASE_COMPLETED]
Hello from FreeRTOS fuzz demo!
[TEST_CASE_COMPLETED]
Hello from FreeRTOS fuzz demo!
[TEST_CASE_COMPLETED]
Hello from FreeRTOS fuzz demo!
[TEST_CASE_COMPLETED]
Hello from FreeRTOS fuzz demo!
[TEST_CASE_COMPLETED]
Hello from FreeRTOS fuzz demo!
[TEST_CASE_COMPLETED]
Hello from FreeRTOS fuzz demo!
[TEST_CASE_COMPLETED]
Hello from FreeRTOS fuzz demo!
[TEST_CASE_COMPLETED]
Hello from FreeRTOS fuzz demo!
[UserStats   #1]  (GLOBAL) run time: 21s, clients: 1, corpus: 31, objectives: 0, executions: 183, exec/sec: 8.675, stability: 100.000%, edges: 100.000%
                  (CLIENT) corpus: 31, objectives: 0, executions: 183, exec/sec: 8.675, edges: 537/537 (100%), stability: 535/535 (100%)
[Testcase    #1]  (GLOBAL) run time: 21s, clients: 1, corpus: 32, objectives: 0, executions: 183, exec/sec: 8.675, stability: 100.000%, edges: 100.000%
                  (CLIENT) corpus: 32, objectives: 0, executions: 183, exec/sec: 8.675, edges: 537/537 (100%), stability: 535/535 (100%)
[TEST_CASE_COMPLETED]
Hello from FreeRTOS fuzz demo!
[TEST_CASE_COMPLETED]
Hello from FreeRTOS fuzz demo!
[TEST_CASE_COMPLETED]
Hello from FreeRTOS fuzz demo!
[TEST_CASE_COMPLETED]
Hello from FreeRTOS fuzz demo!
[TEST_CASE_COMPLETED]
Hello from FreeRTOS fuzz demo!
[TEST_CASE_COMPLETED]
Hello from FreeRTOS fuzz demo!
[TEST_CASE_COMPLETED]
Hello from FreeRTOS fuzz demo!
[TEST_CASE_COMPLETED]
Hello from FreeRTOS fuzz demo!
[TEST_CASE_COMPLETED]
Hello from FreeRTOS fuzz demo!
[TEST_CASE_COMPLETED]
Hello from FreeRTOS fuzz demo!
[TEST_CASE_COMPLETED]
Hello from FreeRTOS fuzz demo!
[TEST_CASE_COMPLETED]
Hello from FreeRTOS fuzz demo!
[TEST_CASE_COMPLETED]
Hello from FreeRTOS fuzz demo!
[TEST_CASE_COMPLETED]
Hello from FreeRTOS fuzz demo!
[TEST_CASE_COMPLETED]
Hello from FreeRTOS fuzz demo!
[TEST_CASE_COMPLETED]
Hello from FreeRTOS fuzz demo!
[TEST_CASE_COMPLETED]
Hello from FreeRTOS fuzz demo!
[TEST_CASE_COMPLETED]
Hello from FreeRTOS fuzz demo!
[TEST_CASE_COMPLETED]
Hello from FreeRTOS fuzz demo!
[TEST_CASE_COMPLETED]
Hello from FreeRTOS fuzz demo!
[TEST_CASE_COMPLETED]
Hello from FreeRTOS fuzz demo!
[TEST_CASE_COMPLETED]
Hello from FreeRTOS fuzz demo!
[TEST_CASE_COMPLETED]
Hello from FreeRTOS fuzz demo!
[TEST_CASE_COMPLETED]
Hello from FreeRTOS fuzz demo!
[TEST_CASE_COMPLETED]
Hello from FreeRTOS fuzz demo!
[TEST_CASE_COMPLETED]
Hello from FreeRTOS fuzz demo!
[TEST_CASE_COMPLETED]
Hello from FreeRTOS fuzz demo!
[TEST_CASE_COMPLETED]
Hello from FreeRTOS fuzz demo!
[UserStats   #1]  (GLOBAL) run time: 25s, clients: 1, corpus: 32, objectives: 0, executions: 211, exec/sec: 8.455, stability: 100.000%, edges: 100.000%
                  (CLIENT) corpus: 32, objectives: 0, executions: 211, exec/sec: 8.455, edges: 537/537 (100%), stability: 535/535 (100%)
[Testcase    #1]  (GLOBAL) run time: 25s, clients: 1, corpus: 33, objectives: 0, executions: 211, exec/sec: 8.455, stability: 100.000%, edges: 100.000%
                  (CLIENT) corpus: 33, objectives: 0, executions: 211, exec/sec: 8.455, edges: 537/537 (100%), stability: 535/535 (100%)
[TEST_CASE_COMPLETED]
Hello from FreeRTOS fuzz demo!
[TEST_CASE_COMPLETED]
Hello from FreeRTOS fuzz demo!
[TEST_CASE_COMPLETED]
Hello from FreeRTOS fuzz demo!
[TEST_CASE_COMPLETED]
Hello from FreeRTOS fuzz demo!
[TEST_CASE_COMPLETED]
Hello from FreeRTOS fuzz demo!
[TEST_CASE_COMPLETED]
Hello from FreeRTOS fuzz demo!
[TEST_CASE_COMPLETED]
Hello from FreeRTOS fuzz demo!
[TEST_CASE_COMPLETED]
Hello from FreeRTOS fuzz demo!
[TEST_CASE_COMPLETED]
Hello from FreeRTOS fuzz demo!
[TEST_CASE_COMPLETED]
Hello from FreeRTOS fuzz demo!
[TEST_CASE_COMPLETED]
Hello from FreeRTOS fuzz demo!
[UserStats   #1]  (GLOBAL) run time: 26s, clients: 1, corpus: 33, objectives: 0, executions: 222, exec/sec: 8.435, stability: 100.000%, edges: 100.000%
                  (CLIENT) corpus: 33, objectives: 0, executions: 222, exec/sec: 8.435, edges: 537/537 (100%), stability: 535/535 (100%)
[Testcase    #1]  (GLOBAL) run time: 26s, clients: 1, corpus: 34, objectives: 0, executions: 222, exec/sec: 8.435, stability: 100.000%, edges: 100.000%
                  (CLIENT) corpus: 34, objectives: 0, executions: 222, exec/sec: 8.435, edges: 537/537 (100%), stability: 535/535 (100%)
[TEST_CASE_COMPLETED]
Hello from FreeRTOS fuzz demo!
[TEST_CASE_COMPLETED]
Hello from FreeRTOS fuzz demo!
[TEST_CASE_COMPLETED]
Hello from FreeRTOS fuzz demo!
[TEST_CASE_COMPLETED]
Hello from FreeRTOS fuzz demo!
[TEST_CASE_COMPLETED]
Hello from FreeRTOS fuzz demo!
[TEST_CASE_COMPLETED]
Hello from FreeRTOS fuzz demo!
[TEST_CASE_COMPLETED]
Hello from FreeRTOS fuzz demo!
[TEST_CASE_COMPLETED]
Hello from FreeRTOS fuzz demo!
[TEST_CASE_COMPLETED]
Hello from FreeRTOS fuzz demo!
[TEST_CASE_COMPLETED]
Hello from FreeRTOS fuzz demo!
[TEST_CASE_COMPLETED]
Hello from FreeRTOS fuzz demo!
[TEST_CASE_COMPLETED]
Hello from FreeRTOS fuzz demo!
[TEST_CASE_COMPLETED]
Hello from FreeRTOS fuzz demo!
[TEST_CASE_COMPLETED]
Hello from FreeRTOS fuzz demo!
[TEST_CASE_COMPLETED]
Hello from FreeRTOS fuzz demo!
[TEST_CASE_COMPLETED]
Hello from FreeRTOS fuzz demo!
[TEST_CASE_COMPLETED]
Hello from FreeRTOS fuzz demo!
[TEST_CASE_COMPLETED]
Hello from FreeRTOS fuzz demo!
[TEST_CASE_COMPLETED]
Hello from FreeRTOS fuzz demo!
[TEST_CASE_COMPLETED]
Hello from FreeRTOS fuzz demo!
[TEST_CASE_COMPLETED]
Hello from FreeRTOS fuzz demo!
[TEST_CASE_COMPLETED]
Hello from FreeRTOS fuzz demo!
[TEST_CASE_COMPLETED]
Hello from FreeRTOS fuzz demo!
[TEST_CASE_COMPLETED]
Hello from FreeRTOS fuzz demo!
[TEST_CASE_COMPLETED]
Hello from FreeRTOS fuzz demo!
[TEST_CASE_COMPLETED]
Hello from FreeRTOS fuzz demo!
[TEST_CASE_COMPLETED]
Hello from FreeRTOS fuzz demo!
[TEST_CASE_COMPLETED]
Hello from FreeRTOS fuzz demo!
[TEST_CASE_COMPLETED]
Hello from FreeRTOS fuzz demo!
[TEST_CASE_COMPLETED]
Hello from FreeRTOS fuzz demo!
[TEST_CASE_COMPLETED]
Hello from FreeRTOS fuzz demo!
[TEST_CASE_COMPLETED]
Hello from FreeRTOS fuzz demo!
[TEST_CASE_COMPLETED]
Hello from FreeRTOS fuzz demo!
[TEST_CASE_COMPLETED]
Hello from FreeRTOS fuzz demo!
[TEST_CASE_COMPLETED]
Hello from FreeRTOS fuzz demo!
[TEST_CASE_COMPLETED]
Hello from FreeRTOS fuzz demo!
[TEST_CASE_COMPLETED]
Hello from FreeRTOS fuzz demo!
[TEST_CASE_COMPLETED]
Hello from FreeRTOS fuzz demo!
[TEST_CASE_COMPLETED]
Hello from FreeRTOS fuzz demo!
[TEST_CASE_COMPLETED]
Hello from FreeRTOS fuzz demo!
[TEST_CASE_COMPLETED]
Hello from FreeRTOS fuzz demo!
[TEST_CASE_COMPLETED]
Hello from FreeRTOS fuzz demo!
[TEST_CASE_COMPLETED]
Hello from FreeRTOS fuzz demo!
[TEST_CASE_COMPLETED]
Hello from FreeRTOS fuzz demo!
[TEST_CASE_COMPLETED]
Hello from FreeRTOS fuzz demo!
[TEST_CASE_COMPLETED]
Hello from FreeRTOS fuzz demo!
[TEST_CASE_COMPLETED]
Hello from FreeRTOS fuzz demo!
[TEST_CASE_COMPLETED]
Hello from FreeRTOS fuzz demo!
[TEST_CASE_COMPLETED]
Hello from FreeRTOS fuzz demo!
[TEST_CASE_COMPLETED]
Hello from FreeRTOS fuzz demo!
[TEST_CASE_COMPLETED]
Hello from FreeRTOS fuzz demo!
[TEST_CASE_COMPLETED]
Hello from FreeRTOS fuzz demo!
[TEST_CASE_COMPLETED]
Hello from FreeRTOS fuzz demo!
[TEST_CASE_COMPLETED]
Hello from FreeRTOS fuzz demo!
[TEST_CASE_COMPLETED]
Hello from FreeRTOS fuzz demo!
[TEST_CASE_COMPLETED]
Hello from FreeRTOS fuzz demo!
[TEST_CASE_COMPLETED]
Hello from FreeRTOS fuzz demo!
[TEST_CASE_COMPLETED]
Hello from FreeRTOS fuzz demo!
[TEST_CASE_COMPLETED]
Hello from FreeRTOS fuzz demo!
[TEST_CASE_COMPLETED]
Hello from FreeRTOS fuzz demo!
[TEST_CASE_COMPLETED]
Hello from FreeRTOS fuzz demo!
[TEST_CASE_COMPLETED]
Hello from FreeRTOS fuzz demo!
[TEST_CASE_COMPLETED]
Hello from FreeRTOS fuzz demo!
[TEST_CASE_COMPLETED]
Hello from FreeRTOS fuzz demo!
[TEST_CASE_COMPLETED]
Hello from FreeRTOS fuzz demo!
[TEST_CASE_COMPLETED]
Hello from FreeRTOS fuzz demo!
[TEST_CASE_COMPLETED]
Hello from FreeRTOS fuzz demo!
[TEST_CASE_COMPLETED]
Hello from FreeRTOS fuzz demo!
[TEST_CASE_COMPLETED]
Hello from FreeRTOS fuzz demo!
[TEST_CASE_COMPLETED]
Hello from FreeRTOS fuzz demo!
[TEST_CASE_COMPLETED]
Hello from FreeRTOS fuzz demo!
[TEST_CASE_COMPLETED]
Hello from FreeRTOS fuzz demo!
[TEST_CASE_COMPLETED]
Hello from FreeRTOS fuzz demo!
[UserStats   #1]  (GLOBAL) run time: 36s, clients: 1, corpus: 34, objectives: 0, executions: 294, exec/sec: 8.159, stability: 100.000%, edges: 100.000%
                  (CLIENT) corpus: 34, objectives: 0, executions: 294, exec/sec: 8.159, edges: 537/537 (100%), stability: 535/535 (100%)
[Testcase    #1]  (GLOBAL) run time: 36s, clients: 1, corpus: 35, objectives: 0, executions: 294, exec/sec: 8.159, stability: 100.000%, edges: 100.000%
                  (CLIENT) corpus: 35, objectives: 0, executions: 294, exec/sec: 8.159, edges: 537/537 (100%), stability: 535/535 (100%)
[TEST_CASE_COMPLETED]
Hello from FreeRTOS fuzz demo!
[TEST_CASE_COMPLETED]
Hello from FreeRTOS fuzz demo!
[TEST_CASE_COMPLETED]
Hello from FreeRTOS fuzz demo!
[TEST_CASE_COMPLETED]
Hello from FreeRTOS fuzz demo!
[TEST_CASE_COMPLETED]
Hello from FreeRTOS fuzz demo!
[TEST_CASE_COMPLETED]
Hello from FreeRTOS fuzz demo!
[TEST_CASE_COMPLETED]
Hello from FreeRTOS fuzz demo!
[UserStats   #1]  (GLOBAL) run time: 37s, clients: 1, corpus: 35, objectives: 0, executions: 302, exec/sec: 8.099, stability: 100.000%, edges: 100.000%
                  (CLIENT) corpus: 35, objectives: 0, executions: 302, exec/sec: 8.099, edges: 537/537 (100%), stability: 535/535 (100%)
[Testcase    #1]  (GLOBAL) run time: 37s, clients: 1, corpus: 36, objectives: 0, executions: 302, exec/sec: 8.099, stability: 100.000%, edges: 100.000%
                  (CLIENT) corpus: 36, objectives: 0, executions: 302, exec/sec: 8.099, edges: 537/537 (100%), stability: 535/535 (100%)
[TEST_CASE_COMPLETED]
Hello from FreeRTOS fuzz demo!
[TEST_CASE_COMPLETED]
Hello from FreeRTOS fuzz demo!
[TEST_CASE_COMPLETED]
Hello from FreeRTOS fuzz demo!
[TEST_CASE_COMPLETED]
Hello from FreeRTOS fuzz demo!
[TEST_CASE_COMPLETED]
Hello from FreeRTOS fuzz demo!
[TEST_CASE_COMPLETED]
Hello from FreeRTOS fuzz demo!
[TEST_CASE_COMPLETED]
Hello from FreeRTOS fuzz demo!
[TEST_CASE_COMPLETED]
Hello from FreeRTOS fuzz demo!
[TEST_CASE_COMPLETED]
Hello from FreeRTOS fuzz demo!
[TEST_CASE_COMPLETED]
Hello from FreeRTOS fuzz demo!
[TEST_CASE_COMPLETED]
Hello from FreeRTOS fuzz demo!
[TEST_CASE_COMPLETED]
Hello from FreeRTOS fuzz demo!
[TEST_CASE_COMPLETED]
Hello from FreeRTOS fuzz demo!
[TEST_CASE_COMPLETED]
Hello from FreeRTOS fuzz demo!
[TEST_CASE_COMPLETED]
Hello from FreeRTOS fuzz demo!
[TEST_CASE_COMPLETED]
Hello from FreeRTOS fuzz demo!
[TEST_CASE_COMPLETED]
Hello from FreeRTOS fuzz demo!
[TEST_CASE_COMPLETED]
Hello from FreeRTOS fuzz demo!
[TEST_CASE_COMPLETED]
Hello from FreeRTOS fuzz demo!
[TEST_CASE_COMPLETED]
Hello from FreeRTOS fuzz demo!
[TEST_CASE_COMPLETED]
Hello from FreeRTOS fuzz demo!
[TEST_CASE_COMPLETED]
Hello from FreeRTOS fuzz demo!
[TEST_CASE_COMPLETED]
Hello from FreeRTOS fuzz demo!
[TEST_CASE_COMPLETED]
Hello from FreeRTOS fuzz demo!
[TEST_CASE_COMPLETED]
Hello from FreeRTOS fuzz demo!
[UserStats   #1]  (GLOBAL) run time: 41s, clients: 1, corpus: 36, objectives: 0, executions: 326, exec/sec: 7.943, stability: 100.000%, edges: 100.000%
                  (CLIENT) corpus: 36, objectives: 0, executions: 326, exec/sec: 7.943, edges: 538/538 (100%), stability: 535/535 (100%)
[Testcase    #1]  (GLOBAL) run time: 41s, clients: 1, corpus: 37, objectives: 0, executions: 326, exec/sec: 7.943, stability: 100.000%, edges: 100.000%
                  (CLIENT) corpus: 37, objectives: 0, executions: 326, exec/sec: 7.943, edges: 538/538 (100%), stability: 535/535 (100%)
[TEST_CASE_COMPLETED]
Hello from FreeRTOS fuzz demo!
[TEST_CASE_COMPLETED]
Hello from FreeRTOS fuzz demo!
[TEST_CASE_COMPLETED]
Hello from FreeRTOS fuzz demo!
[TEST_CASE_COMPLETED]
Hello from FreeRTOS fuzz demo!
[TEST_CASE_COMPLETED]
Hello from FreeRTOS fuzz demo!
[TEST_CASE_COMPLETED]
Hello from FreeRTOS fuzz demo!
[TEST_CASE_COMPLETED]
Hello from FreeRTOS fuzz demo!
[TEST_CASE_COMPLETED]
Hello from FreeRTOS fuzz demo!
[TEST_CASE_COMPLETED]
Hello from FreeRTOS fuzz demo!
[TEST_CASE_COMPLETED]
Hello from FreeRTOS fuzz demo!
[TEST_CASE_COMPLETED]
Hello from FreeRTOS fuzz demo!
[TEST_CASE_COMPLETED]
Hello from FreeRTOS fuzz demo!
[TEST_CASE_COMPLETED]
Hello from FreeRTOS fuzz demo!
[TEST_CASE_COMPLETED]
Hello from FreeRTOS fuzz demo!
[TEST_CASE_COMPLETED]
Hello from FreeRTOS fuzz demo!
[TEST_CASE_COMPLETED]
Hello from FreeRTOS fuzz demo!
[TEST_CASE_COMPLETED]
Hello from FreeRTOS fuzz demo!
[Client Heartbeat #1]  (GLOBAL) run time: 43s, clients: 1, corpus: 37, objectives: 0, executions: 344, exec/sec: 7.995, stability: 100.000%, edges: 100.000%
                       (CLIENT) corpus: 37, objectives: 0, executions: 344, exec/sec: 7.995, edges: 538/538 (100%), stability: 535/535 (100%)
[TEST_CASE_COMPLETED]
Hello from FreeRTOS fuzz demo!
[TEST_CASE_COMPLETED]
Hello from FreeRTOS fuzz demo!
[TEST_CASE_COMPLETED]
Hello from FreeRTOS fuzz demo!
[TEST_CASE_COMPLETED]
Hello from FreeRTOS fuzz demo!
[TEST_CASE_COMPLETED]
Hello from FreeRTOS fuzz demo!
[TEST_CASE_COMPLETED]
Hello from FreeRTOS fuzz demo!
[TEST_CASE_COMPLETED]
Hello from FreeRTOS fuzz demo!
[TEST_CASE_COMPLETED]
Hello from FreeRTOS fuzz demo!
[TEST_CASE_COMPLETED]
Hello from FreeRTOS fuzz demo!
[TEST_CASE_COMPLETED]
[UserStats   #1]  (GLOBAL) run time: 45s, clients: 1, corpus: 37, objectives: 0, executions: 354, exec/sec: 7.903, stability: 100.000%, edges: 100.000%
                  (CLIENT) corpus: 37, objectives: 0, executions: 354, exec/sec: 7.903, edges: 538/538 (100%), stability: 535/535 (100%)
Hello from FreeRTOS fuzz demo!
[Testcase    #1]  (GLOBAL) run time: 45s, clients: 1, corpus: 38, objectives: 0, executions: 354, exec/sec: 7.903, stability: 100.000%, edges: 100.000%
                  (CLIENT) corpus: 38, objectives: 0, executions: 354, exec/sec: 7.903, edges: 538/538 (100%), stability: 535/535 (100%)
[TEST_CASE_COMPLETED]
Hello from FreeRTOS fuzz demo!
[TEST_CASE_COMPLETED]
Hello from FreeRTOS fuzz demo!
[TEST_CASE_COMPLETED]
Hello from FreeRTOS fuzz demo!
[TEST_CASE_COMPLETED]
Hello from FreeRTOS fuzz demo!
[TEST_CASE_COMPLETED]
Hello from FreeRTOS fuzz demo!
[TEST_CASE_COMPLETED]
Hello from FreeRTOS fuzz demo!
[TEST_CASE_COMPLETED]
Hello from FreeRTOS fuzz demo!
[TEST_CASE_COMPLETED]
Hello from FreeRTOS fuzz demo!
[TEST_CASE_COMPLETED]
Hello from FreeRTOS fuzz demo!
[TEST_CASE_COMPLETED]
Hello from FreeRTOS fuzz demo!
[TEST_CASE_COMPLETED]
Hello from FreeRTOS fuzz demo!
[TEST_CASE_COMPLETED]
Hello from FreeRTOS fuzz demo!
[TEST_CASE_COMPLETED]
Hello from FreeRTOS fuzz demo!
[TEST_CASE_COMPLETED]
Hello from FreeRTOS fuzz demo!
[TEST_CASE_COMPLETED]
Hello from FreeRTOS fuzz demo!
[TEST_CASE_COMPLETED]
Hello from FreeRTOS fuzz demo!
[TEST_CASE_COMPLETED]
Hello from FreeRTOS fuzz demo!
[TEST_CASE_COMPLETED]
Hello from FreeRTOS fuzz demo!
[TEST_CASE_COMPLETED]
Hello from FreeRTOS fuzz demo!
[TEST_CASE_COMPLETED]
Hello from FreeRTOS fuzz demo!
[TEST_CASE_COMPLETED]
Hello from FreeRTOS fuzz demo!
[TEST_CASE_COMPLETED]
Hello from FreeRTOS fuzz demo!
[TEST_CASE_COMPLETED]
Hello from FreeRTOS fuzz demo!
[TEST_CASE_COMPLETED]
Hello from FreeRTOS fuzz demo!
[TEST_CASE_COMPLETED]
Hello from FreeRTOS fuzz demo!
[TEST_CASE_COMPLETED]
Hello from FreeRTOS fuzz demo!
[TEST_CASE_COMPLETED]
Hello from FreeRTOS fuzz demo!
[TEST_CASE_COMPLETED]
Hello from FreeRTOS fuzz demo!
[TEST_CASE_COMPLETED]
Hello from FreeRTOS fuzz demo!
[TEST_CASE_COMPLETED]
Hello from FreeRTOS fuzz demo!
[TEST_CASE_COMPLETED]
Hello from FreeRTOS fuzz demo!
[TEST_CASE_COMPLETED]
Hello from FreeRTOS fuzz demo!
[TEST_CASE_COMPLETED]
Hello from FreeRTOS fuzz demo!
[TEST_CASE_COMPLETED]
Hello from FreeRTOS fuzz demo!
[TEST_CASE_COMPLETED]
Hello from FreeRTOS fuzz demo!
[TEST_CASE_COMPLETED]
Hello from FreeRTOS fuzz demo!
[TEST_CASE_COMPLETED]
Hello from FreeRTOS fuzz demo!
[UserStats   #1]  (GLOBAL) run time: 47s, clients: 1, corpus: 38, objectives: 0, executions: 391, exec/sec: 8.246, stability: 100.000%, edges: 100.000%
                  (CLIENT) corpus: 38, objectives: 0, executions: 391, exec/sec: 8.246, edges: 539/539 (100%), stability: 535/535 (100%)
[Testcase    #1]  (GLOBAL) run time: 47s, clients: 1, corpus: 39, objectives: 0, executions: 391, exec/sec: 8.246, stability: 100.000%, edges: 100.000%
                  (CLIENT) corpus: 39, objectives: 0, executions: 391, exec/sec: 8.246, edges: 539/539 (100%), stability: 535/535 (100%)
[TEST_CASE_COMPLETED]
Hello from FreeRTOS fuzz demo!
[TEST_CASE_COMPLETED]
Hello from FreeRTOS fuzz demo!
[TEST_CASE_COMPLETED]
Hello from FreeRTOS fuzz demo!
[TEST_CASE_COMPLETED]
Hello from FreeRTOS fuzz demo!
[TEST_CASE_COMPLETED]
Hello from FreeRTOS fuzz demo!
[TEST_CASE_COMPLETED]
Hello from FreeRTOS fuzz demo!
[TEST_CASE_COMPLETED]
Hello from FreeRTOS fuzz demo!
[UserStats   #1]  (GLOBAL) run time: 48s, clients: 1, corpus: 39, objectives: 0, executions: 397, exec/sec: 8.245, stability: 100.000%, edges: 100.000%
                  (CLIENT) corpus: 39, objectives: 0, executions: 397, exec/sec: 8.245, edges: 539/539 (100%), stability: 535/535 (100%)
[Testcase    #1]  (GLOBAL) run time: 48s, clients: 1, corpus: 40, objectives: 0, executions: 397, exec/sec: 8.245, stability: 100.000%, edges: 100.000%
                  (CLIENT) corpus: 40, objectives: 0, executions: 397, exec/sec: 8.245, edges: 539/539 (100%), stability: 535/535 (100%)
[TEST_CASE_COMPLETED]
Hello from FreeRTOS fuzz demo!
[TEST_CASE_COMPLETED]
Hello from FreeRTOS fuzz demo!
[TEST_CASE_COMPLETED]
Hello from FreeRTOS fuzz demo!
[TEST_CASE_COMPLETED]
Hello from FreeRTOS fuzz demo!
[UserStats   #1]  (GLOBAL) run time: 49s, clients: 1, corpus: 40, objectives: 0, executions: 402, exec/sec: 8.241, stability: 100.000%, edges: 100.000%
                  (CLIENT) corpus: 40, objectives: 0, executions: 402, exec/sec: 8.241, edges: 539/539 (100%), stability: 535/535 (100%)
[Testcase    #1]  (GLOBAL) run time: 49s, clients: 1, corpus: 41, objectives: 0, executions: 402, exec/sec: 8.241, stability: 100.000%, edges: 100.000%
                  (CLIENT) corpus: 41, objectives: 0, executions: 402, exec/sec: 8.241, edges: 539/539 (100%), stability: 535/535 (100%)
[TEST_CASE_COMPLETED]
Hello from FreeRTOS fuzz demo!
[TEST_CASE_COMPLETED]
Hello from FreeRTOS fuzz demo!
[TEST_CASE_COMPLETED]
Hello from FreeRTOS fuzz demo!
[TEST_CASE_COMPLETED]
Hello from FreeRTOS fuzz demo!
[TEST_CASE_COMPLETED]
Hello from FreeRTOS fuzz demo!
[TEST_CASE_COMPLETED]
Hello from FreeRTOS fuzz demo!
[TEST_CASE_COMPLETED]
Hello from FreeRTOS fuzz demo!
[UserStats   #1]  (GLOBAL) run time: 49s, clients: 1, corpus: 41, objectives: 0, executions: 408, exec/sec: 8.240, stability: 100.000%, edges: 100.000%
                  (CLIENT) corpus: 41, objectives: 0, executions: 408, exec/sec: 8.240, edges: 540/540 (100%), stability: 535/535 (100%)
[TEST_CASE_COMPLETED]
[Testcase    #1]  (GLOBAL) run time: 49s, clients: 1, corpus: 42, objectives: 0, executions: 408, exec/sec: 8.240, stability: 100.000%, edges: 100.000%
                  (CLIENT) corpus: 42, objectives: 0, executions: 408, exec/sec: 8.240, edges: 540/540 (100%), stability: 535/535 (100%)
Hello from FreeRTOS fuzz demo!
[TEST_CASE_COMPLETED]
Hello from FreeRTOS fuzz demo!
[TEST_CASE_COMPLETED]
Hello from FreeRTOS fuzz demo!
[TEST_CASE_COMPLETED]
Hello from FreeRTOS fuzz demo!
[TEST_CASE_COMPLETED]
Hello from FreeRTOS fuzz demo!
[TEST_CASE_COMPLETED]
Hello from FreeRTOS fuzz demo!
[TEST_CASE_COMPLETED]
Hello from FreeRTOS fuzz demo!
[TEST_CASE_COMPLETED]
Hello from FreeRTOS fuzz demo!
[TEST_CASE_COMPLETED]
Hello from FreeRTOS fuzz demo!
[TEST_CASE_COMPLETED]
Hello from FreeRTOS fuzz demo!
[TEST_CASE_COMPLETED]
Hello from FreeRTOS fuzz demo!
[TEST_CASE_COMPLETED]
Hello from FreeRTOS fuzz demo!
[TEST_CASE_COMPLETED]
Hello from FreeRTOS fuzz demo!
[TEST_CASE_COMPLETED]
Hello from FreeRTOS fuzz demo!
[TEST_CASE_COMPLETED]
Hello from FreeRTOS fuzz demo!
[TEST_CASE_COMPLETED]
Hello from FreeRTOS fuzz demo!
[TEST_CASE_COMPLETED]
Hello from FreeRTOS fuzz demo!
[TEST_CASE_COMPLETED]
Hello from FreeRTOS fuzz demo!
[TEST_CASE_COMPLETED]
Hello from FreeRTOS fuzz demo!
[TEST_CASE_COMPLETED]
Hello from FreeRTOS fuzz demo!
[TEST_CASE_COMPLETED]
Hello from FreeRTOS fuzz demo!
[TEST_CASE_COMPLETED]
Hello from FreeRTOS fuzz demo!
[TEST_CASE_COMPLETED]
Hello from FreeRTOS fuzz demo!
[TEST_CASE_COMPLETED]
Hello from FreeRTOS fuzz demo!
[TEST_CASE_COMPLETED]
Hello from FreeRTOS fuzz demo!
[TEST_CASE_COMPLETED]
Hello from FreeRTOS fuzz demo!
[TEST_CASE_COMPLETED]
Hello from FreeRTOS fuzz demo!
[TEST_CASE_COMPLETED]
Hello from FreeRTOS fuzz demo!
[TEST_CASE_COMPLETED]
Hello from FreeRTOS fuzz demo!
[TEST_CASE_COMPLETED]
Hello from FreeRTOS fuzz demo!
[TEST_CASE_COMPLETED]
Hello from FreeRTOS fuzz demo!
[TEST_CASE_COMPLETED]
Hello from FreeRTOS fuzz demo!
[TEST_CASE_COMPLETED]
Hello from FreeRTOS fuzz demo!
[TEST_CASE_COMPLETED]
Hello from FreeRTOS fuzz demo!
[TEST_CASE_COMPLETED]
Hello from FreeRTOS fuzz demo!
[TEST_CASE_COMPLETED]
Hello from FreeRTOS fuzz demo!
[TEST_CASE_COMPLETED]
Hello from FreeRTOS fuzz demo!
[TEST_CASE_COMPLETED]
Hello from FreeRTOS fuzz demo!
[TEST_CASE_COMPLETED]
Hello from FreeRTOS fuzz demo!
[TEST_CASE_COMPLETED]
Hello from FreeRTOS fuzz demo!
[TEST_CASE_COMPLETED]
Hello from FreeRTOS fuzz demo!
[TEST_CASE_COMPLETED]
Hello from FreeRTOS fuzz demo!
[TEST_CASE_COMPLETED]
Hello from FreeRTOS fuzz demo!
[UserStats   #1]  (GLOBAL) run time: 53s, clients: 1, corpus: 42, objectives: 0, executions: 451, exec/sec: 8.495, stability: 100.000%, edges: 100.000%
                  (CLIENT) corpus: 42, objectives: 0, executions: 451, exec/sec: 8.495, edges: 540/540 (100%), stability: 535/535 (100%)
[Testcase    #1]  (GLOBAL) run time: 53s, clients: 1, corpus: 43, objectives: 0, executions: 451, exec/sec: 8.495, stability: 100.000%, edges: 100.000%
                  (CLIENT) corpus: 43, objectives: 0, executions: 451, exec/sec: 8.495, edges: 540/540 (100%), stability: 535/535 (100%)
[TEST_CASE_COMPLETED]
Hello from FreeRTOS fuzz demo!
[UserStats   #1]  (GLOBAL) run time: 53s, clients: 1, corpus: 43, objectives: 0, executions: 453, exec/sec: 8.499, stability: 100.000%, edges: 100.000%
                  (CLIENT) corpus: 43, objectives: 0, executions: 453, exec/sec: 8.499, edges: 541/541 (100%), stability: 535/535 (100%)
[Testcase    #1]  (GLOBAL) run time: 53s, clients: 1, corpus: 44, objectives: 0, executions: 453, exec/sec: 8.499, stability: 100.000%, edges: 100.000%
                  (CLIENT) corpus: 44, objectives: 0, executions: 453, exec/sec: 8.499, edges: 541/541 (100%), stability: 535/535 (100%)
[TEST_CASE_COMPLETED]
Hello from FreeRTOS fuzz demo!
[TEST_CASE_COMPLETED]
Hello from FreeRTOS fuzz demo!
[TEST_CASE_COMPLETED]
Hello from FreeRTOS fuzz demo!
[TEST_CASE_COMPLETED]
Hello from FreeRTOS fuzz demo!
[TEST_CASE_COMPLETED]
Hello from FreeRTOS fuzz demo!
[TEST_CASE_COMPLETED]
Hello from FreeRTOS fuzz demo!
[TEST_CASE_COMPLETED]
Hello from FreeRTOS fuzz demo!
[TEST_CASE_COMPLETED]
Hello from FreeRTOS fuzz demo!
[TEST_CASE_COMPLETED]
[UserStats   #1]  (GLOBAL) run time: 54s, clients: 1, corpus: 44, objectives: 0, executions: 462, exec/sec: 8.600, stability: 100.000%, edges: 100.000%
                  (CLIENT) corpus: 44, objectives: 0, executions: 462, exec/sec: 8.600, edges: 542/542 (100%), stability: 535/535 (100%)
Hello from FreeRTOS fuzz demo!
[Testcase    #1]  (GLOBAL) run time: 54s, clients: 1, corpus: 45, objectives: 0, executions: 462, exec/sec: 8.600, stability: 100.000%, edges: 100.000%
                  (CLIENT) corpus: 45, objectives: 0, executions: 462, exec/sec: 8.600, edges: 542/542 (100%), stability: 535/535 (100%)
[TEST_CASE_COMPLETED]
Hello from FreeRTOS fuzz demo!
[TEST_CASE_COMPLETED]
Hello from FreeRTOS fuzz demo!
[TEST_CASE_COMPLETED]
Hello from FreeRTOS fuzz demo!
[TEST_CASE_COMPLETED]
Hello from FreeRTOS fuzz demo!
[TEST_CASE_COMPLETED]
Hello from FreeRTOS fuzz demo!
[TEST_CASE_COMPLETED]
Hello from FreeRTOS fuzz demo!
[TEST_CASE_COMPLETED]
Hello from FreeRTOS fuzz demo!
[TEST_CASE_COMPLETED]
Hello from FreeRTOS fuzz demo!
[TEST_CASE_COMPLETED]
Hello from FreeRTOS fuzz demo!
[TEST_CASE_COMPLETED]
Hello from FreeRTOS fuzz demo!
[TEST_CASE_COMPLETED]
Hello from FreeRTOS fuzz demo!
[TEST_CASE_COMPLETED]
Hello from FreeRTOS fuzz demo!
[TEST_CASE_COMPLETED]
Hello from FreeRTOS fuzz demo!
[TEST_CASE_COMPLETED]
Hello from FreeRTOS fuzz demo!
[TEST_CASE_COMPLETED]
Hello from FreeRTOS fuzz demo!
[TEST_CASE_COMPLETED]
Hello from FreeRTOS fuzz demo!
[TEST_CASE_COMPLETED]
Hello from FreeRTOS fuzz demo!
[TEST_CASE_COMPLETED]
Hello from FreeRTOS fuzz demo!
[TEST_CASE_COMPLETED]
Hello from FreeRTOS fuzz demo!
[TEST_CASE_COMPLETED]
Hello from FreeRTOS fuzz demo!
[TEST_CASE_COMPLETED]
Hello from FreeRTOS fuzz demo!
[TEST_CASE_COMPLETED]
Hello from FreeRTOS fuzz demo!
[TEST_CASE_COMPLETED]
Hello from FreeRTOS fuzz demo!
[TEST_CASE_COMPLETED]
Hello from FreeRTOS fuzz demo!
[TEST_CASE_COMPLETED]
Hello from FreeRTOS fuzz demo!
[TEST_CASE_COMPLETED]
Hello from FreeRTOS fuzz demo!
[TEST_CASE_COMPLETED]
Hello from FreeRTOS fuzz demo!
[TEST_CASE_COMPLETED]
Hello from FreeRTOS fuzz demo!
[TEST_CASE_COMPLETED]
Hello from FreeRTOS fuzz demo!
[TEST_CASE_COMPLETED]
Hello from FreeRTOS fuzz demo!
[TEST_CASE_COMPLETED]
Hello from FreeRTOS fuzz demo!
[TEST_CASE_COMPLETED]
Hello from FreeRTOS fuzz demo!
[TEST_CASE_COMPLETED]
Hello from FreeRTOS fuzz demo!
[TEST_CASE_COMPLETED]
[UserStats   #1]  (GLOBAL) run time: 56s, clients: 1, corpus: 45, objectives: 0, executions: 495, exec/sec: 8.770, stability: 100.000%, edges: 100.000%
                  (CLIENT) corpus: 45, objectives: 0, executions: 495, exec/sec: 8.770, edges: 543/543 (100%), stability: 535/535 (100%)
[Testcase    #1]  (GLOBAL) run time: 56s, clients: 1, corpus: 46, objectives: 0, executions: 495, exec/sec: 8.770, stability: 100.000%, edges: 100.000%
                  (CLIENT) corpus: 46, objectives: 0, executions: 495, exec/sec: 8.770, edges: 543/543 (100%), stability: 535/535 (100%)
Hello from FreeRTOS fuzz demo!
[TEST_CASE_COMPLETED]
Hello from FreeRTOS fuzz demo!
[TEST_CASE_COMPLETED]
Hello from FreeRTOS fuzz demo!
[TEST_CASE_COMPLETED]
Hello from FreeRTOS fuzz demo!
[TEST_CASE_COMPLETED]
Hello from FreeRTOS fuzz demo!
[TEST_CASE_COMPLETED]
Hello from FreeRTOS fuzz demo!
[TEST_CASE_COMPLETED]
Hello from FreeRTOS fuzz demo!
[TEST_CASE_COMPLETED]
Hello from FreeRTOS fuzz demo!
[TEST_CASE_COMPLETED]
Hello from FreeRTOS fuzz demo!
[TEST_CASE_COMPLETED]
Hello from FreeRTOS fuzz demo!
[TEST_CASE_COMPLETED]
Hello from FreeRTOS fuzz demo!
[TEST_CASE_COMPLETED]
Hello from FreeRTOS fuzz demo!
[TEST_CASE_COMPLETED]
Hello from FreeRTOS fuzz demo!
[TEST_CASE_COMPLETED]
Hello from FreeRTOS fuzz demo!
[TEST_CASE_COMPLETED]
Hello from FreeRTOS fuzz demo!
[TEST_CASE_COMPLETED]
Hello from FreeRTOS fuzz demo!
[TEST_CASE_COMPLETED]
Hello from FreeRTOS fuzz demo!
[TEST_CASE_COMPLETED]
Hello from FreeRTOS fuzz demo!
[TEST_CASE_COMPLETED]
Hello from FreeRTOS fuzz demo!
[TEST_CASE_COMPLETED]
Hello from FreeRTOS fuzz demo!
[TEST_CASE_COMPLETED]
Hello from FreeRTOS fuzz demo!
[TEST_CASE_COMPLETED]
Hello from FreeRTOS fuzz demo!
[TEST_CASE_COMPLETED]
Hello from FreeRTOS fuzz demo!
[TEST_CASE_COMPLETED]
Hello from FreeRTOS fuzz demo!
[TEST_CASE_COMPLETED]
Hello from FreeRTOS fuzz demo!
[TEST_CASE_COMPLETED]
Hello from FreeRTOS fuzz demo!
[TEST_CASE_COMPLETED]
Hello from FreeRTOS fuzz demo!
[TEST_CASE_COMPLETED]
Hello from FreeRTOS fuzz demo!
[TEST_CASE_COMPLETED]
Hello from FreeRTOS fuzz demo!
[TEST_CASE_COMPLETED]
Hello from FreeRTOS fuzz demo!
[TEST_CASE_COMPLETED]
Hello from FreeRTOS fuzz demo!
[TEST_CASE_COMPLETED]
Hello from FreeRTOS fuzz demo!
[TEST_CASE_COMPLETED]
Hello from FreeRTOS fuzz demo!
[UserStats   #1]  (GLOBAL) run time: 58s, clients: 1, corpus: 46, objectives: 0, executions: 527, exec/sec: 9.064, stability: 100.000%, edges: 100.000%
                  (CLIENT) corpus: 46, objectives: 0, executions: 527, exec/sec: 9.064, edges: 544/544 (100%), stability: 535/535 (100%)
[Testcase    #1]  (GLOBAL) run time: 58s, clients: 1, corpus: 47, objectives: 0, executions: 527, exec/sec: 9.064, stability: 100.000%, edges: 100.000%
                  (CLIENT) corpus: 47, objectives: 0, executions: 527, exec/sec: 9.064, edges: 544/544 (100%), stability: 535/535 (100%)
[TEST_CASE_COMPLETED]
Hello from FreeRTOS fuzz demo!
[TEST_CASE_COMPLETED]
Hello from FreeRTOS fuzz demo!
[TEST_CASE_COMPLETED]
Hello from FreeRTOS fuzz demo!
[TEST_CASE_COMPLETED]
Hello from FreeRTOS fuzz demo!
[TEST_CASE_COMPLETED]
Hello from FreeRTOS fuzz demo!
[TEST_CASE_COMPLETED]
Hello from FreeRTOS fuzz demo!
[TEST_CASE_COMPLETED]
Hello from FreeRTOS fuzz demo!
[TEST_CASE_COMPLETED]
Hello from FreeRTOS fuzz demo!
[TEST_CASE_COMPLETED]
Hello from FreeRTOS fuzz demo!
[TEST_CASE_COMPLETED]
Hello from FreeRTOS fuzz demo!
[TEST_CASE_COMPLETED]
Hello from FreeRTOS fuzz demo!
[Client Heartbeat #1]  (GLOBAL) run time: 58s, clients: 1, corpus: 47, objectives: 0, executions: 539, exec/sec: 9.235, stability: 100.000%, edges: 100.000%
                       (CLIENT) corpus: 47, objectives: 0, executions: 539, exec/sec: 9.235, edges: 544/544 (100%), stability: 535/535 (100%)
[TEST_CASE_COMPLETED]
Hello from FreeRTOS fuzz demo!
[TEST_CASE_COMPLETED]
Hello from FreeRTOS fuzz demo!
[TEST_CASE_COMPLETED]
Hello from FreeRTOS fuzz demo!
[UserStats   #1]  (GLOBAL) run time: 59s, clients: 1, corpus: 47, objectives: 0, executions: 542, exec/sec: 9.173, stability: 100.000%, edges: 100.000%
                  (CLIENT) corpus: 47, objectives: 0, executions: 542, exec/sec: 9.173, edges: 544/544 (100%), stability: 535/535 (100%)
[Testcase    #1]  (GLOBAL) run time: 59s, clients: 1, corpus: 48, objectives: 0, executions: 542, exec/sec: 9.173, stability: 100.000%, edges: 100.000%
                  (CLIENT) corpus: 48, objectives: 0, executions: 542, exec/sec: 9.173, edges: 544/544 (100%), stability: 535/535 (100%)
[TEST_CASE_COMPLETED]
Hello from FreeRTOS fuzz demo!
[TEST_CASE_COMPLETED]
Hello from FreeRTOS fuzz demo!
[TEST_CASE_COMPLETED]
Hello from FreeRTOS fuzz demo!
[TEST_CASE_COMPLETED]
Hello from FreeRTOS fuzz demo!
[TEST_CASE_COMPLETED]
Hello from FreeRTOS fuzz demo!
[TEST_CASE_COMPLETED]
Hello from FreeRTOS fuzz demo!
[TEST_CASE_COMPLETED]
Hello from FreeRTOS fuzz demo!
[TEST_CASE_COMPLETED]
Hello from FreeRTOS fuzz demo!
[TEST_CASE_COMPLETED]
Hello from FreeRTOS fuzz demo!
[TEST_CASE_COMPLETED]
Hello from FreeRTOS fuzz demo!
[TEST_CASE_COMPLETED]
Hello from FreeRTOS fuzz demo!
[TEST_CASE_COMPLETED]
Hello from FreeRTOS fuzz demo!
[TEST_CASE_COMPLETED]
Hello from FreeRTOS fuzz demo!
[TEST_CASE_COMPLETED]
Hello from FreeRTOS fuzz demo!
[TEST_CASE_COMPLETED]
Hello from FreeRTOS fuzz demo!
[TEST_CASE_COMPLETED]
Hello from FreeRTOS fuzz demo!
[TEST_CASE_COMPLETED]
Hello from FreeRTOS fuzz demo!
[TEST_CASE_COMPLETED]
Hello from FreeRTOS fuzz demo!
[TEST_CASE_COMPLETED]
Hello from FreeRTOS fuzz demo!
[TEST_CASE_COMPLETED]
Hello from FreeRTOS fuzz demo!
[TEST_CASE_COMPLETED]
Hello from FreeRTOS fuzz demo!
[TEST_CASE_COMPLETED]
Hello from FreeRTOS fuzz demo!
[TEST_CASE_COMPLETED]
Hello from FreeRTOS fuzz demo!
[TEST_CASE_COMPLETED]
Hello from FreeRTOS fuzz demo!
[TEST_CASE_COMPLETED]
Hello from FreeRTOS fuzz demo!
[TEST_CASE_COMPLETED]
Hello from FreeRTOS fuzz demo!
[TEST_CASE_COMPLETED]
Hello from FreeRTOS fuzz demo!
[UserStats   #1]  (GLOBAL) run time: 1m-2s, clients: 1, corpus: 48, objectives: 0, executions: 569, exec/sec: 9.174, stability: 100.000%, edges: 100.000%
                  (CLIENT) corpus: 48, objectives: 0, executions: 569, exec/sec: 9.174, edges: 545/545 (100%), stability: 535/535 (100%)
[Testcase    #1]  (GLOBAL) run time: 1m-2s, clients: 1, corpus: 49, objectives: 0, executions: 569, exec/sec: 9.174, stability: 100.000%, edges: 100.000%
                  (CLIENT) corpus: 49, objectives: 0, executions: 569, exec/sec: 9.174, edges: 545/545 (100%), stability: 535/535 (100%)
[TEST_CASE_COMPLETED]
Hello from FreeRTOS fuzz demo!
[TEST_CASE_COMPLETED]
Hello from FreeRTOS fuzz demo!
[TEST_CASE_COMPLETED]
Hello from FreeRTOS fuzz demo!
[TEST_CASE_COMPLETED]
Hello from FreeRTOS fuzz demo!
[TEST_CASE_COMPLETED]
Hello from FreeRTOS fuzz demo!
[TEST_CASE_COMPLETED]
Hello from FreeRTOS fuzz demo!
[UserStats   #1]  (GLOBAL) run time: 1m-3s, clients: 1, corpus: 49, objectives: 0, executions: 575, exec/sec: 9.149, stability: 100.000%, edges: 100.000%
                  (CLIENT) corpus: 49, objectives: 0, executions: 575, exec/sec: 9.149, edges: 546/546 (100%), stability: 535/535 (100%)
[Testcase    #1]  (GLOBAL) run time: 1m-3s, clients: 1, corpus: 50, objectives: 0, executions: 575, exec/sec: 9.149, stability: 100.000%, edges: 100.000%
                  (CLIENT) corpus: 50, objectives: 0, executions: 575, exec/sec: 9.149, edges: 546/546 (100%), stability: 535/535 (100%)
[TEST_CASE_COMPLETED]
Hello from FreeRTOS fuzz demo!
[TEST_CASE_COMPLETED]
Hello from FreeRTOS fuzz demo!
[TEST_CASE_COMPLETED]
Hello from FreeRTOS fuzz demo!
[TEST_CASE_COMPLETED]
Hello from FreeRTOS fuzz demo!
[TEST_CASE_COMPLETED]
Hello from FreeRTOS fuzz demo!
[TEST_CASE_COMPLETED]
Hello from FreeRTOS fuzz demo!
[TEST_CASE_COMPLETED]
Hello from FreeRTOS fuzz demo!
[TEST_CASE_COMPLETED]
Hello from FreeRTOS fuzz demo!
[TEST_CASE_COMPLETED]
Hello from FreeRTOS fuzz demo!
[TEST_CASE_COMPLETED]
Hello from FreeRTOS fuzz demo!
[TEST_CASE_COMPLETED]
Hello from FreeRTOS fuzz demo!
[TEST_CASE_COMPLETED]
Hello from FreeRTOS fuzz demo!
[TEST_CASE_COMPLETED]
Hello from FreeRTOS fuzz demo!
[UserStats   #1]  (GLOBAL) run time: 1m-5s, clients: 1, corpus: 50, objectives: 0, executions: 587, exec/sec: 9.068, stability: 100.000%, edges: 100.000%
                  (CLIENT) corpus: 50, objectives: 0, executions: 587, exec/sec: 9.068, edges: 547/547 (100%), stability: 535/535 (100%)
[Testcase    #1]  (GLOBAL) run time: 1m-5s, clients: 1, corpus: 51, objectives: 0, executions: 587, exec/sec: 9.068, stability: 100.000%, edges: 100.000%
                  (CLIENT) corpus: 51, objectives: 0, executions: 587, exec/sec: 9.068, edges: 547/547 (100%), stability: 535/535 (100%)
[UserStats   #1]  (GLOBAL) run time: 1m-5s, clients: 1, corpus: 51, objectives: 0, executions: 588, exec/sec: 9.083, stability: 100.000%, edges: 100.000%
                  (CLIENT) corpus: 51, objectives: 0, executions: 588, exec/sec: 9.083, edges: 548/548 (100%), stability: 535/535 (100%)
[Testcase    #1]  (GLOBAL) run time: 1m-5s, clients: 1, corpus: 52, objectives: 0, executions: 588, exec/sec: 9.083, stability: 100.000%, edges: 100.000%
                  (CLIENT) corpus: 52, objectives: 0, executions: 588, exec/sec: 9.083, edges: 548/548 (100%), stability: 535/535 (100%)
[TEST_CASE_COMPLETED]
Hello from FreeRTOS fuzz demo!
[TEST_CASE_COMPLETED]
Hello from FreeRTOS fuzz demo!
[TEST_CASE_COMPLETED]
Hello from FreeRTOS fuzz demo!
[TEST_CASE_COMPLETED]
Hello from FreeRTOS fuzz demo!
[TEST_CASE_COMPLETED]
Hello from FreeRTOS fuzz demo!
[TEST_CASE_COMPLETED]
Hello from FreeRTOS fuzz demo!
[TEST_CASE_COMPLETED]
Hello from FreeRTOS fuzz demo!
[UserStats   #1]  (GLOBAL) run time: 1m-6s, clients: 1, corpus: 52, objectives: 0, executions: 595, exec/sec: 9.045, stability: 100.000%, edges: 100.000%
                  (CLIENT) corpus: 52, objectives: 0, executions: 595, exec/sec: 9.045, edges: 548/548 (100%), stability: 535/535 (100%)
[Testcase    #1]  (GLOBAL) run time: 1m-6s, clients: 1, corpus: 53, objectives: 0, executions: 595, exec/sec: 9.045, stability: 100.000%, edges: 100.000%
                  (CLIENT) corpus: 53, objectives: 0, executions: 595, exec/sec: 9.045, edges: 548/548 (100%), stability: 535/535 (100%)
[TEST_CASE_COMPLETED]
Hello from FreeRTOS fuzz demo!
[TEST_CASE_COMPLETED]
Hello from FreeRTOS fuzz demo!
[TEST_CASE_COMPLETED]
Hello from FreeRTOS fuzz demo!
[TEST_CASE_COMPLETED]
Hello from FreeRTOS fuzz demo!
[TEST_CASE_COMPLETED]
Hello from FreeRTOS fuzz demo!
[TEST_CASE_COMPLETED]
Hello from FreeRTOS fuzz demo!
[TEST_CASE_COMPLETED]
Hello from FreeRTOS fuzz demo!
[TEST_CASE_COMPLETED]
Hello from FreeRTOS fuzz demo!
[TEST_CASE_COMPLETED]
Hello from FreeRTOS fuzz demo!
[TEST_CASE_COMPLETED]
Hello from FreeRTOS fuzz demo!
[TEST_CASE_COMPLETED]
Hello from FreeRTOS fuzz demo!
[TEST_CASE_COMPLETED]
Hello from FreeRTOS fuzz demo!
[TEST_CASE_COMPLETED]
Hello from FreeRTOS fuzz demo!
[TEST_CASE_COMPLETED]
Hello from FreeRTOS fuzz demo!
[TEST_CASE_COMPLETED]
Hello from FreeRTOS fuzz demo!
[TEST_CASE_COMPLETED]
Hello from FreeRTOS fuzz demo!
[TEST_CASE_COMPLETED]
Hello from FreeRTOS fuzz demo!
[TEST_CASE_COMPLETED]
Hello from FreeRTOS fuzz demo!
[TEST_CASE_COMPLETED]
Hello from FreeRTOS fuzz demo!
[TEST_CASE_COMPLETED]
Hello from FreeRTOS fuzz demo!
[TEST_CASE_COMPLETED]
Hello from FreeRTOS fuzz demo!
[TEST_CASE_COMPLETED]
Hello from FreeRTOS fuzz demo!
[TEST_CASE_COMPLETED]
Hello from FreeRTOS fuzz demo!
[TEST_CASE_COMPLETED]
Hello from FreeRTOS fuzz demo!
[TEST_CASE_COMPLETED]
Hello from FreeRTOS fuzz demo!
[TEST_CASE_COMPLETED]
Hello from FreeRTOS fuzz demo!
[TEST_CASE_COMPLETED]
Hello from FreeRTOS fuzz demo!
[TEST_CASE_COMPLETED]
Hello from FreeRTOS fuzz demo!
[TEST_CASE_COMPLETED]
Hello from FreeRTOS fuzz demo!
[TEST_CASE_COMPLETED]
Hello from FreeRTOS fuzz demo!
[TEST_CASE_COMPLETED]
Hello from FreeRTOS fuzz demo!
[TEST_CASE_COMPLETED]
Hello from FreeRTOS fuzz demo!
[TEST_CASE_COMPLETED]
Hello from FreeRTOS fuzz demo!
[TEST_CASE_COMPLETED]
Hello from FreeRTOS fuzz demo!
[TEST_CASE_COMPLETED]
Hello from FreeRTOS fuzz demo!
[TEST_CASE_COMPLETED]
Hello from FreeRTOS fuzz demo!
[TEST_CASE_COMPLETED]
Hello from FreeRTOS fuzz demo!
[TEST_CASE_COMPLETED]
Hello from FreeRTOS fuzz demo!
[TEST_CASE_COMPLETED]
Hello from FreeRTOS fuzz demo!
[TEST_CASE_COMPLETED]
Hello from FreeRTOS fuzz demo!
[TEST_CASE_COMPLETED]
Hello from FreeRTOS fuzz demo!
[TEST_CASE_COMPLETED]
Hello from FreeRTOS fuzz demo!
[TEST_CASE_COMPLETED]
Hello from FreeRTOS fuzz demo!
[TEST_CASE_COMPLETED]
Hello from FreeRTOS fuzz demo!
[TEST_CASE_COMPLETED]
Hello from FreeRTOS fuzz demo!
[TEST_CASE_COMPLETED]
Hello from FreeRTOS fuzz demo!
[TEST_CASE_COMPLETED]
Hello from FreeRTOS fuzz demo!
[TEST_CASE_COMPLETED]
Hello from FreeRTOS fuzz demo!
[TEST_CASE_COMPLETED]
Hello from FreeRTOS fuzz demo!
[TEST_CASE_COMPLETED]
Hello from FreeRTOS fuzz demo!
[TEST_CASE_COMPLETED]
Hello from FreeRTOS fuzz demo!
[TEST_CASE_COMPLETED]
Hello from FreeRTOS fuzz demo!
[TEST_CASE_COMPLETED]
Hello from FreeRTOS fuzz demo!
[TEST_CASE_COMPLETED]
Hello from FreeRTOS fuzz demo!
[TEST_CASE_COMPLETED]
Hello from FreeRTOS fuzz demo!
[TEST_CASE_COMPLETED]
Hello from FreeRTOS fuzz demo!
[TEST_CASE_COMPLETED]
Hello from FreeRTOS fuzz demo!
[TEST_CASE_COMPLETED]
Hello from FreeRTOS fuzz demo!
[TEST_CASE_COMPLETED]
Hello from FreeRTOS fuzz demo!
[TEST_CASE_COMPLETED]
Hello from FreeRTOS fuzz demo!
[TEST_CASE_COMPLETED]
Hello from FreeRTOS fuzz demo!
[TEST_CASE_COMPLETED]
Hello from FreeRTOS fuzz demo!
[TEST_CASE_COMPLETED]
Hello from FreeRTOS fuzz demo!
[TEST_CASE_COMPLETED]
Hello from FreeRTOS fuzz demo!
[TEST_CASE_COMPLETED]
Hello from FreeRTOS fuzz demo!
[TEST_CASE_COMPLETED]
Hello from FreeRTOS fuzz demo!
[TEST_CASE_COMPLETED]
Hello from FreeRTOS fuzz demo!
[TEST_CASE_COMPLETED]
Hello from FreeRTOS fuzz demo!
[TEST_CASE_COMPLETED]
Hello from FreeRTOS fuzz demo!
[TEST_CASE_COMPLETED]
Hello from FreeRTOS fuzz demo!
[TEST_CASE_COMPLETED]
Hello from FreeRTOS fuzz demo!
[TEST_CASE_COMPLETED]
Hello from FreeRTOS fuzz demo!
[TEST_CASE_COMPLETED]
Hello from FreeRTOS fuzz demo!
[TEST_CASE_COMPLETED]
Hello from FreeRTOS fuzz demo!
[TEST_CASE_COMPLETED]
Hello from FreeRTOS fuzz demo!
[TEST_CASE_COMPLETED]
Hello from FreeRTOS fuzz demo!
[TEST_CASE_COMPLETED]
Hello from FreeRTOS fuzz demo!
[UserStats   #1]  (GLOBAL) run time: 1m-16s, clients: 1, corpus: 53, objectives: 0, executions: 672, exec/sec: 8.865, stability: 100.000%, edges: 100.000%
                  (CLIENT) corpus: 53, objectives: 0, executions: 672, exec/sec: 8.865, edges: 548/548 (100%), stability: 535/535 (100%)
[Testcase    #1]  (GLOBAL) run time: 1m-16s, clients: 1, corpus: 54, objectives: 0, executions: 672, exec/sec: 8.865, stability: 100.000%, edges: 100.000%
                  (CLIENT) corpus: 54, objectives: 0, executions: 672, exec/sec: 8.865, edges: 548/548 (100%), stability: 535/535 (100%)
[TEST_CASE_COMPLETED]
Hello from FreeRTOS fuzz demo!
[TEST_CASE_COMPLETED]
Hello from FreeRTOS fuzz demo!
[TEST_CASE_COMPLETED]
Hello from FreeRTOS fuzz demo!
[TEST_CASE_COMPLETED]
Hello from FreeRTOS fuzz demo!
[TEST_CASE_COMPLETED]
Hello from FreeRTOS fuzz demo!
[TEST_CASE_COMPLETED]
Hello from FreeRTOS fuzz demo!
[TEST_CASE_COMPLETED]
Hello from FreeRTOS fuzz demo!
[TEST_CASE_COMPLETED]
Hello from FreeRTOS fuzz demo!
[TEST_CASE_COMPLETED]
Hello from FreeRTOS fuzz demo!
[TEST_CASE_COMPLETED]
Hello from FreeRTOS fuzz demo!
[TEST_CASE_COMPLETED]
Hello from FreeRTOS fuzz demo!
[UserStats   #1]  (GLOBAL) run time: 1m-17s, clients: 1, corpus: 54, objectives: 0, executions: 683, exec/sec: 8.875, stability: 100.000%, edges: 100.000%
                  (CLIENT) corpus: 54, objectives: 0, executions: 683, exec/sec: 8.875, edges: 548/548 (100%), stability: 535/535 (100%)
[Testcase    #1]  (GLOBAL) run time: 1m-17s, clients: 1, corpus: 55, objectives: 0, executions: 683, exec/sec: 8.875, stability: 100.000%, edges: 100.000%
                  (CLIENT) corpus: 55, objectives: 0, executions: 683, exec/sec: 8.875, edges: 548/548 (100%), stability: 535/535 (100%)
[TEST_CASE_COMPLETED]
Hello from FreeRTOS fuzz demo!
[TEST_CASE_COMPLETED]
Hello from FreeRTOS fuzz demo!
[TEST_CASE_COMPLETED]
Hello from FreeRTOS fuzz demo!
[TEST_CASE_COMPLETED]
Hello from FreeRTOS fuzz demo!
[TEST_CASE_COMPLETED]
Hello from FreeRTOS fuzz demo!
[TEST_CASE_COMPLETED]
Hello from FreeRTOS fuzz demo!
[TEST_CASE_COMPLETED]
Hello from FreeRTOS fuzz demo!
[TEST_CASE_COMPLETED]
Hello from FreeRTOS fuzz demo!
[TEST_CASE_COMPLETED]
Hello from FreeRTOS fuzz demo!
[TEST_CASE_COMPLETED]
Hello from FreeRTOS fuzz demo!
[TEST_CASE_COMPLETED]
Hello from FreeRTOS fuzz demo!
[TEST_CASE_COMPLETED]
Hello from FreeRTOS fuzz demo!
[TEST_CASE_COMPLETED]
Hello from FreeRTOS fuzz demo!
[TEST_CASE_COMPLETED]
Hello from FreeRTOS fuzz demo!
[UserStats   #1]  (GLOBAL) run time: 1m-19s, clients: 1, corpus: 55, objectives: 0, executions: 697, exec/sec: 8.819, stability: 100.000%, edges: 100.000%
                  (CLIENT) corpus: 55, objectives: 0, executions: 697, exec/sec: 8.819, edges: 548/548 (100%), stability: 535/535 (100%)
[Testcase    #1]  (GLOBAL) run time: 1m-19s, clients: 1, corpus: 56, objectives: 0, executions: 697, exec/sec: 8.819, stability: 100.000%, edges: 100.000%
                  (CLIENT) corpus: 56, objectives: 0, executions: 697, exec/sec: 8.819, edges: 548/548 (100%), stability: 535/535 (100%)
[TEST_CASE_COMPLETED]
Hello from FreeRTOS fuzz demo!
[TEST_CASE_COMPLETED]
Hello from FreeRTOS fuzz demo!
[TEST_CASE_COMPLETED]
Hello from FreeRTOS fuzz demo!
[TEST_CASE_COMPLETED]
Hello from FreeRTOS fuzz demo!
[TEST_CASE_COMPLETED]
Hello from FreeRTOS fuzz demo!
[TEST_CASE_COMPLETED]
Hello from FreeRTOS fuzz demo!
[TEST_CASE_COMPLETED]
Hello from FreeRTOS fuzz demo!
[TEST_CASE_COMPLETED]
Hello from FreeRTOS fuzz demo!
[TEST_CASE_COMPLETED]
Hello from FreeRTOS fuzz demo!
[TEST_CASE_COMPLETED]
Hello from FreeRTOS fuzz demo!
[TEST_CASE_COMPLETED]
Hello from FreeRTOS fuzz demo!
[TEST_CASE_COMPLETED]
Hello from FreeRTOS fuzz demo!
[TEST_CASE_COMPLETED]
Hello from FreeRTOS fuzz demo!
[TEST_CASE_COMPLETED]
Hello from FreeRTOS fuzz demo!
[TEST_CASE_COMPLETED]
Hello from FreeRTOS fuzz demo!
[TEST_CASE_COMPLETED]
Hello from FreeRTOS fuzz demo!
[TEST_CASE_COMPLETED]
Hello from FreeRTOS fuzz demo!
[TEST_CASE_COMPLETED]
Hello from FreeRTOS fuzz demo!
[TEST_CASE_COMPLETED]
Hello from FreeRTOS fuzz demo!
[TEST_CASE_COMPLETED]
Hello from FreeRTOS fuzz demo!
[TEST_CASE_COMPLETED]
Hello from FreeRTOS fuzz demo!
[TEST_CASE_COMPLETED]
Hello from FreeRTOS fuzz demo!
[TEST_CASE_COMPLETED]
Hello from FreeRTOS fuzz demo!
[TEST_CASE_COMPLETED]
Hello from FreeRTOS fuzz demo!
[TEST_CASE_COMPLETED]
Hello from FreeRTOS fuzz demo!
[TEST_CASE_COMPLETED]
Hello from FreeRTOS fuzz demo!
[TEST_CASE_COMPLETED]
Hello from FreeRTOS fuzz demo!
[TEST_CASE_COMPLETED]
Hello from FreeRTOS fuzz demo!
[TEST_CASE_COMPLETED]
Hello from FreeRTOS fuzz demo!
[TEST_CASE_COMPLETED]
Hello from FreeRTOS fuzz demo!
[TEST_CASE_COMPLETED]
Hello from FreeRTOS fuzz demo!
[TEST_CASE_COMPLETED]
Hello from FreeRTOS fuzz demo!
[TEST_CASE_COMPLETED]
Hello from FreeRTOS fuzz demo!
[TEST_CASE_COMPLETED]
Hello from FreeRTOS fuzz demo!
[TEST_CASE_COMPLETED]
Hello from FreeRTOS fuzz demo!
[TEST_CASE_COMPLETED]
Hello from FreeRTOS fuzz demo!
[TEST_CASE_COMPLETED]
Hello from FreeRTOS fuzz demo!
[TEST_CASE_COMPLETED]
Hello from FreeRTOS fuzz demo!
[TEST_CASE_COMPLETED]
Hello from FreeRTOS fuzz demo!
[TEST_CASE_COMPLETED]
Hello from FreeRTOS fuzz demo!
[TEST_CASE_COMPLETED]
Hello from FreeRTOS fuzz demo!
[TEST_CASE_COMPLETED]
Hello from FreeRTOS fuzz demo!
[TEST_CASE_COMPLETED]
Hello from FreeRTOS fuzz demo!
[TEST_CASE_COMPLETED]
Hello from FreeRTOS fuzz demo!
[TEST_CASE_COMPLETED]
Hello from FreeRTOS fuzz demo!
[TEST_CASE_COMPLETED]
Hello from FreeRTOS fuzz demo!
[TEST_CASE_COMPLETED]
Hello from FreeRTOS fuzz demo!
[TEST_CASE_COMPLETED]
Hello from FreeRTOS fuzz demo!
[TEST_CASE_COMPLETED]
Hello from FreeRTOS fuzz demo!
[TEST_CASE_COMPLETED]
Hello from FreeRTOS fuzz demo!
[TEST_CASE_COMPLETED]
Hello from FreeRTOS fuzz demo!
[Client Heartbeat #1]  (GLOBAL) run time: 1m-24s, clients: 1, corpus: 56, objectives: 0, executions: 748, exec/sec: 8.932, stability: 100.000%, edges: 100.000%
                       (CLIENT) corpus: 56, objectives: 0, executions: 748, exec/sec: 8.932, edges: 548/548 (100%), stability: 535/535 (100%)
[TEST_CASE_COMPLETED]
Hello from FreeRTOS fuzz demo!
[TEST_CASE_COMPLETED]
Hello from FreeRTOS fuzz demo!
[UserStats   #1]  (GLOBAL) run time: 1m-24s, clients: 1, corpus: 56, objectives: 0, executions: 749, exec/sec: 8.921, stability: 100.000%, edges: 100.000%
                  (CLIENT) corpus: 56, objectives: 0, executions: 749, exec/sec: 8.921, edges: 549/549 (100%), stability: 535/535 (100%)
[Testcase    #1]  (GLOBAL) run time: 1m-24s, clients: 1, corpus: 57, objectives: 0, executions: 749, exec/sec: 8.921, stability: 100.000%, edges: 100.000%
                  (CLIENT) corpus: 57, objectives: 0, executions: 749, exec/sec: 8.921, edges: 549/549 (100%), stability: 535/535 (100%)
[TEST_CASE_COMPLETED]
Hello from FreeRTOS fuzz demo!
[TEST_CASE_COMPLETED]
Hello from FreeRTOS fuzz demo!
[TEST_CASE_COMPLETED]
Hello from FreeRTOS fuzz demo!
[TEST_CASE_COMPLETED]
Hello from FreeRTOS fuzz demo!
[TEST_CASE_COMPLETED]
Hello from FreeRTOS fuzz demo!
[TEST_CASE_COMPLETED]
Hello from FreeRTOS fuzz demo!
[TEST_CASE_COMPLETED]
Hello from FreeRTOS fuzz demo!
[TEST_CASE_COMPLETED]
Hello from FreeRTOS fuzz demo!
[TEST_CASE_COMPLETED]
Hello from FreeRTOS fuzz demo!
[TEST_CASE_COMPLETED]
Hello from FreeRTOS fuzz demo!
[TEST_CASE_COMPLETED]
Hello from FreeRTOS fuzz demo!
[TEST_CASE_COMPLETED]
Hello from FreeRTOS fuzz demo!
[TEST_CASE_COMPLETED]
Hello from FreeRTOS fuzz demo!
[TEST_CASE_COMPLETED]
Hello from FreeRTOS fuzz demo!
[TEST_CASE_COMPLETED]
Hello from FreeRTOS fuzz demo!
[TEST_CASE_COMPLETED]
Hello from FreeRTOS fuzz demo!
[TEST_CASE_COMPLETED]
Hello from FreeRTOS fuzz demo!
[TEST_CASE_COMPLETED]
Hello from FreeRTOS fuzz demo!
[TEST_CASE_COMPLETED]
Hello from FreeRTOS fuzz demo!
[TEST_CASE_COMPLETED]
Hello from FreeRTOS fuzz demo!
[TEST_CASE_COMPLETED]
Hello from FreeRTOS fuzz demo!
[TEST_CASE_COMPLETED]
Hello from FreeRTOS fuzz demo!
[TEST_CASE_COMPLETED]
Hello from FreeRTOS fuzz demo!
[TEST_CASE_COMPLETED]
Hello from FreeRTOS fuzz demo!
[TEST_CASE_COMPLETED]
Hello from FreeRTOS fuzz demo!
[TEST_CASE_COMPLETED]
Hello from FreeRTOS fuzz demo!
[TEST_CASE_COMPLETED]
Hello from FreeRTOS fuzz demo!
[TEST_CASE_COMPLETED]
Hello from FreeRTOS fuzz demo!
[TEST_CASE_COMPLETED]
Hello from FreeRTOS fuzz demo!
[TEST_CASE_COMPLETED]
Hello from FreeRTOS fuzz demo!
[TEST_CASE_COMPLETED]
Hello from FreeRTOS fuzz demo!
[TEST_CASE_COMPLETED]
Hello from FreeRTOS fuzz demo!
[TEST_CASE_COMPLETED]
Hello from FreeRTOS fuzz demo!
[TEST_CASE_COMPLETED]
Hello from FreeRTOS fuzz demo!
[TEST_CASE_COMPLETED]
Hello from FreeRTOS fuzz demo!
[TEST_CASE_COMPLETED]
Hello from FreeRTOS fuzz demo!
[TEST_CASE_COMPLETED]
Hello from FreeRTOS fuzz demo!
[TEST_CASE_COMPLETED]
Hello from FreeRTOS fuzz demo!
[TEST_CASE_COMPLETED]
Hello from FreeRTOS fuzz demo!
[TEST_CASE_COMPLETED]
Hello from FreeRTOS fuzz demo!
[TEST_CASE_COMPLETED]
Hello from FreeRTOS fuzz demo!
[TEST_CASE_COMPLETED]
Hello from FreeRTOS fuzz demo!
[TEST_CASE_COMPLETED]
Hello from FreeRTOS fuzz demo!
[TEST_CASE_COMPLETED]
Hello from FreeRTOS fuzz demo!
[TEST_CASE_COMPLETED]
Hello from FreeRTOS fuzz demo!
[TEST_CASE_COMPLETED]
Hello from FreeRTOS fuzz demo!
[TEST_CASE_COMPLETED]
Hello from FreeRTOS fuzz demo!
[TEST_CASE_COMPLETED]
Hello from FreeRTOS fuzz demo!
[TEST_CASE_COMPLETED]
Hello from FreeRTOS fuzz demo!
[TEST_CASE_COMPLETED]
Hello from FreeRTOS fuzz demo!
[TEST_CASE_COMPLETED]
Hello from FreeRTOS fuzz demo!
[TEST_CASE_COMPLETED]
Hello from FreeRTOS fuzz demo!
[TEST_CASE_COMPLETED]
Hello from FreeRTOS fuzz demo!
[TEST_CASE_COMPLETED]
Hello from FreeRTOS fuzz demo!
[TEST_CASE_COMPLETED]
Hello from FreeRTOS fuzz demo!
[TEST_CASE_COMPLETED]
Hello from FreeRTOS fuzz demo!
[TEST_CASE_COMPLETED]
Hello from FreeRTOS fuzz demo!
[TEST_CASE_COMPLETED]
Hello from FreeRTOS fuzz demo!
[TEST_CASE_COMPLETED]
Hello from FreeRTOS fuzz demo!
[TEST_CASE_COMPLETED]
Hello from FreeRTOS fuzz demo!
[TEST_CASE_COMPLETED]
Hello from FreeRTOS fuzz demo!
[TEST_CASE_COMPLETED]
Hello from FreeRTOS fuzz demo!
[TEST_CASE_COMPLETED]
Hello from FreeRTOS fuzz demo!
[TEST_CASE_COMPLETED]
Hello from FreeRTOS fuzz demo!
[TEST_CASE_COMPLETED]
Hello from FreeRTOS fuzz demo!
[TEST_CASE_COMPLETED]
Hello from FreeRTOS fuzz demo!
[TEST_CASE_COMPLETED]
Hello from FreeRTOS fuzz demo!
[TEST_CASE_COMPLETED]
Hello from FreeRTOS fuzz demo!
[TEST_CASE_COMPLETED]
Hello from FreeRTOS fuzz demo!
[TEST_CASE_COMPLETED]
Hello from FreeRTOS fuzz demo!
[TEST_CASE_COMPLETED]
Hello from FreeRTOS fuzz demo!
[TEST_CASE_COMPLETED]
Hello from FreeRTOS fuzz demo!
[TEST_CASE_COMPLETED]
Hello from FreeRTOS fuzz demo!
[TEST_CASE_COMPLETED]
Hello from FreeRTOS fuzz demo!
[TEST_CASE_COMPLETED]
Hello from FreeRTOS fuzz demo!
[TEST_CASE_COMPLETED]
Hello from FreeRTOS fuzz demo!
[TEST_CASE_COMPLETED]
Hello from FreeRTOS fuzz demo!
[TEST_CASE_COMPLETED]
Hello from FreeRTOS fuzz demo!
[TEST_CASE_COMPLETED]
Hello from FreeRTOS fuzz demo!
[TEST_CASE_COMPLETED]
Hello from FreeRTOS fuzz demo!
[TEST_CASE_COMPLETED]
Hello from FreeRTOS fuzz demo!
[TEST_CASE_COMPLETED]
Hello from FreeRTOS fuzz demo!
[TEST_CASE_COMPLETED]
Hello from FreeRTOS fuzz demo!
[TEST_CASE_COMPLETED]
Hello from FreeRTOS fuzz demo!
[TEST_CASE_COMPLETED]
Hello from FreeRTOS fuzz demo!
[TEST_CASE_COMPLETED]
Hello from FreeRTOS fuzz demo!
[TEST_CASE_COMPLETED]
Hello from FreeRTOS fuzz demo!
[TEST_CASE_COMPLETED]
Hello from FreeRTOS fuzz demo!
[TEST_CASE_COMPLETED]
Hello from FreeRTOS fuzz demo!
[TEST_CASE_COMPLETED]
Hello from FreeRTOS fuzz demo!
[UserStats   #1]  (GLOBAL) run time: 1m-36s, clients: 1, corpus: 57, objectives: 0, executions: 840, exec/sec: 8.726, stability: 100.000%, edges: 100.000%
                  (CLIENT) corpus: 57, objectives: 0, executions: 840, exec/sec: 8.726, edges: 549/549 (100%), stability: 535/535 (100%)
[Testcase    #1]  (GLOBAL) run time: 1m-36s, clients: 1, corpus: 58, objectives: 0, executions: 840, exec/sec: 8.726, stability: 100.000%, edges: 100.000%
                  (CLIENT) corpus: 58, objectives: 0, executions: 840, exec/sec: 8.726, edges: 549/549 (100%), stability: 535/535 (100%)
[TEST_CASE_COMPLETED]
Hello from FreeRTOS fuzz demo!
[TEST_CASE_COMPLETED]
Hello from FreeRTOS fuzz demo!
[UserStats   #1]  (GLOBAL) run time: 1m-36s, clients: 1, corpus: 58, objectives: 0, executions: 842, exec/sec: 8.718, stability: 100.000%, edges: 100.000%
                  (CLIENT) corpus: 58, objectives: 0, executions: 842, exec/sec: 8.718, edges: 549/549 (100%), stability: 535/535 (100%)
[Testcase    #1]  (GLOBAL) run time: 1m-36s, clients: 1, corpus: 59, objectives: 0, executions: 842, exec/sec: 8.718, stability: 100.000%, edges: 100.000%
                  (CLIENT) corpus: 59, objectives: 0, executions: 842, exec/sec: 8.718, edges: 549/549 (100%), stability: 535/535 (100%)
[TEST_CASE_COMPLETED]
Hello from FreeRTOS fuzz demo!
[TEST_CASE_COMPLETED]
Hello from FreeRTOS fuzz demo!
[TEST_CASE_COMPLETED]
Hello from FreeRTOS fuzz demo!
[TEST_CASE_COMPLETED]
Hello from FreeRTOS fuzz demo!
[TEST_CASE_COMPLETED]
Hello from FreeRTOS fuzz demo!
[TEST_CASE_COMPLETED]
Hello from FreeRTOS fuzz demo!
[TEST_CASE_COMPLETED]
Hello from FreeRTOS fuzz demo!
[TEST_CASE_COMPLETED]
[UserStats   #1]  (GLOBAL) run time: 1m-37s, clients: 1, corpus: 59, objectives: 0, executions: 849, exec/sec: 8.724, stability: 100.000%, edges: 100.000%
                  (CLIENT) corpus: 59, objectives: 0, executions: 849, exec/sec: 8.724, edges: 550/550 (100%), stability: 535/535 (100%)
[Testcase    #1]  (GLOBAL) run time: 1m-37s, clients: 1, corpus: 60, objectives: 0, executions: 849, exec/sec: 8.724, stability: 100.000%, edges: 100.000%
                  (CLIENT) corpus: 60, objectives: 0, executions: 849, exec/sec: 8.724, edges: 550/550 (100%), stability: 535/535 (100%)
Hello from FreeRTOS fuzz demo!
[TEST_CASE_COMPLETED]
Hello from FreeRTOS fuzz demo!
[TEST_CASE_COMPLETED]
Hello from FreeRTOS fuzz demo!
[TEST_CASE_COMPLETED]
Hello from FreeRTOS fuzz demo!
[TEST_CASE_COMPLETED]
Hello from FreeRTOS fuzz demo!
[TEST_CASE_COMPLETED]
Hello from FreeRTOS fuzz demo!
[TEST_CASE_COMPLETED]
Hello from FreeRTOS fuzz demo!
[TEST_CASE_COMPLETED]
Hello from FreeRTOS fuzz demo!
[TEST_CASE_COMPLETED]
Hello from FreeRTOS fuzz demo!
[TEST_CASE_COMPLETED]
Hello from FreeRTOS fuzz demo!
[TEST_CASE_COMPLETED]
Hello from FreeRTOS fuzz demo!
[TEST_CASE_COMPLETED]
Hello from FreeRTOS fuzz demo!
[TEST_CASE_COMPLETED]
Hello from FreeRTOS fuzz demo!
[TEST_CASE_COMPLETED]
Hello from FreeRTOS fuzz demo!
[TEST_CASE_COMPLETED]
Hello from FreeRTOS fuzz demo!
[TEST_CASE_COMPLETED]
Hello from FreeRTOS fuzz demo!
[TEST_CASE_COMPLETED]
Hello from FreeRTOS fuzz demo!
[TEST_CASE_COMPLETED]
Hello from FreeRTOS fuzz demo!
[TEST_CASE_COMPLETED]
Hello from FreeRTOS fuzz demo!
[TEST_CASE_COMPLETED]
Hello from FreeRTOS fuzz demo!
[TEST_CASE_COMPLETED]
Hello from FreeRTOS fuzz demo!
[TEST_CASE_COMPLETED]
Hello from FreeRTOS fuzz demo!
[TEST_CASE_COMPLETED]
Hello from FreeRTOS fuzz demo!
[TEST_CASE_COMPLETED]
Hello from FreeRTOS fuzz demo!
[TEST_CASE_COMPLETED]
Hello from FreeRTOS fuzz demo!
[TEST_CASE_COMPLETED]
Hello from FreeRTOS fuzz demo!
[TEST_CASE_COMPLETED]
Hello from FreeRTOS fuzz demo!
[TEST_CASE_COMPLETED]
Hello from FreeRTOS fuzz demo!
[TEST_CASE_COMPLETED]
Hello from FreeRTOS fuzz demo!
[TEST_CASE_COMPLETED]
Hello from FreeRTOS fuzz demo!
[TEST_CASE_COMPLETED]
Hello from FreeRTOS fuzz demo!
[TEST_CASE_COMPLETED]
Hello from FreeRTOS fuzz demo!
[TEST_CASE_COMPLETED]
Hello from FreeRTOS fuzz demo!
[TEST_CASE_COMPLETED]
Hello from FreeRTOS fuzz demo!
[TEST_CASE_COMPLETED]
Hello from FreeRTOS fuzz demo!
[TEST_CASE_COMPLETED]
Hello from FreeRTOS fuzz demo!
[TEST_CASE_COMPLETED]
Hello from FreeRTOS fuzz demo!
[TEST_CASE_COMPLETED]
Hello from FreeRTOS fuzz demo!
[TEST_CASE_COMPLETED]
Hello from FreeRTOS fuzz demo!
[TEST_CASE_COMPLETED]
Hello from FreeRTOS fuzz demo!
[TEST_CASE_COMPLETED]
Hello from FreeRTOS fuzz demo!
[TEST_CASE_COMPLETED]
Hello from FreeRTOS fuzz demo!
[TEST_CASE_COMPLETED]
Hello from FreeRTOS fuzz demo!
[TEST_CASE_COMPLETED]
Hello from FreeRTOS fuzz demo!
[TEST_CASE_COMPLETED]
Hello from FreeRTOS fuzz demo!
[TEST_CASE_COMPLETED]
Hello from FreeRTOS fuzz demo!
[TEST_CASE_COMPLETED]
Hello from FreeRTOS fuzz demo!
[TEST_CASE_COMPLETED]
Hello from FreeRTOS fuzz demo!
[TEST_CASE_COMPLETED]
Hello from FreeRTOS fuzz demo!
[TEST_CASE_COMPLETED]
Hello from FreeRTOS fuzz demo!
[TEST_CASE_COMPLETED]
Hello from FreeRTOS fuzz demo!
[TEST_CASE_COMPLETED]
Hello from FreeRTOS fuzz demo!
[TEST_CASE_COMPLETED]
Hello from FreeRTOS fuzz demo!
[TEST_CASE_COMPLETED]
Hello from FreeRTOS fuzz demo!
[TEST_CASE_COMPLETED]
Hello from FreeRTOS fuzz demo!
[TEST_CASE_COMPLETED]
Hello from FreeRTOS fuzz demo!
[TEST_CASE_COMPLETED]
Hello from FreeRTOS fuzz demo!
[TEST_CASE_COMPLETED]
Hello from FreeRTOS fuzz demo!
[TEST_CASE_COMPLETED]
Hello from FreeRTOS fuzz demo!
[TEST_CASE_COMPLETED]
Hello from FreeRTOS fuzz demo!
[TEST_CASE_COMPLETED]
Hello from FreeRTOS fuzz demo!
[TEST_CASE_COMPLETED]
Hello from FreeRTOS fuzz demo!
[TEST_CASE_COMPLETED]
Hello from FreeRTOS fuzz demo!
[TEST_CASE_COMPLETED]
Hello from FreeRTOS fuzz demo!
[TEST_CASE_COMPLETED]
Hello from FreeRTOS fuzz demo!
[TEST_CASE_COMPLETED]
Hello from FreeRTOS fuzz demo!
[TEST_CASE_COMPLETED]
Hello from FreeRTOS fuzz demo!
[TEST_CASE_COMPLETED]
Hello from FreeRTOS fuzz demo!
[TEST_CASE_COMPLETED]
Hello from FreeRTOS fuzz demo!
[TEST_CASE_COMPLETED]
Hello from FreeRTOS fuzz demo!
[TEST_CASE_COMPLETED]
Hello from FreeRTOS fuzz demo!
[TEST_CASE_COMPLETED]
Hello from FreeRTOS fuzz demo!
[TEST_CASE_COMPLETED]
Hello from FreeRTOS fuzz demo!
[TEST_CASE_COMPLETED]
Hello from FreeRTOS fuzz demo!
[TEST_CASE_COMPLETED]
Hello from FreeRTOS fuzz demo!
[TEST_CASE_COMPLETED]
Hello from FreeRTOS fuzz demo!
[UserStats   #1]  (GLOBAL) run time: 1m-45s, clients: 1, corpus: 60, objectives: 0, executions: 924, exec/sec: 8.768, stability: 100.000%, edges: 100.000%
                  (CLIENT) corpus: 60, objectives: 0, executions: 924, exec/sec: 8.768, edges: 551/551 (100%), stability: 535/535 (100%)
[Testcase    #1]  (GLOBAL) run time: 1m-45s, clients: 1, corpus: 61, objectives: 0, executions: 924, exec/sec: 8.768, stability: 100.000%, edges: 100.000%
                  (CLIENT) corpus: 61, objectives: 0, executions: 924, exec/sec: 8.768, edges: 551/551 (100%), stability: 535/535 (100%)
[UserStats   #1]  (GLOBAL) run time: 1m-45s, clients: 1, corpus: 61, objectives: 0, executions: 925, exec/sec: 8.777, stability: 100.000%, edges: 100.000%
                  (CLIENT) corpus: 61, objectives: 0, executions: 925, exec/sec: 8.777, edges: 551/551 (100%), stability: 535/535 (100%)
[Testcase    #1]  (GLOBAL) run time: 1m-45s, clients: 1, corpus: 62, objectives: 0, executions: 925, exec/sec: 8.777, stability: 100.000%, edges: 100.000%
                  (CLIENT) corpus: 62, objectives: 0, executions: 925, exec/sec: 8.777, edges: 551/551 (100%), stability: 535/535 (100%)
[TEST_CASE_COMPLETED]
Hello from FreeRTOS fuzz demo!
[TEST_CASE_COMPLETED]
Hello from FreeRTOS fuzz demo!
[TEST_CASE_COMPLETED]
Hello from FreeRTOS fuzz demo!
[TEST_CASE_COMPLETED]
Hello from FreeRTOS fuzz demo!
[TEST_CASE_COMPLETED]
Hello from FreeRTOS fuzz demo!
[TEST_CASE_COMPLETED]
Hello from FreeRTOS fuzz demo!
[TEST_CASE_COMPLETED]
Hello from FreeRTOS fuzz demo!
[TEST_CASE_COMPLETED]
Hello from FreeRTOS fuzz demo!
[TEST_CASE_COMPLETED]
Hello from FreeRTOS fuzz demo!
[TEST_CASE_COMPLETED]
Hello from FreeRTOS fuzz demo!
[TEST_CASE_COMPLETED]
Hello from FreeRTOS fuzz demo!
[TEST_CASE_COMPLETED]
Hello from FreeRTOS fuzz demo!
[TEST_CASE_COMPLETED]
Hello from FreeRTOS fuzz demo!
[TEST_CASE_COMPLETED]
Hello from FreeRTOS fuzz demo!
[TEST_CASE_COMPLETED]
Hello from FreeRTOS fuzz demo!
[TEST_CASE_COMPLETED]
Hello from FreeRTOS fuzz demo!
[TEST_CASE_COMPLETED]
Hello from FreeRTOS fuzz demo!
[TEST_CASE_COMPLETED]
Hello from FreeRTOS fuzz demo!
[TEST_CASE_COMPLETED]
Hello from FreeRTOS fuzz demo!
[TEST_CASE_COMPLETED]
Hello from FreeRTOS fuzz demo!
[Client Heartbeat #1]  (GLOBAL) run time: 1m-48s, clients: 1, corpus: 62, objectives: 0, executions: 944, exec/sec: 8.742, stability: 100.000%, edges: 100.000%
                       (CLIENT) corpus: 62, objectives: 0, executions: 944, exec/sec: 8.742, edges: 551/551 (100%), stability: 535/535 (100%)
[TEST_CASE_COMPLETED]
Hello from FreeRTOS fuzz demo!
[TEST_CASE_COMPLETED]
Hello from FreeRTOS fuzz demo!
[TEST_CASE_COMPLETED]
Hello from FreeRTOS fuzz demo!
[TEST_CASE_COMPLETED]
Hello from FreeRTOS fuzz demo!
[TEST_CASE_COMPLETED]
Hello from FreeRTOS fuzz demo!
[TEST_CASE_COMPLETED]
Hello from FreeRTOS fuzz demo!
[TEST_CASE_COMPLETED]
Hello from FreeRTOS fuzz demo!
[TEST_CASE_COMPLETED]
Hello from FreeRTOS fuzz demo!
[TEST_CASE_COMPLETED]
Hello from FreeRTOS fuzz demo!
[TEST_CASE_COMPLETED]
Hello from FreeRTOS fuzz demo!
[TEST_CASE_COMPLETED]
Hello from FreeRTOS fuzz demo!
[TEST_CASE_COMPLETED]
Hello from FreeRTOS fuzz demo!
[UserStats   #1]  (GLOBAL) run time: 1m-49s, clients: 1, corpus: 62, objectives: 0, executions: 957, exec/sec: 8.735, stability: 100.000%, edges: 100.000%
                  (CLIENT) corpus: 62, objectives: 0, executions: 957, exec/sec: 8.735, edges: 552/552 (100%), stability: 535/535 (100%)
[Testcase    #1]  (GLOBAL) run time: 1m-49s, clients: 1, corpus: 63, objectives: 0, executions: 957, exec/sec: 8.735, stability: 100.000%, edges: 100.000%
                  (CLIENT) corpus: 63, objectives: 0, executions: 957, exec/sec: 8.735, edges: 552/552 (100%), stability: 535/535 (100%)
[TEST_CASE_COMPLETED]
Hello from FreeRTOS fuzz demo!
[TEST_CASE_COMPLETED]
Hello from FreeRTOS fuzz demo!
[TEST_CASE_COMPLETED]
Hello from FreeRTOS fuzz demo!
[TEST_CASE_COMPLETED]
Hello from FreeRTOS fuzz demo!
[TEST_CASE_COMPLETED]
Hello from FreeRTOS fuzz demo!
[UserStats   #1]  (GLOBAL) run time: 1m-50s, clients: 1, corpus: 63, objectives: 0, executions: 962, exec/sec: 8.739, stability: 100.000%, edges: 100.000%
                  (CLIENT) corpus: 63, objectives: 0, executions: 962, exec/sec: 8.739, edges: 553/553 (100%), stability: 535/535 (100%)
[Testcase    #1]  (GLOBAL) run time: 1m-50s, clients: 1, corpus: 64, objectives: 0, executions: 962, exec/sec: 8.739, stability: 100.000%, edges: 100.000%
                  (CLIENT) corpus: 64, objectives: 0, executions: 962, exec/sec: 8.739, edges: 553/553 (100%), stability: 535/535 (100%)
[TEST_CASE_COMPLETED]
Hello from FreeRTOS fuzz demo!
[TEST_CASE_COMPLETED]
Hello from FreeRTOS fuzz demo!
[TEST_CASE_COMPLETED]
Hello from FreeRTOS fuzz demo!
[TEST_CASE_COMPLETED]
Hello from FreeRTOS fuzz demo!
[TEST_CASE_COMPLETED]
Hello from FreeRTOS fuzz demo!
[TEST_CASE_COMPLETED]
Hello from FreeRTOS fuzz demo!
[TEST_CASE_COMPLETED]
Hello from FreeRTOS fuzz demo!
[TEST_CASE_COMPLETED]
Hello from FreeRTOS fuzz demo!
[TEST_CASE_COMPLETED]
Hello from FreeRTOS fuzz demo!
[UserStats   #1]  (GLOBAL) run time: 1m-50s, clients: 1, corpus: 64, objectives: 0, executions: 969, exec/sec: 8.761, stability: 100.000%, edges: 100.000%
                  (CLIENT) corpus: 64, objectives: 0, executions: 969, exec/sec: 8.761, edges: 554/554 (100%), stability: 535/535 (100%)
[Testcase    #1]  (GLOBAL) run time: 1m-50s, clients: 1, corpus: 65, objectives: 0, executions: 969, exec/sec: 8.761, stability: 100.000%, edges: 100.000%
                  (CLIENT) corpus: 65, objectives: 0, executions: 969, exec/sec: 8.761, edges: 554/554 (100%), stability: 535/535 (100%)
[TEST_CASE_COMPLETED]
Hello from FreeRTOS fuzz demo!
[TEST_CASE_COMPLETED]
Hello from FreeRTOS fuzz demo!
[TEST_CASE_COMPLETED]
Hello from FreeRTOS fuzz demo!
[TEST_CASE_COMPLETED]
Hello from FreeRTOS fuzz demo!
[UserStats   #1]  (GLOBAL) run time: 1m-51s, clients: 1, corpus: 65, objectives: 0, executions: 975, exec/sec: 8.774, stability: 100.000%, edges: 100.000%
                  (CLIENT) corpus: 65, objectives: 0, executions: 975, exec/sec: 8.774, edges: 555/555 (100%), stability: 535/535 (100%)
[TEST_CASE_COMPLETED]
[Testcase    #1]  (GLOBAL) run time: 1m-51s, clients: 1, corpus: 66, objectives: 0, executions: 975, exec/sec: 8.774, stability: 100.000%, edges: 100.000%
                  (CLIENT) corpus: 66, objectives: 0, executions: 975, exec/sec: 8.774, edges: 555/555 (100%), stability: 535/535 (100%)
Hello from FreeRTOS fuzz demo!
[TEST_CASE_COMPLETED]
Hello from FreeRTOS fuzz demo!
[TEST_CASE_COMPLETED]
Hello from FreeRTOS fuzz demo!
[TEST_CASE_COMPLETED]
Hello from FreeRTOS fuzz demo!
[TEST_CASE_COMPLETED]
Hello from FreeRTOS fuzz demo!
[TEST_CASE_COMPLETED]
Hello from FreeRTOS fuzz demo!
[TEST_CASE_COMPLETED]
Hello from FreeRTOS fuzz demo!
[TEST_CASE_COMPLETED]
Hello from FreeRTOS fuzz demo!
[UserStats   #1]  (GLOBAL) run time: 1m-51s, clients: 1, corpus: 66, objectives: 0, executions: 982, exec/sec: 8.803, stability: 100.000%, edges: 100.000%
                  (CLIENT) corpus: 66, objectives: 0, executions: 982, exec/sec: 8.803, edges: 556/556 (100%), stability: 535/535 (100%)
[Testcase    #1]  (GLOBAL) run time: 1m-51s, clients: 1, corpus: 67, objectives: 0, executions: 982, exec/sec: 8.803, stability: 100.000%, edges: 100.000%
                  (CLIENT) corpus: 67, objectives: 0, executions: 982, exec/sec: 8.803, edges: 556/556 (100%), stability: 535/535 (100%)
[TEST_CASE_COMPLETED]
Hello from FreeRTOS fuzz demo!
[TEST_CASE_COMPLETED]
Hello from FreeRTOS fuzz demo!
[TEST_CASE_COMPLETED]
Hello from FreeRTOS fuzz demo!
[TEST_CASE_COMPLETED]
Hello from FreeRTOS fuzz demo!
[TEST_CASE_COMPLETED]
Hello from FreeRTOS fuzz demo!
[TEST_CASE_COMPLETED]
Hello from FreeRTOS fuzz demo!
[TEST_CASE_COMPLETED]
Hello from FreeRTOS fuzz demo!
[TEST_CASE_COMPLETED]
Hello from FreeRTOS fuzz demo!
[TEST_CASE_COMPLETED]
Hello from FreeRTOS fuzz demo!
[TEST_CASE_COMPLETED]
Hello from FreeRTOS fuzz demo!
[UserStats   #1]  (GLOBAL) run time: 1m-53s, clients: 1, corpus: 67, objectives: 0, executions: 992, exec/sec: 8.793, stability: 100.000%, edges: 100.000%
                  (CLIENT) corpus: 67, objectives: 0, executions: 992, exec/sec: 8.793, edges: 557/557 (100%), stability: 535/535 (100%)
[Testcase    #1]  (GLOBAL) run time: 1m-53s, clients: 1, corpus: 68, objectives: 0, executions: 992, exec/sec: 8.793, stability: 100.000%, edges: 100.000%
                  (CLIENT) corpus: 68, objectives: 0, executions: 992, exec/sec: 8.793, edges: 557/557 (100%), stability: 535/535 (100%)
[TEST_CASE_COMPLETED]
Hello from FreeRTOS fuzz demo!
[TEST_CASE_COMPLETED]
Hello from FreeRTOS fuzz demo!
[TEST_CASE_COMPLETED]
Hello from FreeRTOS fuzz demo!
[TEST_CASE_COMPLETED]
Hello from FreeRTOS fuzz demo!
[TEST_CASE_COMPLETED]
Hello from FreeRTOS fuzz demo!
[TEST_CASE_COMPLETED]
Hello from FreeRTOS fuzz demo!
[TEST_CASE_COMPLETED]
Hello from FreeRTOS fuzz demo!
[TEST_CASE_COMPLETED]
Hello from FreeRTOS fuzz demo!
[TEST_CASE_COMPLETED]
Hello from FreeRTOS fuzz demo!
[TEST_CASE_COMPLETED]
Hello from FreeRTOS fuzz demo!
[TEST_CASE_COMPLETED]
Hello from FreeRTOS fuzz demo!
[TEST_CASE_COMPLETED]
Hello from FreeRTOS fuzz demo!
[TEST_CASE_COMPLETED]
Hello from FreeRTOS fuzz demo!
[UserStats   #1]  (GLOBAL) run time: 1m-54s, clients: 1, corpus: 68, objectives: 0, executions: 1005, exec/sec: 8.827, stability: 100.000%, edges: 100.000%
                  (CLIENT) corpus: 68, objectives: 0, executions: 1005, exec/sec: 8.827, edges: 558/558 (100%), stability: 535/535 (100%)
[Testcase    #1]  (GLOBAL) run time: 1m-54s, clients: 1, corpus: 69, objectives: 0, executions: 1005, exec/sec: 8.827, stability: 100.000%, edges: 100.000%
                  (CLIENT) corpus: 69, objectives: 0, executions: 1005, exec/sec: 8.827, edges: 558/558 (100%), stability: 535/535 (100%)
[TEST_CASE_COMPLETED]
Hello from FreeRTOS fuzz demo!
[TEST_CASE_COMPLETED]
Hello from FreeRTOS fuzz demo!
[TEST_CASE_COMPLETED]
Hello from FreeRTOS fuzz demo!
[TEST_CASE_COMPLETED]
Hello from FreeRTOS fuzz demo!
[UserStats   #1]  (GLOBAL) run time: 1m-54s, clients: 1, corpus: 69, objectives: 0, executions: 1010, exec/sec: 8.862, stability: 100.000%, edges: 100.000%
                  (CLIENT) corpus: 69, objectives: 0, executions: 1010, exec/sec: 8.862, edges: 559/559 (100%), stability: 535/535 (100%)
[Testcase    #1]  (GLOBAL) run time: 1m-54s, clients: 1, corpus: 70, objectives: 0, executions: 1010, exec/sec: 8.862, stability: 100.000%, edges: 100.000%
                  (CLIENT) corpus: 70, objectives: 0, executions: 1010, exec/sec: 8.862, edges: 559/559 (100%), stability: 535/535 (100%)
[TEST_CASE_COMPLETED]
Hello from FreeRTOS fuzz demo!
[TEST_CASE_COMPLETED]
Hello from FreeRTOS fuzz demo!
[TEST_CASE_COMPLETED]
Hello from FreeRTOS fuzz demo!
[TEST_CASE_COMPLETED]
Hello from FreeRTOS fuzz demo!
[TEST_CASE_COMPLETED]
Hello from FreeRTOS fuzz demo!
[TEST_CASE_COMPLETED]
Hello from FreeRTOS fuzz demo!
[TEST_CASE_COMPLETED]
Hello from FreeRTOS fuzz demo!
[TEST_CASE_COMPLETED]
Hello from FreeRTOS fuzz demo!
[TEST_CASE_COMPLETED]
Hello from FreeRTOS fuzz demo!
[TEST_CASE_COMPLETED]
Hello from FreeRTOS fuzz demo!
[TEST_CASE_COMPLETED]
Hello from FreeRTOS fuzz demo!
[TEST_CASE_COMPLETED]
Hello from FreeRTOS fuzz demo!
[TEST_CASE_COMPLETED]
[UserStats   #1]  (GLOBAL) run time: 1m-55s, clients: 1, corpus: 70, objectives: 0, executions: 1023, exec/sec: 8.870, stability: 100.000%, edges: 100.000%
H                  (CLIENT) corpus: 70, objectives: 0, executions: 1023, exec/sec: 8.870, edges: 560/560 (100%), stability: 535/535 (100%)
ello from FreeRTOS fuzz demo!
[Testcase    #1]  (GLOBAL) run time: 1m-55s, clients: 1, corpus: 71, objectives: 0, executions: 1023, exec/sec: 8.870, stability: 100.000%, edges: 100.000%
                  (CLIENT) corpus: 71, objectives: 0, executions: 1023, exec/sec: 8.870, edges: 560/560 (100%), stability: 535/535 (100%)
[TEST_CASE_COMPLETED]
Hello from FreeRTOS fuzz demo!
[TEST_CASE_COMPLETED]
Hello from FreeRTOS fuzz demo!
[TEST_CASE_COMPLETED]
Hello from FreeRTOS fuzz demo!
[TEST_CASE_COMPLETED]
Hello from FreeRTOS fuzz demo!
[UserStats   #1]  (GLOBAL) run time: 1m-55s, clients: 1, corpus: 71, objectives: 0, executions: 1027, exec/sec: 8.880, stability: 100.000%, edges: 100.000%
                  (CLIENT) corpus: 71, objectives: 0, executions: 1027, exec/sec: 8.880, edges: 561/561 (100%), stability: 535/535 (100%)
[Testcase    #1]  (GLOBAL) run time: 1m-55s, clients: 1, corpus: 72, objectives: 0, executions: 1027, exec/sec: 8.880, stability: 100.000%, edges: 100.000%
                  (CLIENT) corpus: 72, objectives: 0, executions: 1027, exec/sec: 8.880, edges: 561/561 (100%), stability: 535/535 (100%)
[TEST_CASE_COMPLETED]
Hello from FreeRTOS fuzz demo!
[TEST_CASE_COMPLETED]
Hello from FreeRTOS fuzz demo!
[TEST_CASE_COMPLETED]
Hello from FreeRTOS fuzz demo!
[TEST_CASE_COMPLETED]
Hello from FreeRTOS fuzz demo!
[TEST_CASE_COMPLETED]
Hello from FreeRTOS fuzz demo!
[TEST_CASE_COMPLETED]
Hello from FreeRTOS fuzz demo!
[TEST_CASE_COMPLETED]
Hello from FreeRTOS fuzz demo!
[TEST_CASE_COMPLETED]
Hello from FreeRTOS fuzz demo!
[TEST_CASE_COMPLETED]
Hello from FreeRTOS fuzz demo!
[TEST_CASE_COMPLETED]
Hello from FreeRTOS fuzz demo!
[TEST_CASE_COMPLETED]
Hello from FreeRTOS fuzz demo!
[TEST_CASE_COMPLETED]
Hello from FreeRTOS fuzz demo!
[TEST_CASE_COMPLETED]
Hello from FreeRTOS fuzz demo!
[TEST_CASE_COMPLETED]
Hello from FreeRTOS fuzz demo!
[TEST_CASE_COMPLETED]
Hello from FreeRTOS fuzz demo!
[TEST_CASE_COMPLETED]
Hello from FreeRTOS fuzz demo!
[UserStats   #1]  (GLOBAL) run time: 1m-57s, clients: 1, corpus: 72, objectives: 0, executions: 1042, exec/sec: 8.889, stability: 100.000%, edges: 100.000%
                  (CLIENT) corpus: 72, objectives: 0, executions: 1042, exec/sec: 8.889, edges: 562/562 (100%), stability: 535/535 (100%)
[Testcase    #1]  (GLOBAL) run time: 1m-57s, clients: 1, corpus: 73, objectives: 0, executions: 1042, exec/sec: 8.889, stability: 100.000%, edges: 100.000%
                  (CLIENT) corpus: 73, objectives: 0, executions: 1042, exec/sec: 8.889, edges: 562/562 (100%), stability: 535/535 (100%)
[TEST_CASE_COMPLETED]
Hello from FreeRTOS fuzz demo!
[TEST_CASE_COMPLETED]
Hello from FreeRTOS fuzz demo!
[TEST_CASE_COMPLETED]
Hello from FreeRTOS fuzz demo!
[TEST_CASE_COMPLETED]
Hello from FreeRTOS fuzz demo!
[TEST_CASE_COMPLETED]
Hello from FreeRTOS fuzz demo!
[TEST_CASE_COMPLETED]
Hello from FreeRTOS fuzz demo!
[TEST_CASE_COMPLETED]
Hello from FreeRTOS fuzz demo!
[TEST_CASE_COMPLETED]
Hello from FreeRTOS fuzz demo!
[TEST_CASE_COMPLETED]
Hello from FreeRTOS fuzz demo!
[TEST_CASE_COMPLETED]
Hello from FreeRTOS fuzz demo!
[TEST_CASE_COMPLETED]
Hello from FreeRTOS fuzz demo!
[TEST_CASE_COMPLETED]
Hello from FreeRTOS fuzz demo!
[TEST_CASE_COMPLETED]
Hello from FreeRTOS fuzz demo!
[TEST_CASE_COMPLETED]
Hello from FreeRTOS fuzz demo!
[TEST_CASE_COMPLETED]
Hello from FreeRTOS fuzz demo!
[TEST_CASE_COMPLETED]
Hello from FreeRTOS fuzz demo!
[TEST_CASE_COMPLETED]
Hello from FreeRTOS fuzz demo!
[TEST_CASE_COMPLETED]
Hello from FreeRTOS fuzz demo!
[TEST_CASE_COMPLETED]
Hello from FreeRTOS fuzz demo!
[TEST_CASE_COMPLETED]
Hello from FreeRTOS fuzz demo!
[TEST_CASE_COMPLETED]
Hello from FreeRTOS fuzz demo!
[TEST_CASE_COMPLETED]
Hello from FreeRTOS fuzz demo!
[TEST_CASE_COMPLETED]
Hello from FreeRTOS fuzz demo!
[TEST_CASE_COMPLETED]
Hello from FreeRTOS fuzz demo!
[TEST_CASE_COMPLETED]
Hello from FreeRTOS fuzz demo!
[TEST_CASE_COMPLETED]
Hello from FreeRTOS fuzz demo!
[TEST_CASE_COMPLETED]
Hello from FreeRTOS fuzz demo!
[TEST_CASE_COMPLETED]
Hello from FreeRTOS fuzz demo!
[TEST_CASE_COMPLETED]
Hello from FreeRTOS fuzz demo!
[TEST_CASE_COMPLETED]
Hello from FreeRTOS fuzz demo!
[TEST_CASE_COMPLETED]
Hello from FreeRTOS fuzz demo!
[TEST_CASE_COMPLETED]
Hello from FreeRTOS fuzz demo!
[TEST_CASE_COMPLETED]
Hello from FreeRTOS fuzz demo!
[TEST_CASE_COMPLETED]
Hello from FreeRTOS fuzz demo!
[TEST_CASE_COMPLETED]
Hello from FreeRTOS fuzz demo!
[TEST_CASE_COMPLETED]
Hello from FreeRTOS fuzz demo!
[TEST_CASE_COMPLETED]
Hello from FreeRTOS fuzz demo!
[TEST_CASE_COMPLETED]
Hello from FreeRTOS fuzz demo!
[TEST_CASE_COMPLETED]
Hello from FreeRTOS fuzz demo!
[TEST_CASE_COMPLETED]
Hello from FreeRTOS fuzz demo!
[TEST_CASE_COMPLETED]
Hello from FreeRTOS fuzz demo!
[TEST_CASE_COMPLETED]
Hello from FreeRTOS fuzz demo!
[TEST_CASE_COMPLETED]
Hello from FreeRTOS fuzz demo!
[TEST_CASE_COMPLETED]
Hello from FreeRTOS fuzz demo!
[TEST_CASE_COMPLETED]
Hello from FreeRTOS fuzz demo!
[TEST_CASE_COMPLETED]
Hello from FreeRTOS fuzz demo!
[TEST_CASE_COMPLETED]
Hello from FreeRTOS fuzz demo!
[TEST_CASE_COMPLETED]
Hello from FreeRTOS fuzz demo!
[TEST_CASE_COMPLETED]
Hello from FreeRTOS fuzz demo!
[TEST_CASE_COMPLETED]
Hello from FreeRTOS fuzz demo!
[TEST_CASE_COMPLETED]
Hello from FreeRTOS fuzz demo!
[TEST_CASE_COMPLETED]
Hello from FreeRTOS fuzz demo!
[TEST_CASE_COMPLETED]
Hello from FreeRTOS fuzz demo!
[TEST_CASE_COMPLETED]
Hello from FreeRTOS fuzz demo!
[TEST_CASE_COMPLETED]
Hello from FreeRTOS fuzz demo!
[TEST_CASE_COMPLETED]
Hello from FreeRTOS fuzz demo!
[TEST_CASE_COMPLETED]
Hello from FreeRTOS fuzz demo!
[TEST_CASE_COMPLETED]
Hello from FreeRTOS fuzz demo!
[TEST_CASE_COMPLETED]
Hello from FreeRTOS fuzz demo!
[TEST_CASE_COMPLETED]
Hello from FreeRTOS fuzz demo!
[TEST_CASE_COMPLETED]
Hello from FreeRTOS fuzz demo!
[TEST_CASE_COMPLETED]
Hello from FreeRTOS fuzz demo!
[TEST_CASE_COMPLETED]
Hello from FreeRTOS fuzz demo!
[TEST_CASE_COMPLETED]
Hello from FreeRTOS fuzz demo!
[TEST_CASE_COMPLETED]
Hello from FreeRTOS fuzz demo!
[TEST_CASE_COMPLETED]
Hello from FreeRTOS fuzz demo!
[TEST_CASE_COMPLETED]
Hello from FreeRTOS fuzz demo!
[TEST_CASE_COMPLETED]
Hello from FreeRTOS fuzz demo!
[TEST_CASE_COMPLETED]
Hello from FreeRTOS fuzz demo!
[TEST_CASE_COMPLETED]
Hello from FreeRTOS fuzz demo!
[TEST_CASE_COMPLETED]
Hello from FreeRTOS fuzz demo!
[TEST_CASE_COMPLETED]
Hello from FreeRTOS fuzz demo!
[TEST_CASE_COMPLETED]
Hello from FreeRTOS fuzz demo!
[TEST_CASE_COMPLETED]
Hello from FreeRTOS fuzz demo!
[UserStats   #1]  (GLOBAL) run time: 2m-3s, clients: 1, corpus: 73, objectives: 0, executions: 1117, exec/sec: 9.058, stability: 100.000%, edges: 100.000%
                  (CLIENT) corpus: 73, objectives: 0, executions: 1117, exec/sec: 9.058, edges: 563/563 (100%), stability: 535/535 (100%)
[Testcase    #1]  (GLOBAL) run time: 2m-3s, clients: 1, corpus: 74, objectives: 0, executions: 1117, exec/sec: 9.058, stability: 100.000%, edges: 100.000%
                  (CLIENT) corpus: 74, objectives: 0, executions: 1117, exec/sec: 9.058, edges: 563/563 (100%), stability: 535/535 (100%)
[TEST_CASE_COMPLETED]
Hello from FreeRTOS fuzz demo!
[TEST_CASE_COMPLETED]
Hello from FreeRTOS fuzz demo!
[TEST_CASE_COMPLETED]
Hello from FreeRTOS fuzz demo!
[TEST_CASE_COMPLETED]
Hello from FreeRTOS fuzz demo!
[TEST_CASE_COMPLETED]
Hello from FreeRTOS fuzz demo!
[TEST_CASE_COMPLETED]
Hello from FreeRTOS fuzz demo!
[TEST_CASE_COMPLETED]
Hello from FreeRTOS fuzz demo!
[TEST_CASE_COMPLETED]
Hello from FreeRTOS fuzz demo!
[TEST_CASE_COMPLETED]
Hello from FreeRTOS fuzz demo!
[TEST_CASE_COMPLETED]
Hello from FreeRTOS fuzz demo!
[TEST_CASE_COMPLETED]
Hello from FreeRTOS fuzz demo!
[TEST_CASE_COMPLETED]
Hello from FreeRTOS fuzz demo!
[TEST_CASE_COMPLETED]
Hello from FreeRTOS fuzz demo!
[TEST_CASE_COMPLETED]
Hello from FreeRTOS fuzz demo!
[TEST_CASE_COMPLETED]
Hello from FreeRTOS fuzz demo!
[TEST_CASE_COMPLETED]
Hello from FreeRTOS fuzz demo!
[TEST_CASE_COMPLETED]
Hello from FreeRTOS fuzz demo!
[TEST_CASE_COMPLETED]
Hello from FreeRTOS fuzz demo!
[TEST_CASE_COMPLETED]
Hello from FreeRTOS fuzz demo!
[TEST_CASE_COMPLETED]
Hello from FreeRTOS fuzz demo!
[TEST_CASE_COMPLETED]
Hello from FreeRTOS fuzz demo!
[TEST_CASE_COMPLETED]
Hello from FreeRTOS fuzz demo!
[TEST_CASE_COMPLETED]
Hello from FreeRTOS fuzz demo!
[TEST_CASE_COMPLETED]
Hello from FreeRTOS fuzz demo!
[TEST_CASE_COMPLETED]
Hello from FreeRTOS fuzz demo!
[TEST_CASE_COMPLETED]
Hello from FreeRTOS fuzz demo!
[TEST_CASE_COMPLETED]
Hello from FreeRTOS fuzz demo!
[TEST_CASE_COMPLETED]
Hello from FreeRTOS fuzz demo!
[TEST_CASE_COMPLETED]
Hello from FreeRTOS fuzz demo!
[TEST_CASE_COMPLETED]
Hello from FreeRTOS fuzz demo!
[TEST_CASE_COMPLETED]
Hello from FreeRTOS fuzz demo!
[TEST_CASE_COMPLETED]
Hello from FreeRTOS fuzz demo!
[TEST_CASE_COMPLETED]
Hello from FreeRTOS fuzz demo!
[TEST_CASE_COMPLETED]
Hello from FreeRTOS fuzz demo!
[TEST_CASE_COMPLETED]
Hello from FreeRTOS fuzz demo!
[TEST_CASE_COMPLETED]
Hello from FreeRTOS fuzz demo!
[TEST_CASE_COMPLETED]
Hello from FreeRTOS fuzz demo!
[TEST_CASE_COMPLETED]
Hello from FreeRTOS fuzz demo!
[TEST_CASE_COMPLETED]
Hello from FreeRTOS fuzz demo!
[TEST_CASE_COMPLETED]
Hello from FreeRTOS fuzz demo!
[TEST_CASE_COMPLETED]
Hello from FreeRTOS fuzz demo!
[TEST_CASE_COMPLETED]
Hello from FreeRTOS fuzz demo!
[TEST_CASE_COMPLETED]
Hello from FreeRTOS fuzz demo!
[TEST_CASE_COMPLETED]
Hello from FreeRTOS fuzz demo!
[TEST_CASE_COMPLETED]
Hello from FreeRTOS fuzz demo!
[TEST_CASE_COMPLETED]
Hello from FreeRTOS fuzz demo!
[TEST_CASE_COMPLETED]
Hello from FreeRTOS fuzz demo!
[TEST_CASE_COMPLETED]
Hello from FreeRTOS fuzz demo!
[TEST_CASE_COMPLETED]
Hello from FreeRTOS fuzz demo!
[TEST_CASE_COMPLETED]
Hello from FreeRTOS fuzz demo!
[TEST_CASE_COMPLETED]
Hello from FreeRTOS fuzz demo!
[TEST_CASE_COMPLETED]
Hello from FreeRTOS fuzz demo!
[TEST_CASE_COMPLETED]
Hello from FreeRTOS fuzz demo!
[TEST_CASE_COMPLETED]
Hello from FreeRTOS fuzz demo!
[TEST_CASE_COMPLETED]
Hello from FreeRTOS fuzz demo!
[TEST_CASE_COMPLETED]
Hello from FreeRTOS fuzz demo!
[TEST_CASE_COMPLETED]
Hello from FreeRTOS fuzz demo!
[TEST_CASE_COMPLETED]
Hello from FreeRTOS fuzz demo!
[TEST_CASE_COMPLETED]
Hello from FreeRTOS fuzz demo!
[TEST_CASE_COMPLETED]
Hello from FreeRTOS fuzz demo!
[TEST_CASE_COMPLETED]
Hello from FreeRTOS fuzz demo!
[TEST_CASE_COMPLETED]
Hello from FreeRTOS fuzz demo!
[TEST_CASE_COMPLETED]
Hello from FreeRTOS fuzz demo!
[TEST_CASE_COMPLETED]
Hello from FreeRTOS fuzz demo!
[TEST_CASE_COMPLETED]
Hello from FreeRTOS fuzz demo!
[TEST_CASE_COMPLETED]
Hello from FreeRTOS fuzz demo!
[TEST_CASE_COMPLETED]
Hello from FreeRTOS fuzz demo!
[TEST_CASE_COMPLETED]
Hello from FreeRTOS fuzz demo!
[TEST_CASE_COMPLETED]
Hello from FreeRTOS fuzz demo!
[TEST_CASE_COMPLETED]
Hello from FreeRTOS fuzz demo!
[TEST_CASE_COMPLETED]
Hello from FreeRTOS fuzz demo!
[TEST_CASE_COMPLETED]
Hello from FreeRTOS fuzz demo!
[TEST_CASE_COMPLETED]
Hello from FreeRTOS fuzz demo!
[TEST_CASE_COMPLETED]
Hello from FreeRTOS fuzz demo!
[TEST_CASE_COMPLETED]
Hello from FreeRTOS fuzz demo!
[TEST_CASE_COMPLETED]
Hello from FreeRTOS fuzz demo!
[TEST_CASE_COMPLETED]
Hello from FreeRTOS fuzz demo!
[TEST_CASE_COMPLETED]
Hello from FreeRTOS fuzz demo!
[TEST_CASE_COMPLETED]
Hello from FreeRTOS fuzz demo!
[TEST_CASE_COMPLETED]
Hello from FreeRTOS fuzz demo!
[TEST_CASE_COMPLETED]
Hello from FreeRTOS fuzz demo!
[TEST_CASE_COMPLETED]
Hello from FreeRTOS fuzz demo!
[TEST_CASE_COMPLETED]
Hello from FreeRTOS fuzz demo!
[TEST_CASE_COMPLETED]
Hello from FreeRTOS fuzz demo!
[Client Heartbeat #1]  (GLOBAL) run time: 2m-12s, clients: 1, corpus: 74, objectives: 0, executions: 1200, exec/sec: 9.105, stability: 100.000%, edges: 100.000%
                       (CLIENT) corpus: 74, objectives: 0, executions: 1200, exec/sec: 9.105, edges: 563/563 (100%), stability: 535/535 (100%)
[TEST_CASE_COMPLETED]
Hello from FreeRTOS fuzz demo!
[TEST_CASE_COMPLETED]
Hello from FreeRTOS fuzz demo!
[TEST_CASE_COMPLETED]
Hello from FreeRTOS fuzz demo!
[TEST_CASE_COMPLETED]
Hello from FreeRTOS fuzz demo!
[TEST_CASE_COMPLETED]
Hello from FreeRTOS fuzz demo!
[TEST_CASE_COMPLETED]
Hello from FreeRTOS fuzz demo!
[TEST_CASE_COMPLETED]
Hello from FreeRTOS fuzz demo!
[TEST_CASE_COMPLETED]
Hello from FreeRTOS fuzz demo!
[TEST_CASE_COMPLETED]
Hello from FreeRTOS fuzz demo!
[TEST_CASE_COMPLETED]
Hello from FreeRTOS fuzz demo!
[TEST_CASE_COMPLETED]
Hello from FreeRTOS fuzz demo!
[TEST_CASE_COMPLETED]
Hello from FreeRTOS fuzz demo!
[TEST_CASE_COMPLETED]
Hello from FreeRTOS fuzz demo!
[TEST_CASE_COMPLETED]
Hello from FreeRTOS fuzz demo!
[TEST_CASE_COMPLETED]
Hello from FreeRTOS fuzz demo!
[TEST_CASE_COMPLETED]
Hello from FreeRTOS fuzz demo!
[TEST_CASE_COMPLETED]
Hello from FreeRTOS fuzz demo!
[TEST_CASE_COMPLETED]
Hello from FreeRTOS fuzz demo!
[TEST_CASE_COMPLETED]
Hello from FreeRTOS fuzz demo!
[TEST_CASE_COMPLETED]
Hello from FreeRTOS fuzz demo!
[TEST_CASE_COMPLETED]
Hello from FreeRTOS fuzz demo!
[TEST_CASE_COMPLETED]
Hello from FreeRTOS fuzz demo!
[UserStats   #1]  (GLOBAL) run time: 2m-13s, clients: 1, corpus: 74, objectives: 0, executions: 1222, exec/sec: 9.162, stability: 100.000%, edges: 100.000%
                  (CLIENT) corpus: 74, objectives: 0, executions: 1222, exec/sec: 9.162, edges: 564/564 (100%), stability: 535/535 (100%)
[Testcase    #1]  (GLOBAL) run time: 2m-13s, clients: 1, corpus: 75, objectives: 0, executions: 1222, exec/sec: 9.162, stability: 100.000%, edges: 100.000%
                  (CLIENT) corpus: 75, objectives: 0, executions: 1222, exec/sec: 9.162, edges: 564/564 (100%), stability: 535/535 (100%)
[TEST_CASE_COMPLETED]
Hello from FreeRTOS fuzz demo!
[TEST_CASE_COMPLETED]
Hello from FreeRTOS fuzz demo!
[TEST_CASE_COMPLETED]
Hello from FreeRTOS fuzz demo!
[TEST_CASE_COMPLETED]
Hello from FreeRTOS fuzz demo!
[TEST_CASE_COMPLETED]
Hello from FreeRTOS fuzz demo!
[TEST_CASE_COMPLETED]
Hello from FreeRTOS fuzz demo!
[TEST_CASE_COMPLETED]
Hello from FreeRTOS fuzz demo!
[TEST_CASE_COMPLETED]
Hello from FreeRTOS fuzz demo!
[TEST_CASE_COMPLETED]
Hello from FreeRTOS fuzz demo!
[TEST_CASE_COMPLETED]
Hello from FreeRTOS fuzz demo!
[TEST_CASE_COMPLETED]
Hello from FreeRTOS fuzz demo!
[TEST_CASE_COMPLETED]
Hello from FreeRTOS fuzz demo!
[TEST_CASE_COMPLETED]
Hello from FreeRTOS fuzz demo!
[TEST_CASE_COMPLETED]
Hello from FreeRTOS fuzz demo!
[TEST_CASE_COMPLETED]
Hello from FreeRTOS fuzz demo!
[TEST_CASE_COMPLETED]
Hello from FreeRTOS fuzz demo!
[TEST_CASE_COMPLETED]
Hello from FreeRTOS fuzz demo!
[TEST_CASE_COMPLETED]
Hello from FreeRTOS fuzz demo!
[TEST_CASE_COMPLETED]
Hello from FreeRTOS fuzz demo!
[TEST_CASE_COMPLETED]
Hello from FreeRTOS fuzz demo!
[TEST_CASE_COMPLETED]
Hello from FreeRTOS fuzz demo!
[TEST_CASE_COMPLETED]
Hello from FreeRTOS fuzz demo!
[TEST_CASE_COMPLETED]
Hello from FreeRTOS fuzz demo!
[TEST_CASE_COMPLETED]
Hello from FreeRTOS fuzz demo!
[TEST_CASE_COMPLETED]
Hello from FreeRTOS fuzz demo!
[TEST_CASE_COMPLETED]
Hello from FreeRTOS fuzz demo!
[TEST_CASE_COMPLETED]
Hello from FreeRTOS fuzz demo!
[UserStats   #1]  (GLOBAL) run time: 2m-17s, clients: 1, corpus: 75, objectives: 0, executions: 1250, exec/sec: 9.143, stability: 100.000%, edges: 100.000%
                  (CLIENT) corpus: 75, objectives: 0, executions: 1250, exec/sec: 9.143, edges: 565/565 (100%), stability: 535/535 (100%)
[Testcase    #1]  (GLOBAL) run time: 2m-17s, clients: 1, corpus: 76, objectives: 0, executions: 1250, exec/sec: 9.143, stability: 100.000%, edges: 100.000%
                  (CLIENT) corpus: 76, objectives: 0, executions: 1250, exec/sec: 9.143, edges: 565/565 (100%), stability: 535/535 (100%)
[TEST_CASE_COMPLETED]
Hello from FreeRTOS fuzz demo!
[TEST_CASE_COMPLETED]
Hello from FreeRTOS fuzz demo!
[TEST_CASE_COMPLETED]
Hello from FreeRTOS fuzz demo!
[TEST_CASE_COMPLETED]
Hello from FreeRTOS fuzz demo!
[TEST_CASE_COMPLETED]
Hello from FreeRTOS fuzz demo!
[TEST_CASE_COMPLETED]
Hello from FreeRTOS fuzz demo!
[TEST_CASE_COMPLETED]
Hello from FreeRTOS fuzz demo!
[TEST_CASE_COMPLETED]
Hello from FreeRTOS fuzz demo!
[TEST_CASE_COMPLETED]
Hello from FreeRTOS fuzz demo!
[TEST_CASE_COMPLETED]
Hello from FreeRTOS fuzz demo!
[TEST_CASE_COMPLETED]
Hello from FreeRTOS fuzz demo!
[TEST_CASE_COMPLETED]
Hello from FreeRTOS fuzz demo!
[TEST_CASE_COMPLETED]
Hello from FreeRTOS fuzz demo!
[TEST_CASE_COMPLETED]
Hello from FreeRTOS fuzz demo!
[TEST_CASE_COMPLETED]
Hello from FreeRTOS fuzz demo!
[TEST_CASE_COMPLETED]
Hello from FreeRTOS fuzz demo!
[TEST_CASE_COMPLETED]
Hello from FreeRTOS fuzz demo!
[TEST_CASE_COMPLETED]
Hello from FreeRTOS fuzz demo!
[TEST_CASE_COMPLETED]
Hello from FreeRTOS fuzz demo!
[TEST_CASE_COMPLETED]
Hello from FreeRTOS fuzz demo!
[UserStats   #1]  (GLOBAL) run time: 2m-19s, clients: 1, corpus: 76, objectives: 0, executions: 1270, exec/sec: 9.149, stability: 100.000%, edges: 100.000%
                  (CLIENT) corpus: 76, objectives: 0, executions: 1270, exec/sec: 9.149, edges: 565/565 (100%), stability: 535/535 (100%)
[Testcase    #1]  (GLOBAL) run time: 2m-19s, clients: 1, corpus: 77, objectives: 0, executions: 1270, exec/sec: 9.149, stability: 100.000%, edges: 100.000%
                  (CLIENT) corpus: 77, objectives: 0, executions: 1270, exec/sec: 9.149, edges: 565/565 (100%), stability: 535/535 (100%)
[TEST_CASE_COMPLETED]
Hello from FreeRTOS fuzz demo!
[TEST_CASE_COMPLETED]
Hello from FreeRTOS fuzz demo!
[TEST_CASE_COMPLETED]
Hello from FreeRTOS fuzz demo!
[TEST_CASE_COMPLETED]
Hello from FreeRTOS fuzz demo!
[TEST_CASE_COMPLETED]
Hello from FreeRTOS fuzz demo!
[TEST_CASE_COMPLETED]
Hello from FreeRTOS fuzz demo!
[TEST_CASE_COMPLETED]
Hello from FreeRTOS fuzz demo!
[TEST_CASE_COMPLETED]
Hello from FreeRTOS fuzz demo!
[TEST_CASE_COMPLETED]
Hello from FreeRTOS fuzz demo!
[TEST_CASE_COMPLETED]
Hello from FreeRTOS fuzz demo!
[TEST_CASE_COMPLETED]
Hello from FreeRTOS fuzz demo!
[TEST_CASE_COMPLETED]
Hello from FreeRTOS fuzz demo!
[TEST_CASE_COMPLETED]
Hello from FreeRTOS fuzz demo!
[TEST_CASE_COMPLETED]
Hello from FreeRTOS fuzz demo!
[TEST_CASE_COMPLETED]
Hello from FreeRTOS fuzz demo!
[TEST_CASE_COMPLETED]
Hello from FreeRTOS fuzz demo!
[TEST_CASE_COMPLETED]
Hello from FreeRTOS fuzz demo!
[TEST_CASE_COMPLETED]
Hello from FreeRTOS fuzz demo!
[TEST_CASE_COMPLETED]
Hello from FreeRTOS fuzz demo!
[TEST_CASE_COMPLETED]
Hello from FreeRTOS fuzz demo!
[TEST_CASE_COMPLETED]
Hello from FreeRTOS fuzz demo!
[TEST_CASE_COMPLETED]
Hello from FreeRTOS fuzz demo!
[TEST_CASE_COMPLETED]
Hello from FreeRTOS fuzz demo!
[TEST_CASE_COMPLETED]
Hello from FreeRTOS fuzz demo!
[TEST_CASE_COMPLETED]
Hello from FreeRTOS fuzz demo!
[UserStats   #1]  (GLOBAL) run time: 2m-21s, clients: 1, corpus: 77, objectives: 0, executions: 1295, exec/sec: 9.156, stability: 100.000%, edges: 100.000%
                  (CLIENT) corpus: 77, objectives: 0, executions: 1295, exec/sec: 9.156, edges: 566/566 (100%), stability: 535/535 (100%)
[Testcase    #1]  (GLOBAL) run time: 2m-21s, clients: 1, corpus: 78, objectives: 0, executions: 1295, exec/sec: 9.156, stability: 100.000%, edges: 100.000%
                  (CLIENT) corpus: 78, objectives: 0, executions: 1295, exec/sec: 9.156, edges: 566/566 (100%), stability: 535/535 (100%)
[TEST_CASE_COMPLETED]
Hello from FreeRTOS fuzz demo!
[TEST_CASE_COMPLETED]
Hello from FreeRTOS fuzz demo!
[TEST_CASE_COMPLETED]
Hello from FreeRTOS fuzz demo!
[UserStats   #1]  (GLOBAL) run time: 2m-22s, clients: 1, corpus: 78, objectives: 0, executions: 1298, exec/sec: 9.130, stability: 100.000%, edges: 100.000%
                  (CLIENT) corpus: 78, objectives: 0, executions: 1298, exec/sec: 9.130, edges: 567/567 (100%), stability: 535/535 (100%)
[Testcase    #1]  (GLOBAL) run time: 2m-22s, clients: 1, corpus: 79, objectives: 0, executions: 1298, exec/sec: 9.130, stability: 100.000%, edges: 100.000%
                  (CLIENT) corpus: 79, objectives: 0, executions: 1298, exec/sec: 9.130, edges: 567/567 (100%), stability: 535/535 (100%)
[TEST_CASE_COMPLETED]
Hello from FreeRTOS fuzz demo!
[TEST_CASE_COMPLETED]
Hello from FreeRTOS fuzz demo!
[TEST_CASE_COMPLETED]
Hello from FreeRTOS fuzz demo!
[TEST_CASE_COMPLETED]
Hello from FreeRTOS fuzz demo!
[TEST_CASE_COMPLETED]
Hello from FreeRTOS fuzz demo!
[TEST_CASE_COMPLETED]
Hello from FreeRTOS fuzz demo!
[TEST_CASE_COMPLETED]
Hello from FreeRTOS fuzz demo!
[TEST_CASE_COMPLETED]
Hello from FreeRTOS fuzz demo!
[TEST_CASE_COMPLETED]
Hello from FreeRTOS fuzz demo!
[TEST_CASE_COMPLETED]
Hello from FreeRTOS fuzz demo!
[TEST_CASE_COMPLETED]
Hello from FreeRTOS fuzz demo!
[TEST_CASE_COMPLETED]
Hello from FreeRTOS fuzz demo!
[TEST_CASE_COMPLETED]
Hello from FreeRTOS fuzz demo!
[TEST_CASE_COMPLETED]
Hello from FreeRTOS fuzz demo!
[TEST_CASE_COMPLETED]
Hello from FreeRTOS fuzz demo!
[TEST_CASE_COMPLETED]
Hello from FreeRTOS fuzz demo!
[TEST_CASE_COMPLETED]
Hello from FreeRTOS fuzz demo!
[TEST_CASE_COMPLETED]
Hello from FreeRTOS fuzz demo!
[TEST_CASE_COMPLETED]
Hello from FreeRTOS fuzz demo!
[TEST_CASE_COMPLETED]
Hello from FreeRTOS fuzz demo!
[TEST_CASE_COMPLETED]
Hello from FreeRTOS fuzz demo!
[TEST_CASE_COMPLETED]
Hello from FreeRTOS fuzz demo!
[TEST_CASE_COMPLETED]
Hello from FreeRTOS fuzz demo!
[TEST_CASE_COMPLETED]
Hello from FreeRTOS fuzz demo!
[UserStats   #1]  (GLOBAL) run time: 2m-25s, clients: 1, corpus: 79, objectives: 0, executions: 1322, exec/sec: 9.092, stability: 100.000%, edges: 100.000%
                  (CLIENT) corpus: 79, objectives: 0, executions: 1322, exec/sec: 9.092, edges: 567/567 (100%), stability: 535/535 (100%)
[Testcase    #1]  (GLOBAL) run time: 2m-25s, clients: 1, corpus: 80, objectives: 0, executions: 1322, exec/sec: 9.092, stability: 100.000%, edges: 100.000%
                  (CLIENT) corpus: 80, objectives: 0, executions: 1322, exec/sec: 9.092, edges: 567/567 (100%), stability: 535/535 (100%)
[TEST_CASE_COMPLETED]
Hello from FreeRTOS fuzz demo!
[TEST_CASE_COMPLETED]
Hello from FreeRTOS fuzz demo!
[TEST_CASE_COMPLETED]
Hello from FreeRTOS fuzz demo!
[TEST_CASE_COMPLETED]
Hello from FreeRTOS fuzz demo!
[TEST_CASE_COMPLETED]
Hello from FreeRTOS fuzz demo!
[TEST_CASE_COMPLETED]
Hello from FreeRTOS fuzz demo!
[TEST_CASE_COMPLETED]
Hello from FreeRTOS fuzz demo!
[TEST_CASE_COMPLETED]
Hello from FreeRTOS fuzz demo!
[TEST_CASE_COMPLETED]
Hello from FreeRTOS fuzz demo!
[TEST_CASE_COMPLETED]
Hello from FreeRTOS fuzz demo!
[TEST_CASE_COMPLETED]
Hello from FreeRTOS fuzz demo!
[TEST_CASE_COMPLETED]
Hello from FreeRTOS fuzz demo!
[TEST_CASE_COMPLETED]
Hello from FreeRTOS fuzz demo!
[TEST_CASE_COMPLETED]
Hello from FreeRTOS fuzz demo!
[TEST_CASE_COMPLETED]
Hello from FreeRTOS fuzz demo!
[TEST_CASE_COMPLETED]
Hello from FreeRTOS fuzz demo!
[UserStats   #1]  (GLOBAL) run time: 2m-28s, clients: 1, corpus: 80, objectives: 0, executions: 1336, exec/sec: 9.039, stability: 100.000%, edges: 100.000%
                  (CLIENT) corpus: 80, objectives: 0, executions: 1336, exec/sec: 9.039, edges: 567/567 (100%), stability: 535/535 (100%)
[Testcase    #1]  (GLOBAL) run time: 2m-28s, clients: 1, corpus: 81, objectives: 0, executions: 1336, exec/sec: 9.039, stability: 100.000%, edges: 100.000%
                  (CLIENT) corpus: 81, objectives: 0, executions: 1336, exec/sec: 9.039, edges: 567/567 (100%), stability: 535/535 (100%)
[TEST_CASE_COMPLETED]
Hello from FreeRTOS fuzz demo!
[TEST_CASE_COMPLETED]
Hello from FreeRTOS fuzz demo!
[TEST_CASE_COMPLETED]
Hello from FreeRTOS fuzz demo!
[TEST_CASE_COMPLETED]
Hello from FreeRTOS fuzz demo!
[TEST_CASE_COMPLETED]
Hello from FreeRTOS fuzz demo!
[TEST_CASE_COMPLETED]
Hello from FreeRTOS fuzz demo!
[TEST_CASE_COMPLETED]
Hello from FreeRTOS fuzz demo!
[TEST_CASE_COMPLETED]
Hello from FreeRTOS fuzz demo!
[TEST_CASE_COMPLETED]
Hello from FreeRTOS fuzz demo!
[TEST_CASE_COMPLETED]
Hello from FreeRTOS fuzz demo!
[TEST_CASE_COMPLETED]
Hello from FreeRTOS fuzz demo!
[TEST_CASE_COMPLETED]
Hello from FreeRTOS fuzz demo!
[TEST_CASE_COMPLETED]
Hello from FreeRTOS fuzz demo!
[TEST_CASE_COMPLETED]
Hello from FreeRTOS fuzz demo!
[TEST_CASE_COMPLETED]
Hello from FreeRTOS fuzz demo!
[TEST_CASE_COMPLETED]
Hello from FreeRTOS fuzz demo!
[TEST_CASE_COMPLETED]
Hello from FreeRTOS fuzz demo!
[TEST_CASE_COMPLETED]
Hello from FreeRTOS fuzz demo!
[TEST_CASE_COMPLETED]
Hello from FreeRTOS fuzz demo!
[TEST_CASE_COMPLETED]
Hello from FreeRTOS fuzz demo!
[TEST_CASE_COMPLETED]
Hello from FreeRTOS fuzz demo!
[TEST_CASE_COMPLETED]
Hello from FreeRTOS fuzz demo!
[TEST_CASE_COMPLETED]
Hello from FreeRTOS fuzz demo!
[TEST_CASE_COMPLETED]
Hello from FreeRTOS fuzz demo!
[TEST_CASE_COMPLETED]
Hello from FreeRTOS fuzz demo!
[TEST_CASE_COMPLETED]
Hello from FreeRTOS fuzz demo!
[TEST_CASE_COMPLETED]
Hello from FreeRTOS fuzz demo!
[TEST_CASE_COMPLETED]
Hello from FreeRTOS fuzz demo!
[TEST_CASE_COMPLETED]
Hello from FreeRTOS fuzz demo!
[TEST_CASE_COMPLETED]
Hello from FreeRTOS fuzz demo!
[UserStats   #1]  (GLOBAL) run time: 2m-31s, clients: 1, corpus: 81, objectives: 0, executions: 1368, exec/sec: 9.020, stability: 100.000%, edges: 100.000%
                  (CLIENT) corpus: 81, objectives: 0, executions: 1368, exec/sec: 9.020, edges: 567/567 (100%), stability: 535/535 (100%)
[Testcase    #1]  (GLOBAL) run time: 2m-31s, clients: 1, corpus: 82, objectives: 0, executions: 1368, exec/sec: 9.020, stability: 100.000%, edges: 100.000%
                  (CLIENT) corpus: 82, objectives: 0, executions: 1368, exec/sec: 9.020, edges: 567/567 (100%), stability: 535/535 (100%)
[TEST_CASE_COMPLETED]
Hello from FreeRTOS fuzz demo!
[TEST_CASE_COMPLETED]
Hello from FreeRTOS fuzz demo!
[TEST_CASE_COMPLETED]
Hello from FreeRTOS fuzz demo!
[TEST_CASE_COMPLETED]
Hello from FreeRTOS fuzz demo!
[TEST_CASE_COMPLETED]
Hello from FreeRTOS fuzz demo!
[TEST_CASE_COMPLETED]
Hello from FreeRTOS fuzz demo!
[TEST_CASE_COMPLETED]
Hello from FreeRTOS fuzz demo!
[TEST_CASE_COMPLETED]
Hello from FreeRTOS fuzz demo!
[TEST_CASE_COMPLETED]
Hello from FreeRTOS fuzz demo!
[TEST_CASE_COMPLETED]
Hello from FreeRTOS fuzz demo!
[UserStats   #1]  (GLOBAL) run time: 2m-33s, clients: 1, corpus: 82, objectives: 0, executions: 1378, exec/sec: 8.987, stability: 100.000%, edges: 100.000%
                  (CLIENT) corpus: 82, objectives: 0, executions: 1378, exec/sec: 8.987, edges: 568/568 (100%), stability: 535/535 (100%)
[Testcase    #1]  (GLOBAL) run time: 2m-33s, clients: 1, corpus: 83, objectives: 0, executions: 1378, exec/sec: 8.987, stability: 100.000%, edges: 100.000%
                  (CLIENT) corpus: 83, objectives: 0, executions: 1378, exec/sec: 8.987, edges: 568/568 (100%), stability: 535/535 (100%)
[TEST_CASE_COMPLETED]
Hello from FreeRTOS fuzz demo!
[TEST_CASE_COMPLETED]
Hello from FreeRTOS fuzz demo!
[TEST_CASE_COMPLETED]
Hello from FreeRTOS fuzz demo!
[TEST_CASE_COMPLETED]
Hello from FreeRTOS fuzz demo!
[TEST_CASE_COMPLETED]
Hello from FreeRTOS fuzz demo!
[TEST_CASE_COMPLETED]
Hello from FreeRTOS fuzz demo!
[TEST_CASE_COMPLETED]
Hello from FreeRTOS fuzz demo!
[TEST_CASE_COMPLETED]
Hello from FreeRTOS fuzz demo!
[TEST_CASE_COMPLETED]
Hello from FreeRTOS fuzz demo!
[TEST_CASE_COMPLETED]
Hello from FreeRTOS fuzz demo!
[TEST_CASE_COMPLETED]
Hello from FreeRTOS fuzz demo!
[TEST_CASE_COMPLETED]
Hello from FreeRTOS fuzz demo!
[TEST_CASE_COMPLETED]
Hello from FreeRTOS fuzz demo!
[TEST_CASE_COMPLETED]
Hello from FreeRTOS fuzz demo!
[Client Heartbeat #1]  (GLOBAL) run time: 2m-36s, clients: 1, corpus: 83, objectives: 0, executions: 1392, exec/sec: 8.903, stability: 100.000%, edges: 100.000%
                       (CLIENT) corpus: 83, objectives: 0, executions: 1392, exec/sec: 8.903, edges: 568/568 (100%), stability: 535/535 (100%)
[TEST_CASE_COMPLETED]
Hello from FreeRTOS fuzz demo!
[TEST_CASE_COMPLETED]
Hello from FreeRTOS fuzz demo!
[TEST_CASE_COMPLETED]
Hello from FreeRTOS fuzz demo!
[TEST_CASE_COMPLETED]
Hello from FreeRTOS fuzz demo!
[TEST_CASE_COMPLETED]
Hello from FreeRTOS fuzz demo!
[TEST_CASE_COMPLETED]
Hello from FreeRTOS fuzz demo!
[TEST_CASE_COMPLETED]
Hello from FreeRTOS fuzz demo!
[TEST_CASE_COMPLETED]
Hello from FreeRTOS fuzz demo!
[TEST_CASE_COMPLETED]
Hello from FreeRTOS fuzz demo!
[TEST_CASE_COMPLETED]
Hello from FreeRTOS fuzz demo!
[TEST_CASE_COMPLETED]
Hello from FreeRTOS fuzz demo!
[TEST_CASE_COMPLETED]
Hello from FreeRTOS fuzz demo!
[TEST_CASE_COMPLETED]
Hello from FreeRTOS fuzz demo!
[TEST_CASE_COMPLETED]
Hello from FreeRTOS fuzz demo!
[TEST_CASE_COMPLETED]
Hello from FreeRTOS fuzz demo!
[TEST_CASE_COMPLETED]
Hello from FreeRTOS fuzz demo!
[TEST_CASE_COMPLETED]
Hello from FreeRTOS fuzz demo!
[TEST_CASE_COMPLETED]
Hello from FreeRTOS fuzz demo!
[TEST_CASE_COMPLETED]
Hello from FreeRTOS fuzz demo!
[TEST_CASE_COMPLETED]
Hello from FreeRTOS fuzz demo!
[TEST_CASE_COMPLETED]
Hello from FreeRTOS fuzz demo!
[TEST_CASE_COMPLETED]
Hello from FreeRTOS fuzz demo!
[TEST_CASE_COMPLETED]
Hello from FreeRTOS fuzz demo!
[TEST_CASE_COMPLETED]
Hello from FreeRTOS fuzz demo!
[TEST_CASE_COMPLETED]
Hello from FreeRTOS fuzz demo!
[TEST_CASE_COMPLETED]
Hello from FreeRTOS fuzz demo!
[TEST_CASE_COMPLETED]
Hello from FreeRTOS fuzz demo!
[TEST_CASE_COMPLETED]
Hello from FreeRTOS fuzz demo!
[TEST_CASE_COMPLETED]
Hello from FreeRTOS fuzz demo!
[TEST_CASE_COMPLETED]
Hello from FreeRTOS fuzz demo!
[TEST_CASE_COMPLETED]
Hello from FreeRTOS fuzz demo!
[TEST_CASE_COMPLETED]
Hello from FreeRTOS fuzz demo!
[TEST_CASE_COMPLETED]
Hello from FreeRTOS fuzz demo!
[TEST_CASE_COMPLETED]
Hello from FreeRTOS fuzz demo!
[TEST_CASE_COMPLETED]
Hello from FreeRTOS fuzz demo!
[TEST_CASE_COMPLETED]
Hello from FreeRTOS fuzz demo!
[TEST_CASE_COMPLETED]
Hello from FreeRTOS fuzz demo!
[TEST_CASE_COMPLETED]
Hello from FreeRTOS fuzz demo!
[TEST_CASE_COMPLETED]
Hello from FreeRTOS fuzz demo!
[TEST_CASE_COMPLETED]
Hello from FreeRTOS fuzz demo!
[TEST_CASE_COMPLETED]
Hello from FreeRTOS fuzz demo!
[TEST_CASE_COMPLETED]
Hello from FreeRTOS fuzz demo!
[TEST_CASE_COMPLETED]
Hello from FreeRTOS fuzz demo!
[TEST_CASE_COMPLETED]
Hello from FreeRTOS fuzz demo!
[TEST_CASE_COMPLETED]
Hello from FreeRTOS fuzz demo!
[TEST_CASE_COMPLETED]
Hello from FreeRTOS fuzz demo!
[TEST_CASE_COMPLETED]
Hello from FreeRTOS fuzz demo!
[TEST_CASE_COMPLETED]
Hello from FreeRTOS fuzz demo!
[UserStats   #1]  (GLOBAL) run time: 2m-42s, clients: 1, corpus: 83, objectives: 0, executions: 1440, exec/sec: 8.877, stability: 100.000%, edges: 100.000%
                  (CLIENT) corpus: 83, objectives: 0, executions: 1440, exec/sec: 8.877, edges: 569/569 (100%), stability: 535/535 (100%)
[Testcase    #1]  (GLOBAL) run time: 2m-42s, clients: 1, corpus: 84, objectives: 0, executions: 1440, exec/sec: 8.877, stability: 100.000%, edges: 100.000%
                  (CLIENT) corpus: 84, objectives: 0, executions: 1440, exec/sec: 8.877, edges: 569/569 (100%), stability: 535/535 (100%)
[TEST_CASE_COMPLETED]
Hello from FreeRTOS fuzz demo!
[TEST_CASE_COMPLETED]
Hello from FreeRTOS fuzz demo!
[TEST_CASE_COMPLETED]
Hello from FreeRTOS fuzz demo!
[TEST_CASE_COMPLETED]
Hello from FreeRTOS fuzz demo!
[TEST_CASE_COMPLETED]
Hello from FreeRTOS fuzz demo!
[TEST_CASE_COMPLETED]
Hello from FreeRTOS fuzz demo!
[TEST_CASE_COMPLETED]
Hello from FreeRTOS fuzz demo!
[TEST_CASE_COMPLETED]
Hello from FreeRTOS fuzz demo!
[TEST_CASE_COMPLETED]
Hello from FreeRTOS fuzz demo!
[TEST_CASE_COMPLETED]
Hello from FreeRTOS fuzz demo!
[TEST_CASE_COMPLETED]
Hello from FreeRTOS fuzz demo!
[TEST_CASE_COMPLETED]
Hello from FreeRTOS fuzz demo!
[TEST_CASE_COMPLETED]
Hello from FreeRTOS fuzz demo!
[TEST_CASE_COMPLETED]
Hello from FreeRTOS fuzz demo!
[TEST_CASE_COMPLETED]
Hello from FreeRTOS fuzz demo!
[TEST_CASE_COMPLETED]
Hello from FreeRTOS fuzz demo!
[TEST_CASE_COMPLETED]
Hello from FreeRTOS fuzz demo!
[TEST_CASE_COMPLETED]
Hello from FreeRTOS fuzz demo!
[TEST_CASE_COMPLETED]
Hello from FreeRTOS fuzz demo!
[TEST_CASE_COMPLETED]
Hello from FreeRTOS fuzz demo!
[TEST_CASE_COMPLETED]
Hello from FreeRTOS fuzz demo!
[TEST_CASE_COMPLETED]
Hello from FreeRTOS fuzz demo!
[TEST_CASE_COMPLETED]
Hello from FreeRTOS fuzz demo!
[TEST_CASE_COMPLETED]
Hello from FreeRTOS fuzz demo!
[TEST_CASE_COMPLETED]
Hello from FreeRTOS fuzz demo!
[UserStats   #1]  (GLOBAL) run time: 2m-46s, clients: 1, corpus: 84, objectives: 0, executions: 1465, exec/sec: 8.837, stability: 100.000%, edges: 100.000%
                  (CLIENT) corpus: 84, objectives: 0, executions: 1465, exec/sec: 8.837, edges: 569/569 (100%), stability: 535/535 (100%)
[Testcase    #1]  (GLOBAL) run time: 2m-46s, clients: 1, corpus: 85, objectives: 0, executions: 1465, exec/sec: 8.837, stability: 100.000%, edges: 100.000%
                  (CLIENT) corpus: 85, objectives: 0, executions: 1465, exec/sec: 8.837, edges: 569/569 (100%), stability: 535/535 (100%)
[TEST_CASE_COMPLETED]
Hello from FreeRTOS fuzz demo!
[TEST_CASE_COMPLETED]
Hello from FreeRTOS fuzz demo!
[TEST_CASE_COMPLETED]
Hello from FreeRTOS fuzz demo!
[TEST_CASE_COMPLETED]
Hello from FreeRTOS fuzz demo!
[TEST_CASE_COMPLETED]
Hello from FreeRTOS fuzz demo!
[TEST_CASE_COMPLETED]
Hello from FreeRTOS fuzz demo!
[TEST_CASE_COMPLETED]
Hello from FreeRTOS fuzz demo!
[TEST_CASE_COMPLETED]
Hello from FreeRTOS fuzz demo!
[TEST_CASE_COMPLETED]
Hello from FreeRTOS fuzz demo!
[TEST_CASE_COMPLETED]
Hello from FreeRTOS fuzz demo!
[TEST_CASE_COMPLETED]
Hello from FreeRTOS fuzz demo!
[TEST_CASE_COMPLETED]
Hello from FreeRTOS fuzz demo!
[TEST_CASE_COMPLETED]
Hello from FreeRTOS fuzz demo!
[TEST_CASE_COMPLETED]
Hello from FreeRTOS fuzz demo!
[TEST_CASE_COMPLETED]
Hello from FreeRTOS fuzz demo!
[TEST_CASE_COMPLETED]
Hello from FreeRTOS fuzz demo!
[TEST_CASE_COMPLETED]
Hello from FreeRTOS fuzz demo!
[TEST_CASE_COMPLETED]
Hello from FreeRTOS fuzz demo!
[TEST_CASE_COMPLETED]
Hello from FreeRTOS fuzz demo!
[TEST_CASE_COMPLETED]
Hello from FreeRTOS fuzz demo!
[TEST_CASE_COMPLETED]
Hello from FreeRTOS fuzz demo!
[TEST_CASE_COMPLETED]
Hello from FreeRTOS fuzz demo!
[TEST_CASE_COMPLETED]
Hello from FreeRTOS fuzz demo!
[TEST_CASE_COMPLETED]
Hello from FreeRTOS fuzz demo!
[TEST_CASE_COMPLETED]
Hello from FreeRTOS fuzz demo!
[TEST_CASE_COMPLETED]
Hello from FreeRTOS fuzz demo!
[TEST_CASE_COMPLETED]
Hello from FreeRTOS fuzz demo!
[TEST_CASE_COMPLETED]
Hello from FreeRTOS fuzz demo!
[TEST_CASE_COMPLETED]
Hello from FreeRTOS fuzz demo!
[TEST_CASE_COMPLETED]
Hello from FreeRTOS fuzz demo!
[TEST_CASE_COMPLETED]
Hello from FreeRTOS fuzz demo!
[TEST_CASE_COMPLETED]
Hello from FreeRTOS fuzz demo!
[TEST_CASE_COMPLETED]
Hello from FreeRTOS fuzz demo!
[TEST_CASE_COMPLETED]
Hello from FreeRTOS fuzz demo!
[TEST_CASE_COMPLETED]
Hello from FreeRTOS fuzz demo!
[TEST_CASE_COMPLETED]
Hello from FreeRTOS fuzz demo!
[TEST_CASE_COMPLETED]
Hello from FreeRTOS fuzz demo!
[TEST_CASE_COMPLETED]
Hello from FreeRTOS fuzz demo!
[TEST_CASE_COMPLETED]
Hello from FreeRTOS fuzz demo!
[TEST_CASE_COMPLETED]
Hello from FreeRTOS fuzz demo!
[TEST_CASE_COMPLETED]
Hello from FreeRTOS fuzz demo!
[TEST_CASE_COMPLETED]
Hello from FreeRTOS fuzz demo!
[UserStats   #1]  (GLOBAL) run time: 2m-51s, clients: 1, corpus: 85, objectives: 0, executions: 1506, exec/sec: 8.818, stability: 100.000%, edges: 100.000%
                  (CLIENT) corpus: 85, objectives: 0, executions: 1506, exec/sec: 8.818, edges: 570/570 (100%), stability: 535/535 (100%)
[Testcase    #1]  (GLOBAL) run time: 2m-51s, clients: 1, corpus: 86, objectives: 0, executions: 1506, exec/sec: 8.818, stability: 100.000%, edges: 100.000%
                  (CLIENT) corpus: 86, objectives: 0, executions: 1506, exec/sec: 8.818, edges: 570/570 (100%), stability: 535/535 (100%)
[TEST_CASE_COMPLETED]
Hello from FreeRTOS fuzz demo!
[TEST_CASE_COMPLETED]
Hello from FreeRTOS fuzz demo!
[TEST_CASE_COMPLETED]
Hello from FreeRTOS fuzz demo!
[TEST_CASE_COMPLETED]
Hello from FreeRTOS fuzz demo!
[TEST_CASE_COMPLETED]
Hello from FreeRTOS fuzz demo!
[TEST_CASE_COMPLETED]
Hello from FreeRTOS fuzz demo!
[TEST_CASE_COMPLETED]
Hello from FreeRTOS fuzz demo!
[TEST_CASE_COMPLETED]
Hello from FreeRTOS fuzz demo!
[TEST_CASE_COMPLETED]
Hello from FreeRTOS fuzz demo!
[TEST_CASE_COMPLETED]
Hello from FreeRTOS fuzz demo!
[TEST_CASE_COMPLETED]
Hello from FreeRTOS fuzz demo!
[TEST_CASE_COMPLETED]
Hello from FreeRTOS fuzz demo!
[TEST_CASE_COMPLETED]
Hello from FreeRTOS fuzz demo!
[TEST_CASE_COMPLETED]
Hello from FreeRTOS fuzz demo!
[TEST_CASE_COMPLETED]
Hello from FreeRTOS fuzz demo!
[TEST_CASE_COMPLETED]
Hello from FreeRTOS fuzz demo!
[TEST_CASE_COMPLETED]
Hello from FreeRTOS fuzz demo!
[TEST_CASE_COMPLETED]
Hello from FreeRTOS fuzz demo!
[TEST_CASE_COMPLETED]
Hello from FreeRTOS fuzz demo!
[TEST_CASE_COMPLETED]
Hello from FreeRTOS fuzz demo!
[TEST_CASE_COMPLETED]
Hello from FreeRTOS fuzz demo!
[TEST_CASE_COMPLETED]
Hello from FreeRTOS fuzz demo!
[TEST_CASE_COMPLETED]
Hello from FreeRTOS fuzz demo!
[TEST_CASE_COMPLETED]
Hello from FreeRTOS fuzz demo!
[TEST_CASE_COMPLETED]
Hello from FreeRTOS fuzz demo!
[TEST_CASE_COMPLETED]
Hello from FreeRTOS fuzz demo!
[TEST_CASE_COMPLETED]
Hello from FreeRTOS fuzz demo[UserStats   #1]  (GLOBAL) run time: 2m-52s, clients: 1, corpus: 86, objectives: 0, executions: 1532, exec/sec: 8.888, stability: 100.000%, edges: 100.000%
!
                  (CLIENT) corpus: 86, objectives: 0, executions: 1532, exec/sec: 8.888, edges: 571/571 (100%), stability: 535/535 (100%)
[Testcase    #1]  (GLOBAL) run time: 2m-52s, clients: 1, corpus: 87, objectives: 0, executions: 1532, exec/sec: 8.888, stability: 100.000%, edges: 100.000%
                  (CLIENT) corpus: 87, objectives: 0, executions: 1532, exec/sec: 8.888, edges: 571/571 (100%), stability: 535/535 (100%)
[TEST_CASE_COMPLETED]
Hello from FreeRTOS fuzz demo!
[TEST_CASE_COMPLETED]
Hello from FreeRTOS fuzz demo!
[TEST_CASE_COMPLETED]
Hello from FreeRTOS fuzz demo!
[TEST_CASE_COMPLETED]
Hello from FreeRTOS fuzz demo!
[TEST_CASE_COMPLETED]
Hello from FreeRTOS fuzz demo!
[TEST_CASE_COMPLETED]
Hello from FreeRTOS fuzz demo!
[TEST_CASE_COMPLETED]
Hello from FreeRTOS fuzz demo!
[TEST_CASE_COMPLETED]
Hello from FreeRTOS fuzz demo!
[TEST_CASE_COMPLETED]
Hello from FreeRTOS fuzz demo!
[TEST_CASE_COMPLETED]
Hello from FreeRTOS fuzz demo!
[TEST_CASE_COMPLETED]
Hello from FreeRTOS fuzz demo!
[TEST_CASE_COMPLETED]
Hello from FreeRTOS fuzz demo!
[TEST_CASE_COMPLETED]
Hello from FreeRTOS fuzz demo!
[TEST_CASE_COMPLETED]
Hello from FreeRTOS fuzz demo!
[TEST_CASE_COMPLETED]
Hello from FreeRTOS fuzz demo!
[TEST_CASE_COMPLETED]
Hello from FreeRTOS fuzz demo!
[TEST_CASE_COMPLETED]
Hello from FreeRTOS fuzz demo!
[TEST_CASE_COMPLETED]
Hello from FreeRTOS fuzz demo!
[TEST_CASE_COMPLETED]
Hello from FreeRTOS fuzz demo!
[TEST_CASE_COMPLETED]
Hello from FreeRTOS fuzz demo!
[TEST_CASE_COMPLETED]
Hello from FreeRTOS fuzz demo!
[TEST_CASE_COMPLETED]
Hello from FreeRTOS fuzz demo!
[TEST_CASE_COMPLETED]
Hello from FreeRTOS fuzz demo!
[TEST_CASE_COMPLETED]
Hello from FreeRTOS fuzz demo!
[TEST_CASE_COMPLETED]
Hello from FreeRTOS fuzz demo!
[TEST_CASE_COMPLETED]
Hello from FreeRTOS fuzz demo!
[TEST_CASE_COMPLETED]
Hello from FreeRTOS fuzz demo!
[TEST_CASE_COMPLETED]
Hello from FreeRTOS fuzz demo!
[TEST_CASE_COMPLETED]
Hello from FreeRTOS fuzz demo!
[TEST_CASE_COMPLETED]
Hello from FreeRTOS fuzz demo!
[TEST_CASE_COMPLETED]
Hello from FreeRTOS fuzz demo!
[TEST_CASE_COMPLETED]
Hello from FreeRTOS fuzz demo!
[TEST_CASE_COMPLETED]
Hello from FreeRTOS fuzz demo!
[Client Heartbeat #1]  (GLOBAL) run time: 2m-54s, clients: 1, corpus: 87, objectives: 0, executions: 1567, exec/sec: 8.981, stability: 100.000%, edges: 100.000%
                       (CLIENT) corpus: 87, objectives: 0, executions: 1567, exec/sec: 8.981, edges: 571/571 (100%), stability: 535/535 (100%)
[TEST_CASE_COMPLETED]
Hello from FreeRTOS fuzz demo!
[TEST_CASE_COMPLETED]
Hello from FreeRTOS fuzz demo!
[TEST_CASE_COMPLETED]
Hello from FreeRTOS fuzz demo!
[TEST_CASE_COMPLETED]
Hello from FreeRTOS fuzz demo!
[TEST_CASE_COMPLETED]
Hello from FreeRTOS fuzz demo!
[TEST_CASE_COMPLETED]
Hello from FreeRTOS fuzz demo!
[TEST_CASE_COMPLETED]
Hello from FreeRTOS fuzz demo!
[TEST_CASE_COMPLETED]
Hello from FreeRTOS fuzz demo!
[TEST_CASE_COMPLETED]
Hello from FreeRTOS fuzz demo!
[TEST_CASE_COMPLETED]
Hello from FreeRTOS fuzz demo!
[TEST_CASE_COMPLETED]
Hello from FreeRTOS fuzz demo!
[TEST_CASE_COMPLETED]
Hello from FreeRTOS fuzz demo!
[TEST_CASE_COMPLETED]
Hello from FreeRTOS fuzz demo!
[TEST_CASE_COMPLETED]
Hello from FreeRTOS fuzz demo!
[TEST_CASE_COMPLETED]
Hello from FreeRTOS fuzz demo!
[TEST_CASE_COMPLETED]
Hello from FreeRTOS fuzz demo!
[TEST_CASE_COMPLETED]
Hello from FreeRTOS fuzz demo!
[UserStats   #1]  (GLOBAL) run time: 2m-56s, clients: 1, corpus: 87, objectives: 0, executions: 1584, exec/sec: 8.987, stability: 100.000%, edges: 100.000%
                  (CLIENT) corpus: 87, objectives: 0, executions: 1584, exec/sec: 8.987, edges: 571/571 (100%), stability: 535/535 (100%)
[Testcase    #1]  (GLOBAL) run time: 2m-56s, clients: 1, corpus: 88, objectives: 0, executions: 1584, exec/sec: 8.987, stability: 100.000%, edges: 100.000%
                  (CLIENT) corpus: 88, objectives: 0, executions: 1584, exec/sec: 8.987, edges: 571/571 (100%), stability: 535/535 (100%)
[TEST_CASE_COMPLETED]
Hello from FreeRTOS fuzz demo!
[TEST_CASE_COMPLETED]
Hello from FreeRTOS fuzz demo!
[TEST_CASE_COMPLETED]
Hello from FreeRTOS fuzz demo!
[TEST_CASE_COMPLETED]
Hello from FreeRTOS fuzz demo!
[TEST_CASE_COMPLETED]
Hello from FreeRTOS fuzz demo!
[TEST_CASE_COMPLETED]
Hello from FreeRTOS fuzz demo!
[TEST_CASE_COMPLETED]
Hello from FreeRTOS fuzz demo!
[TEST_CASE_COMPLETED]
Hello from FreeRTOS fuzz demo!
[TEST_CASE_COMPLETED]
Hello from FreeRTOS fuzz demo!
[TEST_CASE_COMPLETED]
Hello from FreeRTOS fuzz demo!
[TEST_CASE_COMPLETED]
Hello from FreeRTOS fuzz demo!
[TEST_CASE_COMPLETED]
Hello from FreeRTOS fuzz demo!
[TEST_CASE_COMPLETED]
Hello from FreeRTOS fuzz demo!
[TEST_CASE_COMPLETED]
Hello from FreeRTOS fuzz demo!
[TEST_CASE_COMPLETED]
Hello from FreeRTOS fuzz demo!
[TEST_CASE_COMPLETED]
Hello from FreeRTOS fuzz demo!
[TEST_CASE_COMPLETED]
Hello from FreeRTOS fuzz demo!
[TEST_CASE_COMPLETED]
Hello from FreeRTOS fuzz demo!
[UserStats   #1]  (GLOBAL) run time: 2m-58s, clients: 1, corpus: 88, objectives: 0, executions: 1602, exec/sec: 8.982, stability: 100.000%, edges: 100.000%
                  (CLIENT) corpus: 88, objectives: 0, executions: 1602, exec/sec: 8.982, edges: 572/572 (100%), stability: 535/535 (100%)
[Testcase    #1]  (GLOBAL) run time: 2m-58s, clients: 1, corpus: 89, objectives: 0, executions: 1602, exec/sec: 8.982, stability: 100.000%, edges: 100.000%
                  (CLIENT) corpus: 89, objectives: 0, executions: 1602, exec/sec: 8.982, edges: 572/572 (100%), stability: 535/535 (100%)
[TEST_CASE_COMPLETED]
Hello from FreeRTOS fuzz demo!
[TEST_CASE_COMPLETED]
Hello from FreeRTOS fuzz demo!
[TEST_CASE_COMPLETED]
Hello from FreeRTOS fuzz demo!
[TEST_CASE_COMPLETED]
Hello from FreeRTOS fuzz demo!
[TEST_CASE_COMPLETED]
Hello from FreeRTOS fuzz demo!
[TEST_CASE_COMPLETED]
Hello from FreeRTOS fuzz demo!
[TEST_CASE_COMPLETED]
Hello from FreeRTOS fuzz demo!
[TEST_CASE_COMPLETED]
Hello from FreeRTOS fuzz demo!
[TEST_CASE_COMPLETED]
[UserStats   #1]  (GLOBAL) run time: 3m-0s, clients: 1, corpus: 89, objectives: 0, executions: 1611, exec/sec: 8.934, stability: 100.000%, edges: 100.000%
                  (CLIENT) corpus: 89, objectives: 0, executions: 1611, exec/sec: 8.934, edges: 573/573 (100%), stability: 535/535 (100%)
Hello from FreeRTOS fuzz demo!
[TEST_CASE_COMPLETED]
Hello from FreeRTOS fuzz demo!
[TEST_CASE_COMPLETED]
Hello from FreeRTOS fuzz demo!
[Testcase    #1]  (GLOBAL) run time: 3m-0s, clients: 1, corpus: 90, objectives: 0, executions: 1611, exec/sec: 8.933, stability: 100.000%, edges: 100.000%
                  (CLIENT) corpus: 90, objectives: 0, executions: 1611, exec/sec: 8.933, edges: 573/573 (100%), stability: 535/535 (100%)
[TEST_CASE_COMPLETED]
Hello from FreeRTOS fuzz demo!
[TEST_CASE_COMPLETED]
Hello from FreeRTOS fuzz demo!
[TEST_CASE_COMPLETED]
Hello from FreeRTOS fuzz demo!
[TEST_CASE_COMPLETED]
Hello from FreeRTOS fuzz demo!
[TEST_CASE_COMPLETED]
Hello from FreeRTOS fuzz demo!
[TEST_CASE_COMPLETED]
Hello from FreeRTOS fuzz demo!
[TEST_CASE_COMPLETED]
Hello from FreeRTOS fuzz demo!
[TEST_CASE_COMPLETED]
Hello from FreeRTOS fuzz demo!
[TEST_CASE_COMPLETED]
Hello from FreeRTOS fuzz demo!
[TEST_CASE_COMPLETED]
Hello from FreeRTOS fuzz demo!
[TEST_CASE_COMPLETED]
Hello from FreeRTOS fuzz demo!
[TEST_CASE_COMPLETED]
Hello from FreeRTOS fuzz demo!
[TEST_CASE_COMPLETED]
Hello from FreeRTOS fuzz demo!
[TEST_CASE_COMPLETED]
Hello from FreeRTOS fuzz demo!
[TEST_CASE_COMPLETED]
Hello from FreeRTOS fuzz demo!
[TEST_CASE_COMPLETED]
Hello from FreeRTOS fuzz demo!
[TEST_CASE_COMPLETED]
Hello from FreeRTOS fuzz demo!
[TEST_CASE_COMPLETED]
Hello from FreeRTOS fuzz demo!
[TEST_CASE_COMPLETED]
Hello from FreeRTOS fuzz demo!
[TEST_CASE_COMPLETED]
Hello from FreeRTOS fuzz demo!
[TEST_CASE_COMPLETED]
Hello from FreeRTOS fuzz demo!
[TEST_CASE_COMPLETED]
Hello from FreeRTOS fuzz demo!
[TEST_CASE_COMPLETED]
Hello from FreeRTOS fuzz demo!
[TEST_CASE_COMPLETED]
Hello from FreeRTOS fuzz demo!
[TEST_CASE_COMPLETED]
Hello from FreeRTOS fuzz demo!
[TEST_CASE_COMPLETED]
Hello from FreeRTOS fuzz demo!
[TEST_CASE_COMPLETED]
Hello from FreeRTOS fuzz demo!
[TEST_CASE_COMPLETED]
Hello from FreeRTOS fuzz demo!
[TEST_CASE_COMPLETED]
Hello from FreeRTOS fuzz demo!
[TEST_CASE_COMPLETED]
Hello from FreeRTOS fuzz demo!
[TEST_CASE_COMPLETED]
Hello from FreeRTOS fuzz demo!
[TEST_CASE_COMPLETED]
Hello from FreeRTOS fuzz demo!
[TEST_CASE_COMPLETED]
Hello from FreeRTOS fuzz demo!
[TEST_CASE_COMPLETED]
Hello from FreeRTOS fuzz demo!
[TEST_CASE_COMPLETED]
Hello from FreeRTOS fuzz demo!
[TEST_CASE_COMPLETED]
Hello from FreeRTOS fuzz demo!
[TEST_CASE_COMPLETED]
Hello from FreeRTOS fuzz demo!
[TEST_CASE_COMPLETED]
Hello from FreeRTOS fuzz demo!
[TEST_CASE_COMPLETED]
Hello from FreeRTOS fuzz demo!
[TEST_CASE_COMPLETED]
Hello from FreeRTOS fuzz demo!
[TEST_CASE_COMPLETED]
Hello from FreeRTOS fuzz demo!
[TEST_CASE_COMPLETED]
Hello from FreeRTOS fuzz demo!
[TEST_CASE_COMPLETED]
Hello from FreeRTOS fuzz demo!
[TEST_CASE_COMPLETED]
Hello from FreeRTOS fuzz demo!
[TEST_CASE_COMPLETED]
Hello from FreeRTOS fuzz demo!
[TEST_CASE_COMPLETED]
Hello from FreeRTOS fuzz demo!
[TEST_CASE_COMPLETED]
Hello from FreeRTOS fuzz demo!
[TEST_CASE_COMPLETED]
Hello from FreeRTOS fuzz demo!
[TEST_CASE_COMPLETED]
Hello from FreeRTOS fuzz demo!
[TEST_CASE_COMPLETED]
Hello from FreeRTOS fuzz demo!
[TEST_CASE_COMPLETED]
Hello from FreeRTOS fuzz demo!
[TEST_CASE_COMPLETED]
Hello from FreeRTOS fuzz demo!
[TEST_CASE_COMPLETED]
Hello from FreeRTOS fuzz demo!
[TEST_CASE_COMPLETED]
Hello from FreeRTOS fuzz demo!
[TEST_CASE_COMPLETED]
Hello from FreeRTOS fuzz demo!
[TEST_CASE_COMPLETED]
Hello from FreeRTOS fuzz demo!
[TEST_CASE_COMPLETED]
Hello from FreeRTOS fuzz demo!
[TEST_CASE_COMPLETED]
Hello from FreeRTOS fuzz demo!
[TEST_CASE_COMPLETED]
Hello from FreeRTOS fuzz demo!
[TEST_CASE_COMPLETED]
Hello from FreeRTOS fuzz demo!
[TEST_CASE_COMPLETED]
Hello from FreeRTOS fuzz demo!
[TEST_CASE_COMPLETED]
Hello from FreeRTOS fuzz demo!
[TEST_CASE_COMPLETED]
Hello from FreeRTOS fuzz demo!
[TEST_CASE_COMPLETED]
Hello from FreeRTOS fuzz demo!
[TEST_CASE_COMPLETED]
Hello from FreeRTOS fuzz demo!
[TEST_CASE_COMPLETED]
Hello from FreeRTOS fuzz demo!
[TEST_CASE_COMPLETED]
Hello from FreeRTOS fuzz demo!
[TEST_CASE_COMPLETED]
Hello from FreeRTOS fuzz demo!
[TEST_CASE_COMPLETED]
Hello from FreeRTOS fuzz demo!
[TEST_CASE_COMPLETED]
Hello from FreeRTOS fuzz demo!
[TEST_CASE_COMPLETED]
Hello from FreeRTOS fuzz demo!
[TEST_CASE_COMPLETED]
Hello from FreeRTOS fuzz demo!
[TEST_CASE_COMPLETED]
Hello from FreeRTOS fuzz demo!
[TEST_CASE_COMPLETED]
Hello from FreeRTOS fuzz demo!
[TEST_CASE_COMPLETED]
Hello from FreeRTOS fuzz demo!
[TEST_CASE_COMPLETED]
Hello from FreeRTOS fuzz demo!
[TEST_CASE_COMPLETED]
Hello from FreeRTOS fuzz demo!
[TEST_CASE_COMPLETED]
Hello from FreeRTOS fuzz demo!
[TEST_CASE_COMPLETED]
Hello from FreeRTOS fuzz demo!
[TEST_CASE_COMPLETED]
Hello from FreeRTOS fuzz demo!
[TEST_CASE_COMPLETED]
Hello from FreeRTOS fuzz demo!
[TEST_CASE_COMPLETED]
Hello from FreeRTOS fuzz demo!
[TEST_CASE_COMPLETED]
Hello from FreeRTOS fuzz demo!
[TEST_CASE_COMPLETED]
Hello from FreeRTOS fuzz demo!
[TEST_CASE_COMPLETED]
Hello from FreeRTOS fuzz demo!
[TEST_CASE_COMPLETED]
Hello from FreeRTOS fuzz demo!
[TEST_CASE_COMPLETED]
Hello from FreeRTOS fuzz demo!
[TEST_CASE_COMPLETED]
Hello from FreeRTOS fuzz demo!
[TEST_CASE_COMPLETED]
Hello from FreeRTOS fuzz demo!
[TEST_CASE_COMPLETED]
Hello from FreeRTOS fuzz demo!
[TEST_CASE_COMPLETED]
Hello from FreeRTOS fuzz demo!
[TEST_CASE_COMPLETED]
Hello from FreeRTOS fuzz demo!
[TEST_CASE_COMPLETED]
Hello from FreeRTOS fuzz demo!
[TEST_CASE_COMPLETED]
Hello from FreeRTOS fuzz demo!
[TEST_CASE_COMPLETED]
Hello from FreeRTOS fuzz demo!
[TEST_CASE_COMPLETED]
Hello from FreeRTOS fuzz demo!
[TEST_CASE_COMPLETED]
Hello from FreeRTOS fuzz demo!
[TEST_CASE_COMPLETED]
Hello from FreeRTOS fuzz demo!
[TEST_CASE_COMPLETED]
Hello from FreeRTOS fuzz demo!
[TEST_CASE_COMPLETED]
Hello from FreeRTOS fuzz demo!
[TEST_CASE_COMPLETED]
Hello from FreeRTOS fuzz demo!
[TEST_CASE_COMPLETED]
Hello from FreeRTOS fuzz demo!
[TEST_CASE_COMPLETED]
Hello from FreeRTOS fuzz demo!
[TEST_CASE_COMPLETED]
Hello from FreeRTOS fuzz demo!
[TEST_CASE_COMPLETED]
Hello from FreeRTOS fuzz demo!
[TEST_CASE_COMPLETED]
Hello from FreeRTOS fuzz demo!
[TEST_CASE_COMPLETED]
Hello from FreeRTOS fuzz demo!
[TEST_CASE_COMPLETED]
Hello from FreeRTOS fuzz demo!
[TEST_CASE_COMPLETED]
Hello from FreeRTOS fuzz demo!
[TEST_CASE_COMPLETED]
Hello from FreeRTOS fuzz demo!
[TEST_CASE_COMPLETED]
Hello from FreeRTOS fuzz demo!
[TEST_CASE_COMPLETED]
Hello from FreeRTOS fuzz demo!
[TEST_CASE_COMPLETED]
Hello from FreeRTOS fuzz demo!
[TEST_CASE_COMPLETED]
Hello from FreeRTOS fuzz demo!
[TEST_CASE_COMPLETED]
Hello from FreeRTOS fuzz demo!
[TEST_CASE_COMPLETED]
Hello from FreeRTOS fuzz demo!
[TEST_CASE_COMPLETED]
Hello from FreeRTOS fuzz demo!
[TEST_CASE_COMPLETED]
Hello from FreeRTOS fuzz demo!
[TEST_CASE_COMPLETED]
Hello from FreeRTOS fuzz demo!
[TEST_CASE_COMPLETED]
Hello from FreeRTOS fuzz demo!
[TEST_CASE_COMPLETED]
Hello from FreeRTOS fuzz demo!
[TEST_CASE_COMPLETED]
Hello from FreeRTOS fuzz demo!
[TEST_CASE_COMPLETED]
Hello from FreeRTOS fuzz demo!
[TEST_CASE_COMPLETED]
Hello from FreeRTOS fuzz demo!
[TEST_CASE_COMPLETED]
Hello from FreeRTOS fuzz demo!
[TEST_CASE_COMPLETED]
Hello from FreeRTOS fuzz demo!
[TEST_CASE_COMPLETED]
Hello from FreeRTOS fuzz demo!
[TEST_CASE_COMPLETED]
Hello from FreeRTOS fuzz demo!
[TEST_CASE_COMPLETED]
Hello from FreeRTOS fuzz demo!
[TEST_CASE_COMPLETED]
Hello from FreeRTOS fuzz demo!
[TEST_CASE_COMPLETED]
Hello from FreeRTOS fuzz demo!
[TEST_CASE_COMPLETED]
Hello from FreeRTOS fuzz demo!
[TEST_CASE_COMPLETED]
Hello from FreeRTOS fuzz demo!
[TEST_CASE_COMPLETED]
Hello from FreeRTOS fuzz demo!
[TEST_CASE_COMPLETED]
Hello from FreeRTOS fuzz demo!
[TEST_CASE_COMPLETED]
Hello from FreeRTOS fuzz demo!
[TEST_CASE_COMPLETED]
Hello from FreeRTOS fuzz demo!
[TEST_CASE_COMPLETED]
Hello from FreeRTOS fuzz demo!
[TEST_CASE_COMPLETED]
Hello from FreeRTOS fuzz demo!
[TEST_CASE_COMPLETED]
Hello from FreeRTOS fuzz demo!
[TEST_CASE_COMPLETED]
Hello from FreeRTOS fuzz demo!
[TEST_CASE_COMPLETED]
Hello from FreeRTOS fuzz demo!
[TEST_CASE_COMPLETED]
Hello from FreeRTOS fuzz demo!
[TEST_CASE_COMPLETED]
Hello from FreeRTOS fuzz demo!
[TEST_CASE_COMPLETED]
Hello from FreeRTOS fuzz demo!
[TEST_CASE_COMPLETED]
Hello from FreeRTOS fuzz demo!
[TEST_CASE_COMPLETED]
Hello from FreeRTOS fuzz demo!
[TEST_CASE_COMPLETED]
Hello from FreeRTOS fuzz demo!
[TEST_CASE_COMPLETED]
Hello from FreeRTOS fuzz demo!
[TEST_CASE_COMPLETED]
Hello from FreeRTOS fuzz demo!
[TEST_CASE_COMPLETED]
Hello from FreeRTOS fuzz demo!
[TEST_CASE_COMPLETED]
Hello from FreeRTOS fuzz demo!
[TEST_CASE_COMPLETED]
Hello from FreeRTOS fuzz demo!
[TEST_CASE_COMPLETED]
Hello from FreeRTOS fuzz demo!
[TEST_CASE_COMPLETED]
Hello from FreeRTOS fuzz demo!
[TEST_CASE_COMPLETED]
Hello from FreeRTOS fuzz demo!
[TEST_CASE_COMPLETED]
Hello from FreeRTOS fuzz demo!
[TEST_CASE_COMPLETED]
Hello from FreeRTOS fuzz demo!
[TEST_CASE_COMPLETED]
Hello from FreeRTOS fuzz demo!
[TEST_CASE_COMPLETED]
Hello from FreeRTOS fuzz demo!
[TEST_CASE_COMPLETED]
Hello from FreeRTOS fuzz demo!
[TEST_CASE_COMPLETED]
Hello from FreeRTOS fuzz demo!
[TEST_CASE_COMPLETED]
Hello from FreeRTOS fuzz demo!
[TEST_CASE_COMPLETED]
Hello from FreeRTOS fuzz demo!
[TEST_CASE_COMPLETED]
Hello from FreeRTOS fuzz demo!
[TEST_CASE_COMPLETED]
Hello from FreeRTOS fuzz demo!
[TEST_CASE_COMPLETED]
Hello from FreeRTOS fuzz demo!
[Client Heartbeat #1]  (GLOBAL) run time: 3m-19s, clients: 1, corpus: 90, objectives: 0, executions: 1780, exec/sec: 8.928, stability: 100.000%, edges: 100.000%
                       (CLIENT) corpus: 90, objectives: 0, executions: 1780, exec/sec: 8.928, edges: 573/573 (100%), stability: 535/535 (100%)
[TEST_CASE_COMPLETED]
Hello from FreeRTOS fuzz demo!
[TEST_CASE_COMPLETED]
Hello from FreeRTOS fuzz demo!
[TEST_CASE_COMPLETED]
Hello from FreeRTOS fuzz demo!
[TEST_CASE_COMPLETED]
Hello from FreeRTOS fuzz demo!
[TEST_CASE_COMPLETED]
Hello from FreeRTOS fuzz demo!
[TEST_CASE_COMPLETED]
Hello from FreeRTOS fuzz demo!
[TEST_CASE_COMPLETED]
Hello from FreeRTOS fuzz demo!
[TEST_CASE_COMPLETED]
Hello from FreeRTOS fuzz demo!
[TEST_CASE_COMPLETED]
Hello from FreeRTOS fuzz demo!
[TEST_CASE_COMPLETED]
Hello from FreeRTOS fuzz demo!
[TEST_CASE_COMPLETED]
Hello from FreeRTOS fuzz demo!
[TEST_CASE_COMPLETED]
Hello from FreeRTOS fuzz demo!
[TEST_CASE_COMPLETED]
Hello from FreeRTOS fuzz demo!
[TEST_CASE_COMPLETED]
Hello from FreeRTOS fuzz demo!
[TEST_CASE_COMPLETED]
Hello from FreeRTOS fuzz demo!
[TEST_CASE_COMPLETED]
Hello from FreeRTOS fuzz demo!
[TEST_CASE_COMPLETED]
Hello from FreeRTOS fuzz demo!
[TEST_CASE_COMPLETED]
Hello from FreeRTOS fuzz demo!
[TEST_CASE_COMPLETED]
Hello from FreeRTOS fuzz demo!
[TEST_CASE_COMPLETED]
Hello from FreeRTOS fuzz demo!
[TEST_CASE_COMPLETED]
Hello from FreeRTOS fuzz demo!
[TEST_CASE_COMPLETED]
Hello from FreeRTOS fuzz demo!
[TEST_CASE_COMPLETED]
Hello from FreeRTOS fuzz demo!
[TEST_CASE_COMPLETED]
Hello from FreeRTOS fuzz demo!
[TEST_CASE_COMPLETED]
Hello from FreeRTOS fuzz demo!
[TEST_CASE_COMPLETED]
Hello from FreeRTOS fuzz demo!
[TEST_CASE_COMPLETED]
Hello from FreeRTOS fuzz demo!
[TEST_CASE_COMPLETED]
Hello from FreeRTOS fuzz demo!
[TEST_CASE_COMPLETED]
Hello from FreeRTOS fuzz demo!
[TEST_CASE_COMPLETED]
Hello from FreeRTOS fuzz demo!
[TEST_CASE_COMPLETED]
Hello from FreeRTOS fuzz demo!
[TEST_CASE_COMPLETED]
Hello from FreeRTOS fuzz demo!
[TEST_CASE_COMPLETED]
Hello from FreeRTOS fuzz demo!
[TEST_CASE_COMPLETED]
Hello from FreeRTOS fuzz demo!
[TEST_CASE_COMPLETED]
Hello from FreeRTOS fuzz demo!
[TEST_CASE_COMPLETED]
Hello from FreeRTOS fuzz demo!
[TEST_CASE_COMPLETED]
Hello from FreeRTOS fuzz demo!
[TEST_CASE_COMPLETED]
Hello from FreeRTOS fuzz demo!
[TEST_CASE_COMPLETED]
Hello from FreeRTOS fuzz demo!
[TEST_CASE_COMPLETED]
Hello from FreeRTOS fuzz demo!
[TEST_CASE_COMPLETED]
Hello from FreeRTOS fuzz demo!
[TEST_CASE_COMPLETED]
Hello from FreeRTOS fuzz demo!
[TEST_CASE_COMPLETED]
Hello from FreeRTOS fuzz demo!
[TEST_CASE_COMPLETED]
Hello from FreeRTOS fuzz demo!
[TEST_CASE_COMPLETED]
Hello from FreeRTOS fuzz demo!
[TEST_CASE_COMPLETED]
Hello from FreeRTOS fuzz demo!
[TEST_CASE_COMPLETED]
Hello from FreeRTOS fuzz demo!
[TEST_CASE_COMPLETED]
Hello from FreeRTOS fuzz demo!
[TEST_CASE_COMPLETED]
Hello from FreeRTOS fuzz demo!
[TEST_CASE_COMPLETED]
Hello from FreeRTOS fuzz demo!
[TEST_CASE_COMPLETED]
Hello from FreeRTOS fuzz demo!
[TEST_CASE_COMPLETED]
Hello from FreeRTOS fuzz demo!
[TEST_CASE_COMPLETED]
Hello from FreeRTOS fuzz demo!
[TEST_CASE_COMPLETED]
Hello from FreeRTOS fuzz demo!
[TEST_CASE_COMPLETED]
Hello from FreeRTOS fuzz demo!
[TEST_CASE_COMPLETED]
Hello from FreeRTOS fuzz demo!
[TEST_CASE_COMPLETED]
Hello from FreeRTOS fuzz demo!
[TEST_CASE_COMPLETED]
Hello from FreeRTOS fuzz demo!
[TEST_CASE_COMPLETED]
Hello from FreeRTOS fuzz demo!
[TEST_CASE_COMPLETED]
Hello from FreeRTOS fuzz demo!
[TEST_CASE_COMPLETED]
Hello from FreeRTOS fuzz demo!
[TEST_CASE_COMPLETED]
Hello from FreeRTOS fuzz demo!
[TEST_CASE_COMPLETED]
Hello from FreeRTOS fuzz demo!
[TEST_CASE_COMPLETED]
Hello from FreeRTOS fuzz demo!
[TEST_CASE_COMPLETED]
Hello from FreeRTOS fuzz demo!
[TEST_CASE_COMPLETED]
Hello from FreeRTOS fuzz demo!
[TEST_CASE_COMPLETED]
Hello from FreeRTOS fuzz demo!
[TEST_CASE_COMPLETED]
Hello from FreeRTOS fuzz demo!
[TEST_CASE_COMPLETED]
Hello from FreeRTOS fuzz demo!
[TEST_CASE_COMPLETED]
Hello from FreeRTOS fuzz demo!
[TEST_CASE_COMPLETED]
Hello from FreeRTOS fuzz demo!
[TEST_CASE_COMPLETED]
Hello from FreeRTOS fuzz demo!
[TEST_CASE_COMPLETED]
Hello from FreeRTOS fuzz demo!
[TEST_CASE_COMPLETED]
Hello from FreeRTOS fuzz demo!
[TEST_CASE_COMPLETED]
Hello from FreeRTOS fuzz demo!
[TEST_CASE_COMPLETED]
Hello from FreeRTOS fuzz demo!
[TEST_CASE_COMPLETED]
Hello from FreeRTOS fuzz demo!
[TEST_CASE_COMPLETED]
Hello from FreeRTOS fuzz demo!
[TEST_CASE_COMPLETED]
Hello from FreeRTOS fuzz demo!
[TEST_CASE_COMPLETED]
Hello from FreeRTOS fuzz demo!
[TEST_CASE_COMPLETED]
Hello from FreeRTOS fuzz demo!
[TEST_CASE_COMPLETED]
Hello from FreeRTOS fuzz demo!
[TEST_CASE_COMPLETED]
Hello from FreeRTOS fuzz demo!
[TEST_CASE_COMPLETED]
Hello from FreeRTOS fuzz demo!
[TEST_CASE_COMPLETED]
Hello from FreeRTOS fuzz demo!
[TEST_CASE_COMPLETED]
Hello from FreeRTOS fuzz demo!
[TEST_CASE_COMPLETED]
Hello from FreeRTOS fuzz demo!
[TEST_CASE_COMPLETED]
Hello from FreeRTOS fuzz demo!
[TEST_CASE_COMPLETED]
Hello from FreeRTOS fuzz demo!
[TEST_CASE_COMPLETED]
Hello from FreeRTOS fuzz demo!
[TEST_CASE_COMPLETED]
Hello from FreeRTOS fuzz demo!
[TEST_CASE_COMPLETED]
Hello from FreeRTOS fuzz demo!
[TEST_CASE_COMPLETED]
Hello from FreeRTOS fuzz demo!
[TEST_CASE_COMPLETED]
Hello from FreeRTOS fuzz demo!
[TEST_CASE_COMPLETED]
Hello from FreeRTOS fuzz demo!
[TEST_CASE_COMPLETED]
Hello from FreeRTOS fuzz demo!
[TEST_CASE_COMPLETED]
Hello from FreeRTOS fuzz demo!
[TEST_CASE_COMPLETED]
Hello from FreeRTOS fuzz demo!
[TEST_CASE_COMPLETED]
Hello from FreeRTOS fuzz demo!
[TEST_CASE_COMPLETED]
Hello from FreeRTOS fuzz demo!
[TEST_CASE_COMPLETED]
Hello from FreeRTOS fuzz demo!
[TEST_CASE_COMPLETED]
Hello from FreeRTOS fuzz demo!
[TEST_CASE_COMPLETED]
Hello from FreeRTOS fuzz demo!
[TEST_CASE_COMPLETED]
Hello from FreeRTOS fuzz demo!
[TEST_CASE_COMPLETED]
Hello from FreeRTOS fuzz demo!
[TEST_CASE_COMPLETED]
Hello from FreeRTOS fuzz demo!
[TEST_CASE_COMPLETED]
Hello from FreeRTOS fuzz demo!
[TEST_CASE_COMPLETED]
Hello from FreeRTOS fuzz demo!
[TEST_CASE_COMPLETED]
Hello from FreeRTOS fuzz demo!
[TEST_CASE_COMPLETED]
Hello from FreeRTOS fuzz demo!
[TEST_CASE_COMPLETED]
Hello from FreeRTOS fuzz demo!
[TEST_CASE_COMPLETED]
Hello from FreeRTOS fuzz demo!
[TEST_CASE_COMPLETED]
Hello from FreeRTOS fuzz demo!
[TEST_CASE_COMPLETED]
Hello from FreeRTOS fuzz demo!
[TEST_CASE_COMPLETED]
Hello from FreeRTOS fuzz demo!
[TEST_CASE_COMPLETED]
Hello from FreeRTOS fuzz demo!
[TEST_CASE_COMPLETED]
Hello from FreeRTOS fuzz demo!
[TEST_CASE_COMPLETED]
Hello from FreeRTOS fuzz demo!
[TEST_CASE_COMPLETED]
Hello from FreeRTOS fuzz demo!
[TEST_CASE_COMPLETED]
Hello from FreeRTOS fuzz demo!
[TEST_CASE_COMPLETED]
Hello from FreeRTOS fuzz demo!
[TEST_CASE_COMPLETED]
Hello from FreeRTOS fuzz demo!
[TEST_CASE_COMPLETED]
Hello from FreeRTOS fuzz demo!
[TEST_CASE_COMPLETED]
Hello from FreeRTOS fuzz demo!
[TEST_CASE_COMPLETED]
Hello from FreeRTOS fuzz demo!
[TEST_CASE_COMPLETED]
Hello from FreeRTOS fuzz demo!
[TEST_CASE_COMPLETED]
Hello from FreeRTOS fuzz demo!
[TEST_CASE_COMPLETED]
Hello from FreeRTOS fuzz demo!
[TEST_CASE_COMPLETED]
Hello from FreeRTOS fuzz demo!
[TEST_CASE_COMPLETED]
Hello from FreeRTOS fuzz demo!
[TEST_CASE_COMPLETED]
Hello from FreeRTOS fuzz demo!
[TEST_CASE_COMPLETED]
Hello from FreeRTOS fuzz demo!
[TEST_CASE_COMPLETED]
Hello from FreeRTOS fuzz demo!
[TEST_CASE_COMPLETED]
Hello from FreeRTOS fuzz demo!
[TEST_CASE_COMPLETED]
Hello from FreeRTOS fuzz demo!
[TEST_CASE_COMPLETED]
Hello from FreeRTOS fuzz demo!
[TEST_CASE_COMPLETED]
Hello from FreeRTOS fuzz demo!
[TEST_CASE_COMPLETED]
Hello from FreeRTOS fuzz demo!
[TEST_CASE_COMPLETED]
Hello from FreeRTOS fuzz demo!
[TEST_CASE_COMPLETED]
Hello from FreeRTOS fuzz demo!
[TEST_CASE_COMPLETED]
Hello from FreeRTOS fuzz demo!
[TEST_CASE_COMPLETED]
Hello from FreeRTOS fuzz demo!
[TEST_CASE_COMPLETED]
Hello from FreeRTOS fuzz demo!
[TEST_CASE_COMPLETED]
Hello from FreeRTOS fuzz demo!
[TEST_CASE_COMPLETED]
Hello from FreeRTOS fuzz demo!
[TEST_CASE_COMPLETED]
Hello from FreeRTOS fuzz demo!
[TEST_CASE_COMPLETED]
Hello from FreeRTOS fuzz demo!
[TEST_CASE_COMPLETED]
Hello from FreeRTOS fuzz demo!
[TEST_CASE_COMPLETED]
Hello from FreeRTOS fuzz demo!
[TEST_CASE_COMPLETED]
Hello from FreeRTOS fuzz demo!
[UserStats   #1]  (GLOBAL) run time: 3m-37s, clients: 1, corpus: 90, objectives: 0, executions: 1930, exec/sec: 8.900, stability: 100.000%, edges: 100.000%
                  (CLIENT) corpus: 90, objectives: 0, executions: 1930, exec/sec: 8.900, edges: 574/574 (100%), stability: 535/535 (100%)
[Testcase    #1]  (GLOBAL) run time: 3m-37s, clients: 1, corpus: 91, objectives: 0, executions: 1930, exec/sec: 8.900, stability: 100.000%, edges: 100.000%
                  (CLIENT) corpus: 91, objectives: 0, executions: 1930, exec/sec: 8.900, edges: 574/574 (100%), stability: 535/535 (100%)
[TEST_CASE_COMPLETED]
Hello from FreeRTOS fuzz demo!
[TEST_CASE_COMPLETED]
Hello from FreeRTOS fuzz demo!
[TEST_CASE_COMPLETED]
Hello from FreeRTOS fuzz demo!
[TEST_CASE_COMPLETED]
Hello from FreeRTOS fuzz demo!
[TEST_CASE_COMPLETED]
Hello from FreeRTOS fuzz demo!
[TEST_CASE_COMPLETED]
Hello from FreeRTOS fuzz demo!
[TEST_CASE_COMPLETED]
Hello from FreeRTOS fuzz demo!
[TEST_CASE_COMPLETED]
Hello from FreeRTOS fuzz demo!
[TEST_CASE_COMPLETED]
Hello from FreeRTOS fuzz demo!
[TEST_CASE_COMPLETED]
Hello from FreeRTOS fuzz demo!
[UserStats   #1]  (GLOBAL) run time: 3m-38s, clients: 1, corpus: 91, objectives: 0, executions: 1940, exec/sec: 8.903, stability: 100.000%, edges: 100.000%
                  (CLIENT) corpus: 91, objectives: 0, executions: 1940, exec/sec: 8.903, edges: 575/575 (100%), stability: 535/535 (100%)
[Testcase    #1]  (GLOBAL) run time: 3m-38s, clients: 1, corpus: 92, objectives: 0, executions: 1940, exec/sec: 8.903, stability: 100.000%, edges: 100.000%
                  (CLIENT) corpus: 92, objectives: 0, executions: 1940, exec/sec: 8.903, edges: 575/575 (100%), stability: 535/535 (100%)
[TEST_CASE_COMPLETED]
Hello from FreeRTOS fuzz demo!
[TEST_CASE_COMPLETED]
Hello from FreeRTOS fuzz demo!
[TEST_CASE_COMPLETED]
Hello from FreeRTOS fuzz demo!
[TEST_CASE_COMPLETED]
Hello from FreeRTOS fuzz demo!
[TEST_CASE_COMPLETED]
Hello from FreeRTOS fuzz demo!
[TEST_CASE_COMPLETED]
Hello from FreeRTOS fuzz demo!
[TEST_CASE_COMPLETED]
Hello from FreeRTOS fuzz demo!
[TEST_CASE_COMPLETED]
Hello from FreeRTOS fuzz demo!
[TEST_CASE_COMPLETED]
Hello from FreeRTOS fuzz demo!
[TEST_CASE_COMPLETED]
Hello from FreeRTOS fuzz demo!
[TEST_CASE_COMPLETED]
Hello from FreeRTOS fuzz demo!
[TEST_CASE_COMPLETED]
Hello from FreeRTOS fuzz demo!
[TEST_CASE_COMPLETED]
Hello from FreeRTOS fuzz demo!
[TEST_CASE_COMPLETED]
Hello from FreeRTOS fuzz demo!
[TEST_CASE_COMPLETED]
Hello from FreeRTOS fuzz demo!
[TEST_CASE_COMPLETED]
Hello from FreeRTOS fuzz demo!
[TEST_CASE_COMPLETED]
Hello from FreeRTOS fuzz demo!
[TEST_CASE_COMPLETED]
Hello from FreeRTOS fuzz demo!
[TEST_CASE_COMPLETED]
Hello from FreeRTOS fuzz demo!
[UserStats   #1]  (GLOBAL) run time: 3m-40s, clients: 1, corpus: 92, objectives: 0, executions: 1959, exec/sec: 8.888, stability: 100.000%, edges: 100.000%
                  (CLIENT) corpus: 92, objectives: 0, executions: 1959, exec/sec: 8.888, edges: 576/576 (100%), stability: 535/535 (100%)
[TEST_CASE_COMPLETED]
[Testcase    #1]  (GLOBAL) run time: 3m-40s, clients: 1, corpus: 93, objectives: 0, executions: 1959, exec/sec: 8.888, stability: 100.000%, edges: 100.000%
                  (CLIENT) corpus: 93, objectives: 0, executions: 1959, exec/sec: 8.888, edges: 576/576 (100%), stability: 535/535 (100%)
Hello from FreeRTOS fuzz demo!
[TEST_CASE_COMPLETED]
Hello from FreeRTOS fuzz demo!
[TEST_CASE_COMPLETED]
Hello from FreeRTOS fuzz demo!
[TEST_CASE_COMPLETED]
Hello from FreeRTOS fuzz demo!
[TEST_CASE_COMPLETED]
Hello from FreeRTOS fuzz demo!
[TEST_CASE_COMPLETED]
Hello from FreeRTOS fuzz demo!
[TEST_CASE_COMPLETED]
Hello from FreeRTOS fuzz demo!
[TEST_CASE_COMPLETED]
Hello from FreeRTOS fuzz demo!
[TEST_CASE_COMPLETED]
Hello from FreeRTOS fuzz demo!
[TEST_CASE_COMPLETED]
Hello from FreeRTOS fuzz demo!
[TEST_CASE_COMPLETED]
Hello from FreeRTOS fuzz demo!
[TEST_CASE_COMPLETED]
Hello from FreeRTOS fuzz demo!
[TEST_CASE_COMPLETED]
Hello from FreeRTOS fuzz demo!
[TEST_CASE_COMPLETED]
Hello from FreeRTOS fuzz demo!
[TEST_CASE_COMPLETED]
Hello from FreeRTOS fuzz demo!
[TEST_CASE_COMPLETED]
Hello from FreeRTOS fuzz demo!
[TEST_CASE_COMPLETED]
Hello from FreeRTOS fuzz demo!
[TEST_CASE_COMPLETED]
Hello from FreeRTOS fuzz demo!
[TEST_CASE_COMPLETED]
Hello from FreeRTOS fuzz demo!
[TEST_CASE_COMPLETED]
Hello from FreeRTOS fuzz demo!
[TEST_CASE_COMPLETED]
Hello from FreeRTOS fuzz demo!
[TEST_CASE_COMPLETED]
Hello from FreeRTOS fuzz demo!
[TEST_CASE_COMPLETED]
Hello from FreeRTOS fuzz demo!
[TEST_CASE_COMPLETED]
Hello from FreeRTOS fuzz demo!
[TEST_CASE_COMPLETED]
Hello from FreeRTOS fuzz demo!
[TEST_CASE_COMPLETED]
Hello from FreeRTOS fuzz demo!
[TEST_CASE_COMPLETED]
Hello from FreeRTOS fuzz demo!
[TEST_CASE_COMPLETED]
Hello from FreeRTOS fuzz demo!
[TEST_CASE_COMPLETED]
Hello from FreeRTOS fuzz demo!
[TEST_CASE_COMPLETED]
Hello from FreeRTOS fuzz demo!
[TEST_CASE_COMPLETED]
Hello from FreeRTOS fuzz demo!
[TEST_CASE_COMPLETED]
Hello from FreeRTOS fuzz demo!
[TEST_CASE_COMPLETED]
Hello from FreeRTOS fuzz demo!
[TEST_CASE_COMPLETED]
Hello from FreeRTOS fuzz demo!
[TEST_CASE_COMPLETED]
Hello from FreeRTOS fuzz demo!
[TEST_CASE_COMPLETED]
Hello from FreeRTOS fuzz demo!
[TEST_CASE_COMPLETED]
Hello from FreeRTOS fuzz demo!
[UserStats   #1]  (GLOBAL) run time: 3m-45s, clients: 1, corpus: 93, objectives: 0, executions: 1996, exec/sec: 8.846, stability: 100.000%, edges: 100.000%
                  (CLIENT) corpus: 93, objectives: 0, executions: 1996, exec/sec: 8.846, edges: 576/576 (100%), stability: 535/535 (100%)
[Testcase    #1]  (GLOBAL) run time: 3m-45s, clients: 1, corpus: 94, objectives: 0, executions: 1996, exec/sec: 8.846, stability: 100.000%, edges: 100.000%
                  (CLIENT) corpus: 94, objectives: 0, executions: 1996, exec/sec: 8.846, edges: 576/576 (100%), stability: 535/535 (100%)
[TEST_CASE_COMPLETED]
Hello from FreeRTOS fuzz demo!
[TEST_CASE_COMPLETED]
Hello from FreeRTOS fuzz demo!
[TEST_CASE_COMPLETED]
Hello from FreeRTOS fuzz demo!
[TEST_CASE_COMPLETED]
Hello from FreeRTOS fuzz demo!
[TEST_CASE_COMPLETED]
Hello from FreeRTOS fuzz demo!
[TEST_CASE_COMPLETED]
Hello from FreeRTOS fuzz demo!
[TEST_CASE_COMPLETED]
Hello from FreeRTOS fuzz demo!
[TEST_CASE_COMPLETED]
Hello from FreeRTOS fuzz demo!
[TEST_CASE_COMPLETED]
Hello from FreeRTOS fuzz demo!
[TEST_CASE_COMPLETED]
Hello from FreeRTOS fuzz demo!
[TEST_CASE_COMPLETED]
Hello from FreeRTOS fuzz demo!
[TEST_CASE_COMPLETED]
Hello from FreeRTOS fuzz demo!
[TEST_CASE_COMPLETED]
Hello from FreeRTOS fuzz demo!
[TEST_CASE_COMPLETED]
Hello from FreeRTOS fuzz demo!
[TEST_CASE_COMPLETED]
Hello from FreeRTOS fuzz demo!
[TEST_CASE_COMPLETED]
Hello from FreeRTOS fuzz demo!
[TEST_CASE_COMPLETED]
Hello from FreeRTOS fuzz demo!
[TEST_CASE_COMPLETED]
Hello from FreeRTOS fuzz demo!
[TEST_CASE_COMPLETED]
Hello from FreeRTOS fuzz demo!
[TEST_CASE_COMPLETED]
Hello from FreeRTOS fuzz demo!
[TEST_CASE_COMPLETED]
Hello from FreeRTOS fuzz demo!
[TEST_CASE_COMPLETED]
Hello from FreeRTOS fuzz demo!
[TEST_CASE_COMPLETED]
Hello from FreeRTOS fuzz demo!
[TEST_CASE_COMPLETED]
Hello from FreeRTOS fuzz demo!
[TEST_CASE_COMPLETED]
Hello from FreeRTOS fuzz demo!
[Client Heartbeat #1]  (GLOBAL) run time: 3m-49s, clients: 1, corpus: 94, objectives: 0, executions: 2021, exec/sec: 8.818, stability: 100.000%, edges: 100.000%
                       (CLIENT) corpus: 94, objectives: 0, executions: 2021, exec/sec: 8.818, edges: 576/576 (100%), stability: 535/535 (100%)
[TEST_CASE_COMPLETED]
Hello from FreeRTOS fuzz demo!
[TEST_CASE_COMPLETED]
Hello from FreeRTOS fuzz demo!
[TEST_CASE_COMPLETED]
Hello from FreeRTOS fuzz demo!
[TEST_CASE_COMPLETED]
Hello from FreeRTOS fuzz demo!
[TEST_CASE_COMPLETED]
Hello from FreeRTOS fuzz demo!
[TEST_CASE_COMPLETED]
Hello from FreeRTOS fuzz demo!
[TEST_CASE_COMPLETED]
Hello from FreeRTOS fuzz demo!
[TEST_CASE_COMPLETED]
Hello from FreeRTOS fuzz demo!
[TEST_CASE_COMPLETED]
Hello from FreeRTOS fuzz demo!
[TEST_CASE_COMPLETED]
Hello from FreeRTOS fuzz demo!
[TEST_CASE_COMPLETED]
Hello from FreeRTOS fuzz demo!
[TEST_CASE_COMPLETED]
Hello from FreeRTOS fuzz demo!
[TEST_CASE_COMPLETED]
Hello from FreeRTOS fuzz demo!
[TEST_CASE_COMPLETED]
Hello from FreeRTOS fuzz demo!
[TEST_CASE_COMPLETED]
Hello from FreeRTOS fuzz demo!
[TEST_CASE_COMPLETED]
Hello from FreeRTOS fuzz demo!
[TEST_CASE_COMPLETED]
Hello from FreeRTOS fuzz demo!
[TEST_CASE_COMPLETED]
Hello from FreeRTOS fuzz demo!
[TEST_CASE_COMPLETED]
Hello from FreeRTOS fuzz demo!
[TEST_CASE_COMPLETED]
Hello from FreeRTOS fuzz demo!
[TEST_CASE_COMPLETED]
Hello from FreeRTOS fuzz demo!
[TEST_CASE_COMPLETED]
Hello from FreeRTOS fuzz demo!
[TEST_CASE_COMPLETED]
Hello from FreeRTOS fuzz demo!
[TEST_CASE_COMPLETED]
Hello from FreeRTOS fuzz demo!
[TEST_CASE_COMPLETED]
Hello from FreeRTOS fuzz demo!
[TEST_CASE_COMPLETED]
Hello from FreeRTOS fuzz demo!
[TEST_CASE_COMPLETED]
Hello from FreeRTOS fuzz demo!
[TEST_CASE_COMPLETED]
Hello from FreeRTOS fuzz demo!
[TEST_CASE_COMPLETED]
Hello from FreeRTOS fuzz demo!
[TEST_CASE_COMPLETED]
Hello from FreeRTOS fuzz demo!
[TEST_CASE_COMPLETED]
Hello from FreeRTOS fuzz demo!
[TEST_CASE_COMPLETED]
Hello from FreeRTOS fuzz demo!
[TEST_CASE_COMPLETED]
Hello from FreeRTOS fuzz demo!
[TEST_CASE_COMPLETED]
Hello from FreeRTOS fuzz demo!
[TEST_CASE_COMPLETED]
Hello from FreeRTOS fuzz demo!
[TEST_CASE_COMPLETED]
Hello from FreeRTOS fuzz demo!
[TEST_CASE_COMPLETED]
Hello from FreeRTOS fuzz demo!
[TEST_CASE_COMPLETED]
Hello from FreeRTOS fuzz demo!
[TEST_CASE_COMPLETED]
Hello from FreeRTOS fuzz demo!
[TEST_CASE_COMPLETED]
Hello from FreeRTOS fuzz demo!
[TEST_CASE_COMPLETED]
Hello from FreeRTOS fuzz demo!
[TEST_CASE_COMPLETED]
Hello from FreeRTOS fuzz demo!
[TEST_CASE_COMPLETED]
Hello from FreeRTOS fuzz demo!
[UserStats   #1]  (GLOBAL) run time: 3m-53s, clients: 1, corpus: 94, objectives: 0, executions: 2064, exec/sec: 8.833, stability: 100.000%, edges: 100.000%
                  (CLIENT) corpus: 94, objectives: 0, executions: 2064, exec/sec: 8.833, edges: 576/576 (100%), stability: 535/535 (100%)
[Testcase    #1]  (GLOBAL) run time: 3m-53s, clients: 1, corpus: 95, objectives: 0, executions: 2064, exec/sec: 8.833, stability: 100.000%, edges: 100.000%
                  (CLIENT) corpus: 95, objectives: 0, executions: 2064, exec/sec: 8.833, edges: 576/576 (100%), stability: 535/535 (100%)
[TEST_CASE_COMPLETED]
Hello from FreeRTOS fuzz demo!
[TEST_CASE_COMPLETED]
Hello from FreeRTOS fuzz demo!
[TEST_CASE_COMPLETED]
Hello from FreeRTOS fuzz demo!
[TEST_CASE_COMPLETED]
Hello from FreeRTOS fuzz demo!
[TEST_CASE_COMPLETED]
Hello from FreeRTOS fuzz demo!
[TEST_CASE_COMPLETED]
Hello from FreeRTOS fuzz demo!
[TEST_CASE_COMPLETED]
Hello from FreeRTOS fuzz demo!
[TEST_CASE_COMPLETED]
Hello from FreeRTOS fuzz demo!
[TEST_CASE_COMPLETED]
Hello from FreeRTOS fuzz demo!
[TEST_CASE_COMPLETED]
Hello from FreeRTOS fuzz demo!
[TEST_CASE_COMPLETED]
Hello from FreeRTOS fuzz demo!
[TEST_CASE_COMPLETED]
Hello from FreeRTOS fuzz demo!
[TEST_CASE_COMPLETED]
Hello from FreeRTOS fuzz demo!
[TEST_CASE_COMPLETED]
Hello from FreeRTOS fuzz demo!
[TEST_CASE_COMPLETED]
Hello from FreeRTOS fuzz demo!
[TEST_CASE_COMPLETED]
Hello from FreeRTOS fuzz demo!
[TEST_CASE_COMPLETED]
Hello from FreeRTOS fuzz demo!
[TEST_CASE_COMPLETED]
Hello from FreeRTOS fuzz demo!
[TEST_CASE_COMPLETED]
Hello from FreeRTOS fuzz demo!
[TEST_CASE_COMPLETED]
Hello from FreeRTOS fuzz demo!
[TEST_CASE_COMPLETED]
Hello from FreeRTOS fuzz demo!
[TEST_CASE_COMPLETED]
Hello from FreeRTOS fuzz demo!
[TEST_CASE_COMPLETED]
Hello from FreeRTOS fuzz demo!
[TEST_CASE_COMPLETED]
Hello from FreeRTOS fuzz demo!
[TEST_CASE_COMPLETED]
Hello from FreeRTOS fuzz demo!
[TEST_CASE_COMPLETED]
Hello from FreeRTOS fuzz demo!
[TEST_CASE_COMPLETED]
Hello from FreeRTOS fuzz demo!
[TEST_CASE_COMPLETED]
Hello from FreeRTOS fuzz demo!
[TEST_CASE_COMPLETED]
Hello from FreeRTOS fuzz demo!
[TEST_CASE_COMPLETED]
Hello from FreeRTOS fuzz demo!
[TEST_CASE_COMPLETED]
Hello from FreeRTOS fuzz demo!
[TEST_CASE_COMPLETED]
Hello from FreeRTOS fuzz demo!
[TEST_CASE_COMPLETED]
Hello from FreeRTOS fuzz demo!
[TEST_CASE_COMPLETED]
Hello from FreeRTOS fuzz demo!
[TEST_CASE_COMPLETED]
Hello from FreeRTOS fuzz demo!
[TEST_CASE_COMPLETED]
Hello from FreeRTOS fuzz demo!
[TEST_CASE_COMPLETED]
Hello from FreeRTOS fuzz demo!
[TEST_CASE_COMPLETED]
Hello from FreeRTOS fuzz demo!
[TEST_CASE_COMPLETED]
Hello from FreeRTOS fuzz demo!
[TEST_CASE_COMPLETED]
Hello from FreeRTOS fuzz demo!
[TEST_CASE_COMPLETED]
Hello from FreeRTOS fuzz demo!
[TEST_CASE_COMPLETED]
Hello from FreeRTOS fuzz demo!
[TEST_CASE_COMPLETED]
Hello from FreeRTOS fuzz demo!
[TEST_CASE_COMPLETED]
Hello from FreeRTOS fuzz demo!
[TEST_CASE_COMPLETED]
Hello from FreeRTOS fuzz demo!
[TEST_CASE_COMPLETED]
Hello from FreeRTOS fuzz demo!
[TEST_CASE_COMPLETED]
Hello from FreeRTOS fuzz demo!
[TEST_CASE_COMPLETED]
Hello from FreeRTOS fuzz demo!
[TEST_CASE_COMPLETED]
Hello from FreeRTOS fuzz demo!
[TEST_CASE_COMPLETED]
Hello from FreeRTOS fuzz demo!
[TEST_CASE_COMPLETED]
Hello from FreeRTOS fuzz demo!
[TEST_CASE_COMPLETED]
Hello from FreeRTOS fuzz demo!
[TEST_CASE_COMPLETED]
Hello from FreeRTOS fuzz demo!
[TEST_CASE_COMPLETED]
Hello from FreeRTOS fuzz demo!
[TEST_CASE_COMPLETED]
Hello from FreeRTOS fuzz demo!
[TEST_CASE_COMPLETED]
Hello from FreeRTOS fuzz demo!
[TEST_CASE_COMPLETED]
Hello from FreeRTOS fuzz demo!
[TEST_CASE_COMPLETED]
Hello from FreeRTOS fuzz demo!
[TEST_CASE_COMPLETED]
Hello from FreeRTOS fuzz demo!
[TEST_CASE_COMPLETED]
Hello from FreeRTOS fuzz demo!
[TEST_CASE_COMPLETED]
Hello from FreeRTOS fuzz demo!
[UserStats   #1]  (GLOBAL) run time: 4m-2s, clients: 1, corpus: 95, objectives: 0, executions: 2125, exec/sec: 8.769, stability: 100.000%, edges: 100.000%
                  (CLIENT) corpus: 95, objectives: 0, executions: 2125, exec/sec: 8.769, edges: 577/577 (100%), stability: 535/535 (100%)
[Testcase    #1]  (GLOBAL) run time: 4m-2s, clients: 1, corpus: 96, objectives: 0, executions: 2125, exec/sec: 8.769, stability: 100.000%, edges: 100.000%
                  (CLIENT) corpus: 96, objectives: 0, executions: 2125, exec/sec: 8.769, edges: 577/577 (100%), stability: 535/535 (100%)
[TEST_CASE_COMPLETED]
Hello from FreeRTOS fuzz demo!
[TEST_CASE_COMPLETED]
Hello from FreeRTOS fuzz demo!
[TEST_CASE_COMPLETED]
Hello from FreeRTOS fuzz demo!
[TEST_CASE_COMPLETED]
Hello from FreeRTOS fuzz demo!
[TEST_CASE_COMPLETED]
Hello from FreeRTOS fuzz demo!
[TEST_CASE_COMPLETED]
Hello from FreeRTOS fuzz demo!
[TEST_CASE_COMPLETED]
Hello from FreeRTOS fuzz demo!
[TEST_CASE_COMPLETED]
Hello from FreeRTOS fuzz demo!
[TEST_CASE_COMPLETED]
Hello from FreeRTOS fuzz demo!
[TEST_CASE_COMPLETED]
Hello from FreeRTOS fuzz demo!
[TEST_CASE_COMPLETED]
Hello from FreeRTOS fuzz demo!
[TEST_CASE_COMPLETED]
Hello from FreeRTOS fuzz demo!
[TEST_CASE_COMPLETED]
Hello from FreeRTOS fuzz demo!
[TEST_CASE_COMPLETED]
Hello from FreeRTOS fuzz demo!
[TEST_CASE_COMPLETED]
Hello from FreeRTOS fuzz demo!
[TEST_CASE_COMPLETED]
Hello from FreeRTOS fuzz demo!
[TEST_CASE_COMPLETED]
Hello from FreeRTOS fuzz demo!
[TEST_CASE_COMPLETED]
Hello from FreeRTOS fuzz demo!
[TEST_CASE_COMPLETED]
Hello from FreeRTOS fuzz demo!
[TEST_CASE_COMPLETED]
Hello from FreeRTOS fuzz demo!
[TEST_CASE_COMPLETED]
Hello from FreeRTOS fuzz demo!
[TEST_CASE_COMPLETED]
Hello from FreeRTOS fuzz demo!
[TEST_CASE_COMPLETED]
Hello from FreeRTOS fuzz demo!
[TEST_CASE_COMPLETED]
Hello from FreeRTOS fuzz demo!
[TEST_CASE_COMPLETED]
Hello from FreeRTOS fuzz demo!
[TEST_CASE_COMPLETED]
Hello from FreeRTOS fuzz demo!
[TEST_CASE_COMPLETED]
Hello from FreeRTOS fuzz demo!
[TEST_CASE_COMPLETED]
Hello from FreeRTOS fuzz demo!
[TEST_CASE_COMPLETED]
Hello from FreeRTOS fuzz demo!
[TEST_CASE_COMPLETED]
Hello from FreeRTOS fuzz demo!
[TEST_CASE_COMPLETED]
Hello from FreeRTOS fuzz demo!
[TEST_CASE_COMPLETED]
Hello from FreeRTOS fuzz demo!
[TEST_CASE_COMPLETED]
Hello from FreeRTOS fuzz demo!
[TEST_CASE_COMPLETED]
Hello from FreeRTOS fuzz demo!
[TEST_CASE_COMPLETED]
Hello from FreeRTOS fuzz demo!
[TEST_CASE_COMPLETED]
Hello from FreeRTOS fuzz demo!
[TEST_CASE_COMPLETED]
Hello from FreeRTOS fuzz demo!
[TEST_CASE_COMPLETED]
Hello from FreeRTOS fuzz demo!
[TEST_CASE_COMPLETED]
Hello from FreeRTOS fuzz demo!
[TEST_CASE_COMPLETED]
Hello from FreeRTOS fuzz demo!
[TEST_CASE_COMPLETED]
Hello from FreeRTOS fuzz demo!
[TEST_CASE_COMPLETED]
Hello from FreeRTOS fuzz demo!
[TEST_CASE_COMPLETED]
Hello from FreeRTOS fuzz demo!
[TEST_CASE_COMPLETED]
Hello from FreeRTOS fuzz demo!
[TEST_CASE_COMPLETED]
Hello from FreeRTOS fuzz demo!
[TEST_CASE_COMPLETED]
Hello from FreeRTOS fuzz demo!
[TEST_CASE_COMPLETED]
[Client Heartbeat #1]  (GLOBAL) run time: 4m-7s, clients: 1, corpus: 96, objectives: 0, executions: 2172, exec/sec: 8.785, stability: 100.000%, edges: 100.000%
                       (CLIENT) corpus: 96, objectives: 0, executions: 2172, exec/sec: 8.785, edges: 577/577 (100%), stability: 535/535 (100%)
Hello from FreeRTOS fuzz demo!
[TEST_CASE_COMPLETED]
Hello from FreeRTOS fuzz demo!
[TEST_CASE_COMPLETED]
Hello from FreeRTOS fuzz demo!
[TEST_CASE_COMPLETED]
Hello from FreeRTOS fuzz demo!
[TEST_CASE_COMPLETED]
Hello from FreeRTOS fuzz demo!
[TEST_CASE_COMPLETED]
Hello from FreeRTOS fuzz demo!
[TEST_CASE_COMPLETED]
Hello from FreeRTOS fuzz demo!
[TEST_CASE_COMPLETED]
Hello from FreeRTOS fuzz demo!
[TEST_CASE_COMPLETED]
Hello from FreeRTOS fuzz demo!
[TEST_CASE_COMPLETED]
Hello from FreeRTOS fuzz demo!
[TEST_CASE_COMPLETED]
Hello from FreeRTOS fuzz demo!
[TEST_CASE_COMPLETED]
Hello from FreeRTOS fuzz demo!
[TEST_CASE_COMPLETED]
Hello from FreeRTOS fuzz demo!
[TEST_CASE_COMPLETED]
Hello from FreeRTOS fuzz demo!
[TEST_CASE_COMPLETED]
Hello from FreeRTOS fuzz demo!
[TEST_CASE_COMPLETED]
Hello from FreeRTOS fuzz demo!
[TEST_CASE_COMPLETED]
Hello from FreeRTOS fuzz demo!
[TEST_CASE_COMPLETED]
Hello from FreeRTOS fuzz demo!
[TEST_CASE_COMPLETED]
Hello from FreeRTOS fuzz demo!
[TEST_CASE_COMPLETED]
Hello from FreeRTOS fuzz demo!
[TEST_CASE_COMPLETED]
Hello from FreeRTOS fuzz demo!
[TEST_CASE_COMPLETED]
Hello from FreeRTOS fuzz demo!
[TEST_CASE_COMPLETED]
Hello from FreeRTOS fuzz demo!
[TEST_CASE_COMPLETED]
Hello from FreeRTOS fuzz demo!
[TEST_CASE_COMPLETED]
Hello from FreeRTOS fuzz demo!
[TEST_CASE_COMPLETED]
Hello from FreeRTOS fuzz demo!
[TEST_CASE_COMPLETED]
Hello from FreeRTOS fuzz demo!
[TEST_CASE_COMPLETED]
Hello from FreeRTOS fuzz demo!
[TEST_CASE_COMPLETED]
Hello from FreeRTOS fuzz demo!
[TEST_CASE_COMPLETED]
Hello from FreeRTOS fuzz demo!
[TEST_CASE_COMPLETED]
Hello from FreeRTOS fuzz demo!
[TEST_CASE_COMPLETED]
Hello from FreeRTOS fuzz demo!
[TEST_CASE_COMPLETED]
Hello from FreeRTOS fuzz demo!
[TEST_CASE_COMPLETED]
Hello from FreeRTOS fuzz demo!
[TEST_CASE_COMPLETED]
Hello from FreeRTOS fuzz demo!
[TEST_CASE_COMPLETED]
Hello from FreeRTOS fuzz demo!
[TEST_CASE_COMPLETED]
Hello from FreeRTOS fuzz demo!
[TEST_CASE_COMPLETED]
Hello from FreeRTOS fuzz demo!
[TEST_CASE_COMPLETED]
Hello from FreeRTOS fuzz demo!
[TEST_CASE_COMPLETED]
Hello from FreeRTOS fuzz demo!
[TEST_CASE_COMPLETED]
Hello from FreeRTOS fuzz demo!
[TEST_CASE_COMPLETED]
Hello from FreeRTOS fuzz demo!
[TEST_CASE_COMPLETED]
Hello from FreeRTOS fuzz demo!
[TEST_CASE_COMPLETED]
Hello from FreeRTOS fuzz demo!
[TEST_CASE_COMPLETED]
Hello from FreeRTOS fuzz demo!
[TEST_CASE_COMPLETED]
[UserStats   #1]  (GLOBAL) run time: 4m-12s, clients: 1, corpus: 96, objectives: 0, executions: 2217, exec/sec: 8.788, stability: 100.000%, edges: 100.000%
                  (CLIENT) corpus: 96, objectives: 0, executions: 2217, exec/sec: 8.788, edges: 578/578 (100%), stability: 535/535 (100%)
Hello from FreeRTOS fuzz demo!
[Testcase    #1]  (GLOBAL) run time: 4m-12s, clients: 1, corpus: 97, objectives: 0, executions: 2217, exec/sec: 8.788, stability: 100.000%, edges: 100.000%
                  (CLIENT) corpus: 97, objectives: 0, executions: 2217, exec/sec: 8.788, edges: 578/578 (100%), stability: 535/535 (100%)
[TEST_CASE_COMPLETED]
Hello from FreeRTOS fuzz demo!
[TEST_CASE_COMPLETED]
Hello from FreeRTOS fuzz demo!
[TEST_CASE_COMPLETED]
Hello from FreeRTOS fuzz demo!
[TEST_CASE_COMPLETED]
Hello from FreeRTOS fuzz demo!
[TEST_CASE_COMPLETED]
Hello from FreeRTOS fuzz demo!
[TEST_CASE_COMPLETED]
Hello from FreeRTOS fuzz demo!
[TEST_CASE_COMPLETED]
Hello from FreeRTOS fuzz demo!
[TEST_CASE_COMPLETED]
Hello from FreeRTOS fuzz demo!
[TEST_CASE_COMPLETED]
Hello from FreeRTOS fuzz demo!
[TEST_CASE_COMPLETED]
Hello from FreeRTOS fuzz demo!
[TEST_CASE_COMPLETED]
Hello from FreeRTOS fuzz demo!
[TEST_CASE_COMPLETED]
Hello from FreeRTOS fuzz demo!
[TEST_CASE_COMPLETED]
Hello from FreeRTOS fuzz demo!
[TEST_CASE_COMPLETED]
Hello from FreeRTOS fuzz demo!
[TEST_CASE_COMPLETED]
Hello from FreeRTOS fuzz demo!
[TEST_CASE_COMPLETED]
Hello from FreeRTOS fuzz demo!
[TEST_CASE_COMPLETED]
Hello from FreeRTOS fuzz demo!
[TEST_CASE_COMPLETED]
Hello from FreeRTOS fuzz demo!
[TEST_CASE_COMPLETED]
Hello from FreeRTOS fuzz demo!
[TEST_CASE_COMPLETED]
Hello from FreeRTOS fuzz demo!
[TEST_CASE_COMPLETED]
Hello from FreeRTOS fuzz demo!
[TEST_CASE_COMPLETED]
Hello from FreeRTOS fuzz demo!
[TEST_CASE_COMPLETED]
Hello from FreeRTOS fuzz demo!
[TEST_CASE_COMPLETED]
Hello from FreeRTOS fuzz demo!
[TEST_CASE_COMPLETED]
Hello from FreeRTOS fuzz demo!
[TEST_CASE_COMPLETED]
Hello from FreeRTOS fuzz demo!
[TEST_CASE_COMPLETED]
Hello from FreeRTOS fuzz demo!
[TEST_CASE_COMPLETED]
Hello from FreeRTOS fuzz demo!
[TEST_CASE_COMPLETED]
Hello from FreeRTOS fuzz demo!
[TEST_CASE_COMPLETED]
Hello from FreeRTOS fuzz demo!
[TEST_CASE_COMPLETED]
Hello from FreeRTOS fuzz demo!
[TEST_CASE_COMPLETED]
Hello from FreeRTOS fuzz demo!
[TEST_CASE_COMPLETED]
Hello from FreeRTOS fuzz demo!
[TEST_CASE_COMPLETED]
Hello from FreeRTOS fuzz demo!
[TEST_CASE_COMPLETED]
Hello from FreeRTOS fuzz demo!
[TEST_CASE_COMPLETED]
Hello from FreeRTOS fuzz demo!
[TEST_CASE_COMPLETED]
Hello from FreeRTOS fuzz demo!
[TEST_CASE_COMPLETED]
Hello from FreeRTOS fuzz demo!
[UserStats   #1]  (GLOBAL) run time: 4m-16s, clients: 1, corpus: 97, objectives: 0, executions: 2255, exec/sec: 8.807, stability: 100.000%, edges: 100.000%
                  (CLIENT) corpus: 97, objectives: 0, executions: 2255, exec/sec: 8.807, edges: 578/578 (100%), stability: 535/535 (100%)
[Testcase    #1]  (GLOBAL) run time: 4m-16s, clients: 1, corpus: 98, objectives: 0, executions: 2255, exec/sec: 8.807, stability: 100.000%, edges: 100.000%
                  (CLIENT) corpus: 98, objectives: 0, executions: 2255, exec/sec: 8.807, edges: 578/578 (100%), stability: 535/535 (100%)
[TEST_CASE_COMPLETED]
Hello from FreeRTOS fuzz demo!
[TEST_CASE_COMPLETED]
Hello from FreeRTOS fuzz demo!
[TEST_CASE_COMPLETED]
Hello from FreeRTOS fuzz demo!
[TEST_CASE_COMPLETED]
Hello from FreeRTOS fuzz demo!
[TEST_CASE_COMPLETED]
Hello from FreeRTOS fuzz demo!
[TEST_CASE_COMPLETED]
Hello from FreeRTOS fuzz demo!
[TEST_CASE_COMPLETED]
Hello from FreeRTOS fuzz demo!
[TEST_CASE_COMPLETED]
Hello from FreeRTOS fuzz demo!
[TEST_CASE_COMPLETED]
Hello from FreeRTOS fuzz demo!
[TEST_CASE_COMPLETED]
Hello from FreeRTOS fuzz demo!
[TEST_CASE_COMPLETED]
Hello from FreeRTOS fuzz demo!
[TEST_CASE_COMPLETED]
Hello from FreeRTOS fuzz demo!
[TEST_CASE_COMPLETED]
Hello from FreeRTOS fuzz demo!
[TEST_CASE_COMPLETED]
Hello from FreeRTOS fuzz demo!
[TEST_CASE_COMPLETED]
Hello from FreeRTOS fuzz demo!
[TEST_CASE_COMPLETED]
Hello from FreeRTOS fuzz demo!
[TEST_CASE_COMPLETED]
Hello from FreeRTOS fuzz demo!
[TEST_CASE_COMPLETED]
Hello from FreeRTOS fuzz demo!
[TEST_CASE_COMPLETED]
Hello from FreeRTOS fuzz demo!
[TEST_CASE_COMPLETED]
Hello from FreeRTOS fuzz demo!
[TEST_CASE_COMPLETED]
Hello from FreeRTOS fuzz demo!
[TEST_CASE_COMPLETED]
Hello from FreeRTOS fuzz demo!
[TEST_CASE_COMPLETED]
Hello from FreeRTOS fuzz demo!
[TEST_CASE_COMPLETED]
Hello from FreeRTOS fuzz demo!
[TEST_CASE_COMPLETED]
Hello from FreeRTOS fuzz demo!
[TEST_CASE_COMPLETED]
Hello from FreeRTOS fuzz demo!
[TEST_CASE_COMPLETED]
Hello from FreeRTOS fuzz demo!
[TEST_CASE_COMPLETED]
Hello from FreeRTOS fuzz demo!
[TEST_CASE_COMPLETED]
Hello from FreeRTOS fuzz demo!
[TEST_CASE_COMPLETED]
Hello from FreeRTOS fuzz demo!
[TEST_CASE_COMPLETED]
Hello from FreeRTOS fuzz demo!
[TEST_CASE_COMPLETED]
Hello from FreeRTOS fuzz demo!
[TEST_CASE_COMPLETED]
Hello from FreeRTOS fuzz demo!
[UserStats   #1]  (GLOBAL) run time: 4m-20s, clients: 1, corpus: 98, objectives: 0, executions: 2288, exec/sec: 8.800, stability: 100.000%, edges: 100.000%
                  (CLIENT) corpus: 98, objectives: 0, executions: 2288, exec/sec: 8.800, edges: 580/580 (100%), stability: 535/535 (100%)
[Testcase    #1]  (GLOBAL) run time: 4m-20s, clients: 1, corpus: 99, objectives: 0, executions: 2288, exec/sec: 8.800, stability: 100.000%, edges: 100.000%
                  (CLIENT) corpus: 99, objectives: 0, executions: 2288, exec/sec: 8.800, edges: 580/580 (100%), stability: 535/535 (100%)
[TEST_CASE_COMPLETED]
Hello from FreeRTOS fuzz demo!
[TEST_CASE_COMPLETED]
Hello from FreeRTOS fuzz demo!
[TEST_CASE_COMPLETED]
Hello from FreeRTOS fuzz demo!
[TEST_CASE_COMPLETED]
Hello from FreeRTOS fuzz demo!
[TEST_CASE_COMPLETED]
Hello from FreeRTOS fuzz demo!
[TEST_CASE_COMPLETED]
Hello from FreeRTOS fuzz demo!
[TEST_CASE_COMPLETED]
Hello from FreeRTOS fuzz demo!
[TEST_CASE_COMPLETED]
Hello from FreeRTOS fuzz demo!
[TEST_CASE_COMPLETED]
Hello from FreeRTOS fuzz demo!
[TEST_CASE_COMPLETED]
Hello from FreeRTOS fuzz demo!
[TEST_CASE_COMPLETED]
Hello from FreeRTOS fuzz demo!
[TEST_CASE_COMPLETED]
Hello from FreeRTOS fuzz demo!
[TEST_CASE_COMPLETED]
Hello from FreeRTOS fuzz demo!
[TEST_CASE_COMPLETED]
Hello from FreeRTOS fuzz demo!
[TEST_CASE_COMPLETED]
Hello from FreeRTOS fuzz demo!
[TEST_CASE_COMPLETED]
Hello from FreeRTOS fuzz demo!
[TEST_CASE_COMPLETED]
Hello from FreeRTOS fuzz demo!
[TEST_CASE_COMPLETED]
Hello from FreeRTOS fuzz demo!
[TEST_CASE_COMPLETED]
Hello from FreeRTOS fuzz demo!
[TEST_CASE_COMPLETED]
Hello from FreeRTOS fuzz demo!
[TEST_CASE_COMPLETED]
Hello from FreeRTOS fuzz demo!
[TEST_CASE_COMPLETED]
Hello from FreeRTOS fuzz demo!
[TEST_CASE_COMPLETED]
Hello from FreeRTOS fuzz demo!
[TEST_CASE_COMPLETED]
Hello from FreeRTOS fuzz demo!
[TEST_CASE_COMPLETED]
Hello from FreeRTOS fuzz demo!
[TEST_CASE_COMPLETED]
Hello from FreeRTOS fuzz demo!
[TEST_CASE_COMPLETED]
Hello from FreeRTOS fuzz demo!
[TEST_CASE_COMPLETED]
Hello from FreeRTOS fuzz demo!
[TEST_CASE_COMPLETED]
Hello from FreeRTOS fuzz demo!
[TEST_CASE_COMPLETED]
Hello from FreeRTOS fuzz demo!
[TEST_CASE_COMPLETED]
Hello from FreeRTOS fuzz demo!
[TEST_CASE_COMPLETED]
Hello from FreeRTOS fuzz demo!
[TEST_CASE_COMPLETED]
Hello from FreeRTOS fuzz demo!
[TEST_CASE_COMPLETED]
Hello from FreeRTOS fuzz demo!
[TEST_CASE_COMPLETED]
Hello from FreeRTOS fuzz demo!
[TEST_CASE_COMPLETED]
Hello from FreeRTOS fuzz demo!
[TEST_CASE_COMPLETED]
Hello from FreeRTOS fuzz demo!
[TEST_CASE_COMPLETED]
Hello from FreeRTOS fuzz demo!
[TEST_CASE_COMPLETED]
Hello from FreeRTOS fuzz demo!
[TEST_CASE_COMPLETED]
Hello from FreeRTOS fuzz demo!
[TEST_CASE_COMPLETED]
Hello from FreeRTOS fuzz demo!
[TEST_CASE_COMPLETED]
Hello from FreeRTOS fuzz demo!
[TEST_CASE_COMPLETED]
Hello from FreeRTOS fuzz demo!
[TEST_CASE_COMPLETED]
Hello from FreeRTOS fuzz demo!
[TEST_CASE_COMPLETED]
Hello from FreeRTOS fuzz demo!
[TEST_CASE_COMPLETED]
Hello from FreeRTOS fuzz demo!
[UserStats   #1]  (GLOBAL) run time: 4m-24s, clients: 1, corpus: 99, objectives: 0, executions: 2331, exec/sec: 8.837, stability: 100.000%, edges: 100.000%
                  (CLIENT) corpus: 99, objectives: 0, executions: 2331, exec/sec: 8.837, edges: 581/581 (100%), stability: 535/535 (100%)
[Testcase    #1]  (GLOBAL) run time: 4m-24s, clients: 1, corpus: 100, objectives: 0, executions: 2331, exec/sec: 8.837, stability: 100.000%, edges: 100.000%
                  (CLIENT) corpus: 100, objectives: 0, executions: 2331, exec/sec: 8.837, edges: 581/581 (100%), stability: 535/535 (100%)
[TEST_CASE_COMPLETED]
Hello from FreeRTOS fuzz demo!
[TEST_CASE_COMPLETED]
Hello from FreeRTOS fuzz demo!
[TEST_CASE_COMPLETED]
Hello from FreeRTOS fuzz demo!
[TEST_CASE_COMPLETED]
Hello from FreeRTOS fuzz demo!
[TEST_CASE_COMPLETED]
Hello from FreeRTOS fuzz demo!
[TEST_CASE_COMPLETED]
Hello from FreeRTOS fuzz demo!
[TEST_CASE_COMPLETED]
Hello from FreeRTOS fuzz demo!
[TEST_CASE_COMPLETED]
Hello from FreeRTOS fuzz demo!
[TEST_CASE_COMPLETED]
Hello from FreeRTOS fuzz demo!
[TEST_CASE_COMPLETED]
Hello from FreeRTOS fuzz demo!
[TEST_CASE_COMPLETED]
Hello from FreeRTOS fuzz demo!
[TEST_CASE_COMPLETED]
Hello from FreeRTOS fuzz demo!
[TEST_CASE_COMPLETED]
Hello from FreeRTOS fuzz demo!
[TEST_CASE_COMPLETED]
Hello from FreeRTOS fuzz demo!
[TEST_CASE_COMPLETED]
Hello from FreeRTOS fuzz demo!
[TEST_CASE_COMPLETED]
Hello from FreeRTOS fuzz demo!
[TEST_CASE_COMPLETED]
Hello from FreeRTOS fuzz demo!
[TEST_CASE_COMPLETED]
Hello from FreeRTOS fuzz demo!
[TEST_CASE_COMPLETED]
Hello from FreeRTOS fuzz demo!
[TEST_CASE_COMPLETED]
Hello from FreeRTOS fuzz demo!
[TEST_CASE_COMPLETED]
Hello from FreeRTOS fuzz demo!
[TEST_CASE_COMPLETED]
Hello from FreeRTOS fuzz demo!
[TEST_CASE_COMPLETED]
Hello from FreeRTOS fuzz demo!
[TEST_CASE_COMPLETED]
Hello from FreeRTOS fuzz demo!
[TEST_CASE_COMPLETED]
Hello from FreeRTOS fuzz demo!
[TEST_CASE_COMPLETED]
Hello from FreeRTOS fuzz demo!
[TEST_CASE_COMPLETED]
Hello from FreeRTOS fuzz demo!
[TEST_CASE_COMPLETED]
Hello from FreeRTOS fuzz demo!
[TEST_CASE_COMPLETED]
Hello from FreeRTOS fuzz demo!
[TEST_CASE_COMPLETED]
Hello from FreeRTOS fuzz demo!
[TEST_CASE_COMPLETED]
Hello from FreeRTOS fuzz demo!
[TEST_CASE_COMPLETED]
Hello from FreeRTOS fuzz demo!
[TEST_CASE_COMPLETED]
Hello from FreeRTOS fuzz demo!
[TEST_CASE_COMPLETED]
Hello from FreeRTOS fuzz demo!
[TEST_CASE_COMPLETED]
Hello from FreeRTOS fuzz demo!
[TEST_CASE_COMPLETED]
Hello from FreeRTOS fuzz demo!
[TEST_CASE_COMPLETED]
Hello from FreeRTOS fuzz demo!
[TEST_CASE_COMPLETED]
Hello from FreeRTOS fuzz demo!
[TEST_CASE_COMPLETED]
Hello from FreeRTOS fuzz demo!
[TEST_CASE_COMPLETED]
Hello from FreeRTOS fuzz demo!
[TEST_CASE_COMPLETED]
Hello from FreeRTOS fuzz demo!
[TEST_CASE_COMPLETED]
Hello from FreeRTOS fuzz demo!
[TEST_CASE_COMPLETED]
Hello from FreeRTOS fuzz demo!
[TEST_CASE_COMPLETED]
Hello from FreeRTOS fuzz demo!
[TEST_CASE_COMPLETED]
Hello from FreeRTOS fuzz demo!
[TEST_CASE_COMPLETED]
Hello from FreeRTOS fuzz demo!
[Client Heartbeat #1]  (GLOBAL) run time: 4m-27s, clients: 1, corpus: 100, objectives: 0, executions: 2380, exec/sec: 8.892, stability: 100.000%, edges: 100.000%
                       (CLIENT) corpus: 100, objectives: 0, executions: 2380, exec/sec: 8.892, edges: 581/581 (100%), stability: 535/535 (100%)
[TEST_CASE_COMPLETED]
Hello from FreeRTOS fuzz demo!
[TEST_CASE_COMPLETED]
Hello from FreeRTOS fuzz demo!
[TEST_CASE_COMPLETED]
Hello from FreeRTOS fuzz demo!
[TEST_CASE_COMPLETED]
Hello from FreeRTOS fuzz demo!
[TEST_CASE_COMPLETED]
Hello from FreeRTOS fuzz demo!
[TEST_CASE_COMPLETED]
Hello from FreeRTOS fuzz demo!
[TEST_CASE_COMPLETED]
Hello from FreeRTOS fuzz demo!
[TEST_CASE_COMPLETED]
Hello from FreeRTOS fuzz demo!
[TEST_CASE_COMPLETED]
Hello from FreeRTOS fuzz demo!
[TEST_CASE_COMPLETED]
Hello from FreeRTOS fuzz demo!
[TEST_CASE_COMPLETED]
Hello from FreeRTOS fuzz demo!
[TEST_CASE_COMPLETED]
Hello from FreeRTOS fuzz demo!
[TEST_CASE_COMPLETED]
Hello from FreeRTOS fuzz demo!
[TEST_CASE_COMPLETED]
Hello from FreeRTOS fuzz demo!
[TEST_CASE_COMPLETED]
Hello from FreeRTOS fuzz demo!
[TEST_CASE_COMPLETED]
Hello from FreeRTOS fuzz demo!
[TEST_CASE_COMPLETED]
Hello from FreeRTOS fuzz demo!
[TEST_CASE_COMPLETED]
Hello from FreeRTOS fuzz demo!
[TEST_CASE_COMPLETED]
Hello from FreeRTOS fuzz demo!
[TEST_CASE_COMPLETED]
Hello from FreeRTOS fuzz demo!
[TEST_CASE_COMPLETED]
Hello from FreeRTOS fuzz demo!
[TEST_CASE_COMPLETED]
Hello from FreeRTOS fuzz demo!
[TEST_CASE_COMPLETED]
Hello from FreeRTOS fuzz demo!
[TEST_CASE_COMPLETED]
Hello from FreeRTOS fuzz demo!
[TEST_CASE_COMPLETED]
Hello from FreeRTOS fuzz demo!
[TEST_CASE_COMPLETED]
Hello from FreeRTOS fuzz demo!
[TEST_CASE_COMPLETED]
Hello from FreeRTOS fuzz demo!
[TEST_CASE_COMPLETED]
Hello from FreeRTOS fuzz demo!
[TEST_CASE_COMPLETED]
Hello from FreeRTOS fuzz demo!
[TEST_CASE_COMPLETED]
Hello from FreeRTOS fuzz demo!
[TEST_CASE_COMPLETED]
Hello from FreeRTOS fuzz demo!
[TEST_CASE_COMPLETED]
Hello from FreeRTOS fuzz demo!
[TEST_CASE_COMPLETED]
Hello from FreeRTOS fuzz demo!
[TEST_CASE_COMPLETED]
Hello from FreeRTOS fuzz demo!
[TEST_CASE_COMPLETED]
Hello from FreeRTOS fuzz demo!
[TEST_CASE_COMPLETED]
Hello from FreeRTOS fuzz demo!
[TEST_CASE_COMPLETED]
Hello from FreeRTOS fuzz demo!
[TEST_CASE_COMPLETED]
Hello from FreeRTOS fuzz demo!
[TEST_CASE_COMPLETED]
Hello from FreeRTOS fuzz demo!
[TEST_CASE_COMPLETED]
Hello from FreeRTOS fuzz demo!
[TEST_CASE_COMPLETED]
Hello from FreeRTOS fuzz demo!
[TEST_CASE_COMPLETED]
Hello from FreeRTOS fuzz demo!
[TEST_CASE_COMPLETED]
Hello from FreeRTOS fuzz demo!
[TEST_CASE_COMPLETED]
Hello from FreeRTOS fuzz demo!
[TEST_CASE_COMPLETED]
Hello from FreeRTOS fuzz demo!
[TEST_CASE_COMPLETED]
Hello from FreeRTOS fuzz demo!
[TEST_CASE_COMPLETED]
Hello from FreeRTOS fuzz demo!
[TEST_CASE_COMPLETED]
Hello from FreeRTOS fuzz demo!
[TEST_CASE_COMPLETED]
Hello from FreeRTOS fuzz demo!
[TEST_CASE_COMPLETED]
Hello from FreeRTOS fuzz demo!
[TEST_CASE_COMPLETED]
Hello from FreeRTOS fuzz demo!
[TEST_CASE_COMPLETED]
Hello from FreeRTOS fuzz demo!
[TEST_CASE_COMPLETED]
Hello from FreeRTOS fuzz demo!
[TEST_CASE_COMPLETED]
Hello from FreeRTOS fuzz demo!
[TEST_CASE_COMPLETED]
Hello from FreeRTOS fuzz demo!
[TEST_CASE_COMPLETED]
Hello from FreeRTOS fuzz demo!
[TEST_CASE_COMPLETED]
Hello from FreeRTOS fuzz demo!
[TEST_CASE_COMPLETED]
Hello from FreeRTOS fuzz demo!
[TEST_CASE_COMPLETED]
Hello from FreeRTOS fuzz demo!
[TEST_CASE_COMPLETED]
Hello from FreeRTOS fuzz demo!
[TEST_CASE_COMPLETED]
Hello from FreeRTOS fuzz demo!
[TEST_CASE_COMPLETED]
Hello from FreeRTOS fuzz demo!
[TEST_CASE_COMPLETED]
Hello from FreeRTOS fuzz demo!
[TEST_CASE_COMPLETED]
Hello from FreeRTOS fuzz demo!
[TEST_CASE_COMPLETED]
Hello from FreeRTOS fuzz demo!
[TEST_CASE_COMPLETED]
Hello from FreeRTOS fuzz demo!
[TEST_CASE_COMPLETED]
[UserStats   #1]  (GLOBAL) run time: 4m-36s, clients: 1, corpus: 100, objectives: 0, executions: 2447, exec/sec: 8.849, stability: 100.000%, edges: 100.000%
                  (CLIENT) corpus: 100, objectives: 0, executions: 2447, exec/sec: 8.849, edges: 582/582 (100%), stability: 535/535 (100%)
[Testcase    #1]  (GLOBAL) run time: 4m-36s, clients: 1, corpus: 101, objectives: 0, executions: 2447, exec/sec: 8.849, stability: 100.000%, edges: 100.000%
                  (CLIENT) corpus: 101, objectives: 0, executions: 2447, exec/sec: 8.849, edges: 582/582 (100%), stability: 535/535 (100%)
Hello from FreeRTOS fuzz demo!
[TEST_CASE_COMPLETED]
Hello from FreeRTOS fuzz demo!
[TEST_CASE_COMPLETED]
Hello from FreeRTOS fuzz demo!
[TEST_CASE_COMPLETED]
Hello from FreeRTOS fuzz demo!
[TEST_CASE_COMPLETED]
Hello from FreeRTOS fuzz demo!
[TEST_CASE_COMPLETED]
Hello from FreeRTOS fuzz demo!
[TEST_CASE_COMPLETED]
Hello from FreeRTOS fuzz demo!
[TEST_CASE_COMPLETED]
Hello from FreeRTOS fuzz demo!
[TEST_CASE_COMPLETED]
Hello from FreeRTOS fuzz demo!
[TEST_CASE_COMPLETED]
Hello from FreeRTOS fuzz demo!
[TEST_CASE_COMPLETED]
Hello from FreeRTOS fuzz demo!
[TEST_CASE_COMPLETED]
Hello from FreeRTOS fuzz demo!
[TEST_CASE_COMPLETED]
Hello from FreeRTOS fuzz demo!
[TEST_CASE_COMPLETED]
Hello from FreeRTOS fuzz demo!
[TEST_CASE_COMPLETED]
Hello from FreeRTOS fuzz demo!
[TEST_CASE_COMPLETED]
Hello from FreeRTOS fuzz demo!
[TEST_CASE_COMPLETED]
Hello from FreeRTOS fuzz demo!
[TEST_CASE_COMPLETED]
Hello from FreeRTOS fuzz demo!
[TEST_CASE_COMPLETED]
Hello from FreeRTOS fuzz demo!
[TEST_CASE_COMPLETED]
Hello from FreeRTOS fuzz demo!
[TEST_CASE_COMPLETED]
Hello from FreeRTOS fuzz demo!
[TEST_CASE_COMPLETED]
Hello from FreeRTOS fuzz demo!
[TEST_CASE_COMPLETED]
Hello from FreeRTOS fuzz demo!
[TEST_CASE_COMPLETED]
Hello from FreeRTOS fuzz demo!
[TEST_CASE_COMPLETED]
Hello from FreeRTOS fuzz demo!
[TEST_CASE_COMPLETED]
Hello from FreeRTOS fuzz demo!
[TEST_CASE_COMPLETED]
Hello from FreeRTOS fuzz demo!
[TEST_CASE_COMPLETED]
Hello from FreeRTOS fuzz demo!
[TEST_CASE_COMPLETED]
Hello from FreeRTOS fuzz demo!
[TEST_CASE_COMPLETED]
Hello from FreeRTOS fuzz demo!
[TEST_CASE_COMPLETED]
Hello from FreeRTOS fuzz demo!
[TEST_CASE_COMPLETED]
Hello from FreeRTOS fuzz demo!
[TEST_CASE_COMPLETED]
Hello from FreeRTOS fuzz demo!
[TEST_CASE_COMPLETED]
Hello from FreeRTOS fuzz demo!
[TEST_CASE_COMPLETED]
Hello from FreeRTOS fuzz demo!
[TEST_CASE_COMPLETED]
Hello from FreeRTOS fuzz demo!
[TEST_CASE_COMPLETED]
Hello from FreeRTOS fuzz demo!
[TEST_CASE_COMPLETED]
Hello from FreeRTOS fuzz demo!
[TEST_CASE_COMPLETED]
Hello from FreeRTOS fuzz demo!
[TEST_CASE_COMPLETED]
Hello from FreeRTOS fuzz demo!
[TEST_CASE_COMPLETED]
Hello from FreeRTOS fuzz demo!
[TEST_CASE_COMPLETED]
Hello from FreeRTOS fuzz demo!
[TEST_CASE_COMPLETED]
Hello from FreeRTOS fuzz demo!
[TEST_CASE_COMPLETED]
Hello from FreeRTOS fuzz demo!
[TEST_CASE_COMPLETED]
Hello from FreeRTOS fuzz demo!
[TEST_CASE_COMPLETED]
Hello from FreeRTOS fuzz demo!
[TEST_CASE_COMPLETED]
Hello from FreeRTOS fuzz demo!
[Client Heartbeat #1]  (GLOBAL) run time: 4m-43s, clients: 1, corpus: 101, objectives: 0, executions: 2493, exec/sec: 8.809, stability: 100.000%, edges: 100.000%
                       (CLIENT) corpus: 101, objectives: 0, executions: 2493, exec/sec: 8.809, edges: 582/582 (100%), stability: 535/535 (100%)
[TEST_CASE_COMPLETED]
Hello from FreeRTOS fuzz demo!
[TEST_CASE_COMPLETED]
Hello from FreeRTOS fuzz demo!
[TEST_CASE_COMPLETED]
Hello from FreeRTOS fuzz demo!
[TEST_CASE_COMPLETED]
Hello from FreeRTOS fuzz demo!
[TEST_CASE_COMPLETED]
Hello from FreeRTOS fuzz demo!
[TEST_CASE_COMPLETED]
Hello from FreeRTOS fuzz demo!
[TEST_CASE_COMPLETED]
Hello from FreeRTOS fuzz demo!
[TEST_CASE_COMPLETED]
Hello from FreeRTOS fuzz demo!
[TEST_CASE_COMPLETED]
Hello from FreeRTOS fuzz demo!
[TEST_CASE_COMPLETED]
Hello from FreeRTOS fuzz demo!
[TEST_CASE_COMPLETED]
Hello from FreeRTOS fuzz demo!
[TEST_CASE_COMPLETED]
Hello from FreeRTOS fuzz demo!
[TEST_CASE_COMPLETED]
Hello from FreeRTOS fuzz demo!
[TEST_CASE_COMPLETED]
Hello from FreeRTOS fuzz demo!
[TEST_CASE_COMPLETED]
Hello from FreeRTOS fuzz demo!
[TEST_CASE_COMPLETED]
Hello from FreeRTOS fuzz demo!
[UserStats   #1]  (GLOBAL) run time: 4m-44s, clients: 1, corpus: 101, objectives: 0, executions: 2509, exec/sec: 8.826, stability: 100.000%, edges: 100.000%
                  (CLIENT) corpus: 101, objectives: 0, executions: 2509, exec/sec: 8.826, edges: 583/583 (100%), stability: 535/535 (100%)
[Testcase    #1]  (GLOBAL) run time: 4m-44s, clients: 1, corpus: 102, objectives: 0, executions: 2509, exec/sec: 8.826, stability: 100.000%, edges: 100.000%
                  (CLIENT) corpus: 102, objectives: 0, executions: 2509, exec/sec: 8.826, edges: 583/583 (100%), stability: 535/535 (100%)
[TEST_CASE_COMPLETED]
Hello from FreeRTOS fuzz demo!
[TEST_CASE_COMPLETED]
Hello from FreeRTOS fuzz demo!
[TEST_CASE_COMPLETED]
Hello from FreeRTOS fuzz demo!
[TEST_CASE_COMPLETED]
Hello from FreeRTOS fuzz demo!
[TEST_CASE_COMPLETED]
Hello from FreeRTOS fuzz demo!
[TEST_CASE_COMPLETED]
Hello from FreeRTOS fuzz demo!
[TEST_CASE_COMPLETED]
Hello from FreeRTOS fuzz demo!
[TEST_CASE_COMPLETED]
Hello from FreeRTOS fuzz demo!
[TEST_CASE_COMPLETED]
Hello from FreeRTOS fuzz demo!
[TEST_CASE_COMPLETED]
Hello from FreeRTOS fuzz demo!
[TEST_CASE_COMPLETED]
Hello from FreeRTOS fuzz demo!
[TEST_CASE_COMPLETED]
Hello from FreeRTOS fuzz demo!
[TEST_CASE_COMPLETED]
Hello from FreeRTOS fuzz demo!
[TEST_CASE_COMPLETED]
Hello from FreeRTOS fuzz demo!
[TEST_CASE_COMPLETED]
Hello from FreeRTOS fuzz demo!
[TEST_CASE_COMPLETED]
Hello from FreeRTOS fuzz demo!
[TEST_CASE_COMPLETED]
Hello from FreeRTOS fuzz demo!
[TEST_CASE_COMPLETED]
Hello from FreeRTOS fuzz demo!
[TEST_CASE_COMPLETED]
Hello from FreeRTOS fuzz demo!
[TEST_CASE_COMPLETED]
Hello from FreeRTOS fuzz demo!
[TEST_CASE_COMPLETED]
Hello from FreeRTOS fuzz demo!
[TEST_CASE_COMPLETED]
Hello from FreeRTOS fuzz demo!
[TEST_CASE_COMPLETED]
Hello from FreeRTOS fuzz demo!
[TEST_CASE_COMPLETED]
Hello from FreeRTOS fuzz demo!
[TEST_CASE_COMPLETED]
Hello from FreeRTOS fuzz demo!
[TEST_CASE_COMPLETED]
Hello from FreeRTOS fuzz demo!
[TEST_CASE_COMPLETED]
Hello from FreeRTOS fuzz demo!
[TEST_CASE_COMPLETED]
Hello from FreeRTOS fuzz demo!
[TEST_CASE_COMPLETED]
Hello from FreeRTOS fuzz demo!
[TEST_CASE_COMPLETED]
Hello from FreeRTOS fuzz demo!
[TEST_CASE_COMPLETED]
Hello from FreeRTOS fuzz demo!
[TEST_CASE_COMPLETED]
Hello from FreeRTOS fuzz demo!
[TEST_CASE_COMPLETED]
Hello from FreeRTOS fuzz demo!
[TEST_CASE_COMPLETED]
Hello from FreeRTOS fuzz demo!
[TEST_CASE_COMPLETED]
Hello from FreeRTOS fuzz demo!
[TEST_CASE_COMPLETED]
Hello from FreeRTOS fuzz demo!
[TEST_CASE_COMPLETED]
Hello from FreeRTOS fuzz demo!
[TEST_CASE_COMPLETED]
Hello from FreeRTOS fuzz demo!
[TEST_CASE_COMPLETED]
Hello from FreeRTOS fuzz demo!
[TEST_CASE_COMPLETED]
Hello from FreeRTOS fuzz demo!
[TEST_CASE_COMPLETED]
Hello from FreeRTOS fuzz demo!
[TEST_CASE_COMPLETED]
Hello from FreeRTOS fuzz demo!
[TEST_CASE_COMPLETED]
Hello from FreeRTOS fuzz demo!
[TEST_CASE_COMPLETED]
Hello from FreeRTOS fuzz demo!
[TEST_CASE_COMPLETED]
Hello from FreeRTOS fuzz demo!
[TEST_CASE_COMPLETED]
Hello from FreeRTOS fuzz demo!
[TEST_CASE_COMPLETED]
Hello from FreeRTOS fuzz demo!
[TEST_CASE_COMPLETED]
Hello from FreeRTOS fuzz demo!
[TEST_CASE_COMPLETED]
Hello from FreeRTOS fuzz demo!
[TEST_CASE_COMPLETED]
Hello from FreeRTOS fuzz demo!
[TEST_CASE_COMPLETED]
Hello from FreeRTOS fuzz demo!
[TEST_CASE_COMPLETED]
Hello from FreeRTOS fuzz demo!
[TEST_CASE_COMPLETED]
Hello from FreeRTOS fuzz demo!
[TEST_CASE_COMPLETED]
Hello from FreeRTOS fuzz demo!
[TEST_CASE_COMPLETED]
Hello from FreeRTOS fuzz demo!
[TEST_CASE_COMPLETED]
Hello from FreeRTOS fuzz demo!
[TEST_CASE_COMPLETED]
Hello from FreeRTOS fuzz demo!
[TEST_CASE_COMPLETED]
Hello from FreeRTOS fuzz demo!
[TEST_CASE_COMPLETED]
Hello from FreeRTOS fuzz demo!
[TEST_CASE_COMPLETED]
Hello from FreeRTOS fuzz demo!
[TEST_CASE_COMPLETED]
Hello from FreeRTOS fuzz demo!
[TEST_CASE_COMPLETED]
Hello from FreeRTOS fuzz demo!
[TEST_CASE_COMPLETED]
Hello from FreeRTOS fuzz demo!
[TEST_CASE_COMPLETED]
Hello from FreeRTOS fuzz demo!
[TEST_CASE_COMPLETED]
Hello from FreeRTOS fuzz demo!
[TEST_CASE_COMPLETED]
Hello from FreeRTOS fuzz demo!
[TEST_CASE_COMPLETED]
Hello from FreeRTOS fuzz demo!
[TEST_CASE_COMPLETED]
Hello from FreeRTOS fuzz demo!
[UserStats   #1]  (GLOBAL) run time: 4m-52s, clients: 1, corpus: 102, objectives: 0, executions: 2576, exec/sec: 8.805, stability: 100.000%, edges: 100.000%
                  (CLIENT) corpus: 102, objectives: 0, executions: 2576, exec/sec: 8.805, edges: 584/584 (100%), stability: 535/535 (100%)
[Testcase    #1]  (GLOBAL) run time: 4m-52s, clients: 1, corpus: 103, objectives: 0, executions: 2576, exec/sec: 8.805, stability: 100.000%, edges: 100.000%
                  (CLIENT) corpus: 103, objectives: 0, executions: 2576, exec/sec: 8.805, edges: 584/584 (100%), stability: 535/535 (100%)
[TEST_CASE_COMPLETED]
Hello from FreeRTOS fuzz demo!
[TEST_CASE_COMPLETED]
Hello from FreeRTOS fuzz demo!
[TEST_CASE_COMPLETED]
Hello from FreeRTOS fuzz demo!
[TEST_CASE_COMPLETED]
Hello from FreeRTOS fuzz demo!
[TEST_CASE_COMPLETED]
Hello from FreeRTOS fuzz demo!
[TEST_CASE_COMPLETED]
Hello from FreeRTOS fuzz demo!
[TEST_CASE_COMPLETED]
Hello from FreeRTOS fuzz demo!
[TEST_CASE_COMPLETED]
Hello from FreeRTOS fuzz demo!
[TEST_CASE_COMPLETED]
Hello from FreeRTOS fuzz demo!
[TEST_CASE_COMPLETED]
Hello from FreeRTOS fuzz demo!
[TEST_CASE_COMPLETED]
Hello from FreeRTOS fuzz demo!
[TEST_CASE_COMPLETED]
Hello from FreeRTOS fuzz demo!
[TEST_CASE_COMPLETED]
Hello from FreeRTOS fuzz demo!
[TEST_CASE_COMPLETED]
Hello from FreeRTOS fuzz demo!
[TEST_CASE_COMPLETED]
Hello from FreeRTOS fuzz demo!
[TEST_CASE_COMPLETED]
Hello from FreeRTOS fuzz demo!
[TEST_CASE_COMPLETED]
Hello from FreeRTOS fuzz demo!
[TEST_CASE_COMPLETED]
Hello from FreeRTOS fuzz demo!
[TEST_CASE_COMPLETED]
Hello from FreeRTOS fuzz demo!
[TEST_CASE_COMPLETED]
Hello from FreeRTOS fuzz demo!
[TEST_CASE_COMPLETED]
Hello from FreeRTOS fuzz demo!
[TEST_CASE_COMPLETED]
Hello from FreeRTOS fuzz demo!
[TEST_CASE_COMPLETED]
Hello from FreeRTOS fuzz demo!
[TEST_CASE_COMPLETED]
Hello from FreeRTOS fuzz demo!
[TEST_CASE_COMPLETED]
Hello from FreeRTOS fuzz demo!
[TEST_CASE_COMPLETED]
Hello from FreeRTOS fuzz demo!
[TEST_CASE_COMPLETED]
Hello from FreeRTOS fuzz demo!
[TEST_CASE_COMPLETED]
Hello from FreeRTOS fuzz demo!
[TEST_CASE_COMPLETED]
Hello from FreeRTOS fuzz demo!
[TEST_CASE_COMPLETED]
Hello from FreeRTOS fuzz demo!
[TEST_CASE_COMPLETED]
Hello from FreeRTOS fuzz demo!
[TEST_CASE_COMPLETED]
Hello from FreeRTOS fuzz demo!
[TEST_CASE_COMPLETED]
Hello from FreeRTOS fuzz demo!
[TEST_CASE_COMPLETED]
Hello from FreeRTOS fuzz demo!
[TEST_CASE_COMPLETED]
Hello from FreeRTOS fuzz demo!
[TEST_CASE_COMPLETED]
Hello from FreeRTOS fuzz demo!
[TEST_CASE_COMPLETED]
Hello from FreeRTOS fuzz demo!
[TEST_CASE_COMPLETED]
Hello from FreeRTOS fuzz demo!
[TEST_CASE_COMPLETED]
Hello from FreeRTOS fuzz demo!
[TEST_CASE_COMPLETED]
Hello from FreeRTOS fuzz demo!
[TEST_CASE_COMPLETED]
Hello from FreeRTOS fuzz demo!
[TEST_CASE_COMPLETED]
Hello from FreeRTOS fuzz demo!
[TEST_CASE_COMPLETED]
Hello from FreeRTOS fuzz demo!
[TEST_CASE_COMPLETED]
Hello from FreeRTOS fuzz demo!
[TEST_CASE_COMPLETED]
Hello from FreeRTOS fuzz demo!
[TEST_CASE_COMPLETED]
Hello from FreeRTOS fuzz demo!
[TEST_CASE_COMPLETED]
Hello from FreeRTOS fuzz demo!
[TEST_CASE_COMPLETED]
Hello from FreeRTOS fuzz demo!
[TEST_CASE_COMPLETED]
Hello from FreeRTOS fuzz demo!
[TEST_CASE_COMPLETED]
Hello from FreeRTOS fuzz demo!
[TEST_CASE_COMPLETED]
Hello from FreeRTOS fuzz demo!
[TEST_CASE_COMPLETED]
Hello from FreeRTOS fuzz demo!
[TEST_CASE_COMPLETED]
Hello from FreeRTOS fuzz demo!
[TEST_CASE_COMPLETED]
Hello from FreeRTOS fuzz demo!
[TEST_CASE_COMPLETED]
Hello from FreeRTOS fuzz demo!
[TEST_CASE_COMPLETED]
Hello from FreeRTOS fuzz demo!
[TEST_CASE_COMPLETED]
Hello from FreeRTOS fuzz demo!
[TEST_CASE_COMPLETED]
Hello from FreeRTOS fuzz demo!
[TEST_CASE_COMPLETED]
Hello from FreeRTOS fuzz demo!
[TEST_CASE_COMPLETED]
Hello from FreeRTOS fuzz demo!
[TEST_CASE_COMPLETED]
Hello from FreeRTOS fuzz demo!
[TEST_CASE_COMPLETED]
Hello from FreeRTOS fuzz demo!
[TEST_CASE_COMPLETED]
Hello from FreeRTOS fuzz demo!
[TEST_CASE_COMPLETED]
Hello from FreeRTOS fuzz demo!
[TEST_CASE_COMPLETED]
Hello from FreeRTOS fuzz demo!
[TEST_CASE_COMPLETED]
Hello from FreeRTOS fuzz demo!
[TEST_CASE_COMPLETED]
Hello from FreeRTOS fuzz demo!
[TEST_CASE_COMPLETED]
Hello from FreeRTOS fuzz demo!
[TEST_CASE_COMPLETED]
Hello from FreeRTOS fuzz demo!
[TEST_CASE_COMPLETED]
Hello from FreeRTOS fuzz demo!
[TEST_CASE_COMPLETED]
Hello from FreeRTOS fuzz demo!
[TEST_CASE_COMPLETED]
Hello from FreeRTOS fuzz demo!
[TEST_CASE_COMPLETED]
Hello from FreeRTOS fuzz demo!
[TEST_CASE_COMPLETED]
Hello from FreeRTOS fuzz demo!
[TEST_CASE_COMPLETED]
Hello from FreeRTOS fuzz demo!
[TEST_CASE_COMPLETED]
Hello from FreeRTOS fuzz demo!
[TEST_CASE_COMPLETED]
Hello from FreeRTOS fuzz demo!
[TEST_CASE_COMPLETED]
Hello from FreeRTOS fuzz demo!
[TEST_CASE_COMPLETED]
Hello from FreeRTOS fuzz demo!
[TEST_CASE_COMPLETED]
Hello from FreeRTOS fuzz demo!
[TEST_CASE_COMPLETED]
Hello from FreeRTOS fuzz demo!
[TEST_CASE_COMPLETED]
Hello from FreeRTOS fuzz demo!
[TEST_CASE_COMPLETED]
Hello from FreeRTOS fuzz demo!
[TEST_CASE_COMPLETED]
Hello from FreeRTOS fuzz demo!
[TEST_CASE_COMPLETED]
Hello from FreeRTOS fuzz demo!
[TEST_CASE_COMPLETED]
Hello from FreeRTOS fuzz demo!
[TEST_CASE_COMPLETED]
Hello from FreeRTOS fuzz demo!
[TEST_CASE_COMPLETED]
Hello from FreeRTOS fuzz demo!
[TEST_CASE_COMPLETED]
Hello from FreeRTOS fuzz demo!
[TEST_CASE_COMPLETED]
Hello from FreeRTOS fuzz demo!
[TEST_CASE_COMPLETED]
Hello from FreeRTOS fuzz demo!
[TEST_CASE_COMPLETED]
Hello from FreeRTOS fuzz demo!
[TEST_CASE_COMPLETED]
Hello from FreeRTOS fuzz demo!
[TEST_CASE_COMPLETED]
Hello from FreeRTOS fuzz demo!
[TEST_CASE_COMPLETED]
Hello from FreeRTOS fuzz demo!
[TEST_CASE_COMPLETED]
Hello from FreeRTOS fuzz demo!
[TEST_CASE_COMPLETED]
Hello from FreeRTOS fuzz demo!
[TEST_CASE_COMPLETED]
Hello from FreeRTOS fuzz demo!
[TEST_CASE_COMPLETED]
Hello from FreeRTOS fuzz demo!
[TEST_CASE_COMPLETED]
Hello from FreeRTOS fuzz demo!
[TEST_CASE_COMPLETED]
Hello from FreeRTOS fuzz demo!
[TEST_CASE_COMPLETED]
Hello from FreeRTOS fuzz demo!
[TEST_CASE_COMPLETED]
Hello from FreeRTOS fuzz demo!
[TEST_CASE_COMPLETED]
Hello from FreeRTOS fuzz demo!
[TEST_CASE_COMPLETED]
Hello from FreeRTOS fuzz demo!
[TEST_CASE_COMPLETED]
Hello from FreeRTOS fuzz demo!
[TEST_CASE_COMPLETED]
Hello from FreeRTOS fuzz demo!
[TEST_CASE_COMPLETED]
Hello from FreeRTOS fuzz demo!
[TEST_CASE_COMPLETED]
Hello from FreeRTOS fuzz demo!
[TEST_CASE_COMPLETED]
Hello from FreeRTOS fuzz demo!
[TEST_CASE_COMPLETED]
Hello from FreeRTOS fuzz demo!
[TEST_CASE_COMPLETED]
Hello from FreeRTOS fuzz demo!
[TEST_CASE_COMPLETED]
Hello from FreeRTOS fuzz demo!
[TEST_CASE_COMPLETED]
Hello from FreeRTOS fuzz demo!
[TEST_CASE_COMPLETED]
Hello from FreeRTOS fuzz demo!
[TEST_CASE_COMPLETED]
Hello from FreeRTOS fuzz demo!
[TEST_CASE_COMPLETED]
Hello from FreeRTOS fuzz demo!
[TEST_CASE_COMPLETED]
Hello from FreeRTOS fuzz demo!
