name,fullName,signature,filename,start_line,end_line,column,cyclomaticComplexity,numberOfLines,parameters
<global>,/home/zwz/FreeRTOS/FreeRTOS/Source/event_groups.c:<global>,,/home/zwz/FreeRTOS/FreeRTOS/Source/event_groups.c,1,887,1,-1,-1,
xEventGroupCreateStatic,xEventGroupCreateStatic,EventGroupHandle_t(StaticEventGroup_t*),/home/zwz/FreeRTOS/FreeRTOS/Source/event_groups.c,86,138,9,-1,-1,StaticEventGroup_t* pxEventGroupBuffer
xEventGroupCreate,xEventGroupCreate,EventGroupHandle_t(void),/home/zwz/FreeRTOS/FreeRTOS/Source/event_groups.c,145,180,9,-1,-1,void
xEventGroupSync,xEventGroupSync,"EventBits_t(EventGroupHandle_t,EventBits_t,EventBits_t,TickType_t)",/home/zwz/FreeRTOS/FreeRTOS/Source/event_groups.c,185,309,5,-1,-1,"EventGroupHandle_t xEventGroup, EventBits_t uxBitsToSet, EventBits_t uxBitsToWaitFor, TickType_t xTicksToWait"
xEventGroupWaitBits,xEventGroupWaitBits,"EventBits_t(EventGroupHandle_t,EventBits_t,BaseType_t,BaseType_t,TickType_t)",/home/zwz/FreeRTOS/FreeRTOS/Source/event_groups.c,312,469,5,-1,-1,"EventGroupHandle_t xEventGroup, EventBits_t uxBitsToWaitFor, BaseType_t xClearOnExit, BaseType_t xWaitForAllBits, TickType_t xTicksToWait"
xEventGroupClearBits,xEventGroupClearBits,"EventBits_t(EventGroupHandle_t,EventBits_t)",/home/zwz/FreeRTOS/FreeRTOS/Source/event_groups.c,472,501,5,-1,-1,"EventGroupHandle_t xEventGroup, EventBits_t uxBitsToClear"
xEventGroupClearBitsFromISR,xEventGroupClearBitsFromISR,"BaseType_t(EventGroupHandle_t,EventBits_t)",/home/zwz/FreeRTOS/FreeRTOS/Source/event_groups.c,506,519,9,-1,-1,"EventGroupHandle_t xEventGroup, EventBits_t uxBitsToClear"
xEventGroupGetBitsFromISR,xEventGroupGetBitsFromISR,EventBits_t(EventGroupHandle_t),/home/zwz/FreeRTOS/FreeRTOS/Source/event_groups.c,524,544,5,-1,-1,EventGroupHandle_t xEventGroup
xEventGroupSetBits,xEventGroupSetBits,"EventBits_t(EventGroupHandle_t,EventBits_t)",/home/zwz/FreeRTOS/FreeRTOS/Source/event_groups.c,547,647,5,-1,-1,"EventGroupHandle_t xEventGroup, EventBits_t uxBitsToSet"
vEventGroupDelete,vEventGroupDelete,void(EventGroupHandle_t),/home/zwz/FreeRTOS/FreeRTOS/Source/event_groups.c,650,697,5,-1,-1,EventGroupHandle_t xEventGroup
xEventGroupGetStaticBuffer,xEventGroupGetStaticBuffer,"BaseType_t(EventGroupHandle_t,StaticEventGroup_t**)",/home/zwz/FreeRTOS/FreeRTOS/Source/event_groups.c,701,742,9,-1,-1,"EventGroupHandle_t xEventGroup, StaticEventGroup_t** ppxEventGroupBuffer"
vEventGroupSetBitsCallback,vEventGroupSetBitsCallback,"void(void*,uint32_t)",/home/zwz/FreeRTOS/FreeRTOS/Source/event_groups.c,748,759,5,-1,-1,"void* pvEventGroup, uint32_t ulBitsToSet"
vEventGroupClearBitsCallback,vEventGroupClearBitsCallback,"void(void*,uint32_t)",/home/zwz/FreeRTOS/FreeRTOS/Source/event_groups.c,764,775,5,-1,-1,"void* pvEventGroup, uint32_t ulBitsToClear"
prvTestWaitCondition,prvTestWaitCondition,"BaseType_t(EventBits_t,EventBits_t,BaseType_t)",/home/zwz/FreeRTOS/FreeRTOS/Source/event_groups.c,778,812,5,-1,-1,"EventBits_t uxCurrentEventBits, EventBits_t uxBitsToWaitFor, BaseType_t xWaitForAllBits"
xEventGroupSetBitsFromISR,xEventGroupSetBitsFromISR,"BaseType_t(EventGroupHandle_t,EventBits_t,BaseType_t*)",/home/zwz/FreeRTOS/FreeRTOS/Source/event_groups.c,817,831,9,-1,-1,"EventGroupHandle_t xEventGroup, EventBits_t uxBitsToSet, BaseType_t* pxHigherPriorityTaskWoken"
uxEventGroupGetNumber,uxEventGroupGetNumber,UBaseType_t(void*),/home/zwz/FreeRTOS/FreeRTOS/Source/event_groups.c,838,861,9,-1,-1,void* xEventGroup
vEventGroupSetNumber,vEventGroupSetNumber,"void(void*,UBaseType_t)",/home/zwz/FreeRTOS/FreeRTOS/Source/event_groups.c,868,879,9,-1,-1,"void* xEventGroup, UBaseType_t uxEventGroupNumber"
Reset_Handler,Reset_Handler,void(void),init/startup.c,45,67,1,-1,-1,void
<global>,init/startup.c:<global>,,init/startup.c,1,262,1,-1,-1,
prvGetRegistersFromStack,prvGetRegistersFromStack,void(uint32_t*),init/startup.c,69,108,1,-1,-1,uint32_t* pulFaultStackAddress
Default_Handler,Default_Handler,void(void),init/startup.c,111,125,1,-1,-1,void
HardFault_Handler,HardFault_Handler,void(void),init/startup.c,128,142,1,-1,-1,void
MemMang_Handler,MemMang_Handler,void(void),init/startup.c,148,160,1,-1,-1,void
BusFault_Handler,BusFault_Handler,void(void),init/startup.c,162,174,1,-1,-1,void
UsageFault_Handler,UsageFault_Handler,void(void),init/startup.c,176,188,1,-1,-1,void
Debug_Handler,Debug_Handler,void(void),init/startup.c,190,202,1,-1,-1,void
_start,_start,void(void),init/startup.c,238,243,1,-1,-1,void
exit,exit,void(int),init/startup.c,245,262,1,-1,-1,int status
MPU_xTaskDelayUntil,MPU_xTaskDelayUntil,"BaseType_t(TickType_t*,TickType_t)",/home/zwz/FreeRTOS/FreeRTOS/Source/portable/GCC/ARM_CM3_MPU/mpu_wrappers_v2_asm.c,54,74,9,-1,-1,"TickType_t* pxPreviousWakeTime, TickType_t xTimeIncrement"
<global>,/home/zwz/FreeRTOS/FreeRTOS/Source/portable/GCC/ARM_CM3_MPU/mpu_wrappers_v2_asm.c:<global>,,/home/zwz/FreeRTOS/FreeRTOS/Source/portable/GCC/ARM_CM3_MPU/mpu_wrappers_v2_asm.c,1,2067,1,-1,-1,
MPU_xTaskAbortDelay,MPU_xTaskAbortDelay,BaseType_t(TaskHandle_t),/home/zwz/FreeRTOS/FreeRTOS/Source/portable/GCC/ARM_CM3_MPU/mpu_wrappers_v2_asm.c,83,102,9,-1,-1,TaskHandle_t xTask
MPU_vTaskDelay,MPU_vTaskDelay,void(TickType_t),/home/zwz/FreeRTOS/FreeRTOS/Source/portable/GCC/ARM_CM3_MPU/mpu_wrappers_v2_asm.c,111,130,9,-1,-1,TickType_t xTicksToDelay
MPU_uxTaskPriorityGet,MPU_uxTaskPriorityGet,UBaseType_t(TaskHandle_t),/home/zwz/FreeRTOS/FreeRTOS/Source/portable/GCC/ARM_CM3_MPU/mpu_wrappers_v2_asm.c,139,158,9,-1,-1,TaskHandle_t xTask
MPU_eTaskGetState,MPU_eTaskGetState,eTaskState(TaskHandle_t),/home/zwz/FreeRTOS/FreeRTOS/Source/portable/GCC/ARM_CM3_MPU/mpu_wrappers_v2_asm.c,167,186,9,-1,-1,TaskHandle_t xTask
MPU_vTaskGetInfo,MPU_vTaskGetInfo,"void(TaskHandle_t,TaskStatus_t*,BaseType_t,eTaskState)",/home/zwz/FreeRTOS/FreeRTOS/Source/portable/GCC/ARM_CM3_MPU/mpu_wrappers_v2_asm.c,198,220,9,-1,-1,"TaskHandle_t xTask, TaskStatus_t* pxTaskStatus, BaseType_t xGetFreeStackSpace, eTaskState eState"
MPU_xTaskGetIdleTaskHandle,MPU_xTaskGetIdleTaskHandle,TaskHandle_t(void),/home/zwz/FreeRTOS/FreeRTOS/Source/portable/GCC/ARM_CM3_MPU/mpu_wrappers_v2_asm.c,229,248,9,-1,-1,void
MPU_vTaskSuspend,MPU_vTaskSuspend,void(TaskHandle_t),/home/zwz/FreeRTOS/FreeRTOS/Source/portable/GCC/ARM_CM3_MPU/mpu_wrappers_v2_asm.c,257,276,9,-1,-1,TaskHandle_t xTaskToSuspend
MPU_vTaskResume,MPU_vTaskResume,void(TaskHandle_t),/home/zwz/FreeRTOS/FreeRTOS/Source/portable/GCC/ARM_CM3_MPU/mpu_wrappers_v2_asm.c,285,304,9,-1,-1,TaskHandle_t xTaskToResume
MPU_xTaskGetTickCount,MPU_xTaskGetTickCount,TickType_t(void),/home/zwz/FreeRTOS/FreeRTOS/Source/portable/GCC/ARM_CM3_MPU/mpu_wrappers_v2_asm.c,311,330,5,-1,-1,void
MPU_uxTaskGetNumberOfTasks,MPU_uxTaskGetNumberOfTasks,UBaseType_t(void),/home/zwz/FreeRTOS/FreeRTOS/Source/portable/GCC/ARM_CM3_MPU/mpu_wrappers_v2_asm.c,335,354,5,-1,-1,void
MPU_uxTaskGetSystemState,MPU_uxTaskGetSystemState,"UBaseType_t(TaskStatus_t*,UBaseType_t,uint32_t*)",/home/zwz/FreeRTOS/FreeRTOS/Source/portable/GCC/ARM_CM3_MPU/mpu_wrappers_v2_asm.c,595,616,9,-1,-1,"TaskStatus_t* pxTaskStatusArray, UBaseType_t uxArraySize, uint32_t* pulTotalRunTime"
MPU_uxTaskGetStackHighWaterMark,MPU_uxTaskGetStackHighWaterMark,UBaseType_t(TaskHandle_t),/home/zwz/FreeRTOS/FreeRTOS/Source/portable/GCC/ARM_CM3_MPU/mpu_wrappers_v2_asm.c,625,644,9,-1,-1,TaskHandle_t xTask
MPU_uxTaskGetStackHighWaterMark2,MPU_uxTaskGetStackHighWaterMark2,StackType_t(TaskHandle_t),/home/zwz/FreeRTOS/FreeRTOS/Source/portable/GCC/ARM_CM3_MPU/mpu_wrappers_v2_asm.c,653,672,9,-1,-1,TaskHandle_t xTask
MPU_xTaskGetCurrentTaskHandle,MPU_xTaskGetCurrentTaskHandle,TaskHandle_t(void),/home/zwz/FreeRTOS/FreeRTOS/Source/portable/GCC/ARM_CM3_MPU/mpu_wrappers_v2_asm.c,681,700,9,-1,-1,void
MPU_xTaskGetSchedulerState,MPU_xTaskGetSchedulerState,BaseType_t(void),/home/zwz/FreeRTOS/FreeRTOS/Source/portable/GCC/ARM_CM3_MPU/mpu_wrappers_v2_asm.c,709,728,9,-1,-1,void
MPU_vTaskSetTimeOutState,MPU_vTaskSetTimeOutState,void(TimeOut_t*),/home/zwz/FreeRTOS/FreeRTOS/Source/portable/GCC/ARM_CM3_MPU/mpu_wrappers_v2_asm.c,735,754,5,-1,-1,TimeOut_t* pxTimeOut
MPU_xTaskCheckForTimeOut,MPU_xTaskCheckForTimeOut,"BaseType_t(TimeOut_t*,TickType_t*)",/home/zwz/FreeRTOS/FreeRTOS/Source/portable/GCC/ARM_CM3_MPU/mpu_wrappers_v2_asm.c,760,780,5,-1,-1,"TimeOut_t* pxTimeOut, TickType_t* pxTicksToWait"
MPU_xTaskGenericNotifyEntry,MPU_xTaskGenericNotifyEntry,BaseType_t(xTaskGenericNotifyParams_t*),/home/zwz/FreeRTOS/FreeRTOS/Source/portable/GCC/ARM_CM3_MPU/mpu_wrappers_v2_asm.c,787,806,9,-1,-1,xTaskGenericNotifyParams_t* pxParams
MPU_xTaskGenericNotifyWaitEntry,MPU_xTaskGenericNotifyWaitEntry,BaseType_t(xTaskGenericNotifyWaitParams_t*),/home/zwz/FreeRTOS/FreeRTOS/Source/portable/GCC/ARM_CM3_MPU/mpu_wrappers_v2_asm.c,815,834,9,-1,-1,xTaskGenericNotifyWaitParams_t* pxParams
MPU_ulTaskGenericNotifyTake,MPU_ulTaskGenericNotifyTake,"uint32_t(UBaseType_t,BaseType_t,TickType_t)",/home/zwz/FreeRTOS/FreeRTOS/Source/portable/GCC/ARM_CM3_MPU/mpu_wrappers_v2_asm.c,845,866,9,-1,-1,"UBaseType_t uxIndexToWaitOn, BaseType_t xClearCountOnExit, TickType_t xTicksToWait"
MPU_xTaskGenericNotifyStateClear,MPU_xTaskGenericNotifyStateClear,"BaseType_t(TaskHandle_t,UBaseType_t)",/home/zwz/FreeRTOS/FreeRTOS/Source/portable/GCC/ARM_CM3_MPU/mpu_wrappers_v2_asm.c,876,896,9,-1,-1,"TaskHandle_t xTask, UBaseType_t uxIndexToClear"
MPU_ulTaskGenericNotifyValueClear,MPU_ulTaskGenericNotifyValueClear,"uint32_t(TaskHandle_t,UBaseType_t,uint32_t)",/home/zwz/FreeRTOS/FreeRTOS/Source/portable/GCC/ARM_CM3_MPU/mpu_wrappers_v2_asm.c,907,928,9,-1,-1,"TaskHandle_t xTask, UBaseType_t uxIndexToClear, uint32_t ulBitsToClear"
MPU_xQueueGenericSend,MPU_xQueueGenericSend,"BaseType_t(QueueHandle_t,void*,TickType_t,BaseType_t)",/home/zwz/FreeRTOS/FreeRTOS/Source/portable/GCC/ARM_CM3_MPU/mpu_wrappers_v2_asm.c,938,960,5,-1,-1,"QueueHandle_t xQueue, void* pvItemToQueue, TickType_t xTicksToWait, BaseType_t xCopyPosition"
MPU_uxQueueMessagesWaiting,MPU_uxQueueMessagesWaiting,UBaseType_t(QueueHandle_t),/home/zwz/FreeRTOS/FreeRTOS/Source/portable/GCC/ARM_CM3_MPU/mpu_wrappers_v2_asm.c,965,984,5,-1,-1,QueueHandle_t xQueue
MPU_uxQueueSpacesAvailable,MPU_uxQueueSpacesAvailable,UBaseType_t(QueueHandle_t),/home/zwz/FreeRTOS/FreeRTOS/Source/portable/GCC/ARM_CM3_MPU/mpu_wrappers_v2_asm.c,989,1008,5,-1,-1,QueueHandle_t xQueue
MPU_xQueueReceive,MPU_xQueueReceive,"BaseType_t(QueueHandle_t,void*,TickType_t)",/home/zwz/FreeRTOS/FreeRTOS/Source/portable/GCC/ARM_CM3_MPU/mpu_wrappers_v2_asm.c,1015,1036,5,-1,-1,"QueueHandle_t xQueue, void* pvBuffer, TickType_t xTicksToWait"
MPU_xQueuePeek,MPU_xQueuePeek,"BaseType_t(QueueHandle_t,void*,TickType_t)",/home/zwz/FreeRTOS/FreeRTOS/Source/portable/GCC/ARM_CM3_MPU/mpu_wrappers_v2_asm.c,1043,1064,5,-1,-1,"QueueHandle_t xQueue, void* pvBuffer, TickType_t xTicksToWait"
MPU_xQueueSemaphoreTake,MPU_xQueueSemaphoreTake,"BaseType_t(QueueHandle_t,TickType_t)",/home/zwz/FreeRTOS/FreeRTOS/Source/portable/GCC/ARM_CM3_MPU/mpu_wrappers_v2_asm.c,1070,1090,5,-1,-1,"QueueHandle_t xQueue, TickType_t xTicksToWait"
MPU_xQueueGetMutexHolder,MPU_xQueueGetMutexHolder,TaskHandle_t(QueueHandle_t),/home/zwz/FreeRTOS/FreeRTOS/Source/portable/GCC/ARM_CM3_MPU/mpu_wrappers_v2_asm.c,1097,1116,9,-1,-1,QueueHandle_t xSemaphore
MPU_xQueueTakeMutexRecursive,MPU_xQueueTakeMutexRecursive,"BaseType_t(QueueHandle_t,TickType_t)",/home/zwz/FreeRTOS/FreeRTOS/Source/portable/GCC/ARM_CM3_MPU/mpu_wrappers_v2_asm.c,1126,1146,9,-1,-1,"QueueHandle_t xMutex, TickType_t xTicksToWait"
MPU_xQueueGiveMutexRecursive,MPU_xQueueGiveMutexRecursive,BaseType_t(QueueHandle_t),/home/zwz/FreeRTOS/FreeRTOS/Source/portable/GCC/ARM_CM3_MPU/mpu_wrappers_v2_asm.c,1155,1174,9,-1,-1,QueueHandle_t pxMutex
MPU_vQueueAddToRegistry,MPU_vQueueAddToRegistry,"void(QueueHandle_t,char*)",/home/zwz/FreeRTOS/FreeRTOS/Source/portable/GCC/ARM_CM3_MPU/mpu_wrappers_v2_asm.c,1244,1264,9,-1,-1,"QueueHandle_t xQueue, char* pcName"
MPU_vQueueUnregisterQueue,MPU_vQueueUnregisterQueue,void(QueueHandle_t),/home/zwz/FreeRTOS/FreeRTOS/Source/portable/GCC/ARM_CM3_MPU/mpu_wrappers_v2_asm.c,1273,1292,9,-1,-1,QueueHandle_t xQueue
MPU_pcQueueGetName,MPU_pcQueueGetName,char*(QueueHandle_t),/home/zwz/FreeRTOS/FreeRTOS/Source/portable/GCC/ARM_CM3_MPU/mpu_wrappers_v2_asm.c,1301,1320,9,-1,-1,QueueHandle_t xQueue
MPU_pvTimerGetTimerID,MPU_pvTimerGetTimerID,void*(TimerHandle_t),/home/zwz/FreeRTOS/FreeRTOS/Source/portable/GCC/ARM_CM3_MPU/mpu_wrappers_v2_asm.c,1329,1348,9,-1,-1,TimerHandle_t xTimer
MPU_vTimerSetTimerID,MPU_vTimerSetTimerID,"void(TimerHandle_t,void*)",/home/zwz/FreeRTOS/FreeRTOS/Source/portable/GCC/ARM_CM3_MPU/mpu_wrappers_v2_asm.c,1358,1378,9,-1,-1,"TimerHandle_t xTimer, void* pvNewID"
MPU_xTimerIsTimerActive,MPU_xTimerIsTimerActive,BaseType_t(TimerHandle_t),/home/zwz/FreeRTOS/FreeRTOS/Source/portable/GCC/ARM_CM3_MPU/mpu_wrappers_v2_asm.c,1387,1406,9,-1,-1,TimerHandle_t xTimer
MPU_xTimerGetTimerDaemonTaskHandle,MPU_xTimerGetTimerDaemonTaskHandle,TaskHandle_t(void),/home/zwz/FreeRTOS/FreeRTOS/Source/portable/GCC/ARM_CM3_MPU/mpu_wrappers_v2_asm.c,1415,1434,9,-1,-1,void
MPU_xTimerGenericCommandFromTaskEntry,MPU_xTimerGenericCommandFromTaskEntry,BaseType_t(xTimerGenericCommandFromTaskParams_t*),/home/zwz/FreeRTOS/FreeRTOS/Source/portable/GCC/ARM_CM3_MPU/mpu_wrappers_v2_asm.c,1443,1462,9,-1,-1,xTimerGenericCommandFromTaskParams_t* pxParams
MPU_pcTimerGetName,MPU_pcTimerGetName,char*(TimerHandle_t),/home/zwz/FreeRTOS/FreeRTOS/Source/portable/GCC/ARM_CM3_MPU/mpu_wrappers_v2_asm.c,1471,1490,9,-1,-1,TimerHandle_t xTimer
MPU_vTimerSetReloadMode,MPU_vTimerSetReloadMode,"void(TimerHandle_t,BaseType_t)",/home/zwz/FreeRTOS/FreeRTOS/Source/portable/GCC/ARM_CM3_MPU/mpu_wrappers_v2_asm.c,1500,1520,9,-1,-1,"TimerHandle_t xTimer, BaseType_t xAutoReload"
MPU_xTimerGetReloadMode,MPU_xTimerGetReloadMode,BaseType_t(TimerHandle_t),/home/zwz/FreeRTOS/FreeRTOS/Source/portable/GCC/ARM_CM3_MPU/mpu_wrappers_v2_asm.c,1529,1548,9,-1,-1,TimerHandle_t xTimer
MPU_uxTimerGetReloadMode,MPU_uxTimerGetReloadMode,UBaseType_t(TimerHandle_t),/home/zwz/FreeRTOS/FreeRTOS/Source/portable/GCC/ARM_CM3_MPU/mpu_wrappers_v2_asm.c,1557,1576,9,-1,-1,TimerHandle_t xTimer
MPU_xTimerGetPeriod,MPU_xTimerGetPeriod,TickType_t(TimerHandle_t),/home/zwz/FreeRTOS/FreeRTOS/Source/portable/GCC/ARM_CM3_MPU/mpu_wrappers_v2_asm.c,1585,1604,9,-1,-1,TimerHandle_t xTimer
MPU_xTimerGetExpiryTime,MPU_xTimerGetExpiryTime,TickType_t(TimerHandle_t),/home/zwz/FreeRTOS/FreeRTOS/Source/portable/GCC/ARM_CM3_MPU/mpu_wrappers_v2_asm.c,1613,1632,9,-1,-1,TimerHandle_t xTimer
MPU_xEventGroupWaitBitsEntry,MPU_xEventGroupWaitBitsEntry,EventBits_t(xEventGroupWaitBitsParams_t*),/home/zwz/FreeRTOS/FreeRTOS/Source/portable/GCC/ARM_CM3_MPU/mpu_wrappers_v2_asm.c,1641,1661,9,-1,-1,xEventGroupWaitBitsParams_t* pxParams
MPU_xEventGroupClearBits,MPU_xEventGroupClearBits,"EventBits_t(EventGroupHandle_t,EventBits_t)",/home/zwz/FreeRTOS/FreeRTOS/Source/portable/GCC/ARM_CM3_MPU/mpu_wrappers_v2_asm.c,1671,1692,9,-1,-1,"EventGroupHandle_t xEventGroup, EventBits_t uxBitsToClear"
MPU_xEventGroupSetBits,MPU_xEventGroupSetBits,"EventBits_t(EventGroupHandle_t,EventBits_t)",/home/zwz/FreeRTOS/FreeRTOS/Source/portable/GCC/ARM_CM3_MPU/mpu_wrappers_v2_asm.c,1702,1723,9,-1,-1,"EventGroupHandle_t xEventGroup, EventBits_t uxBitsToSet"
MPU_xEventGroupSync,MPU_xEventGroupSync,"EventBits_t(EventGroupHandle_t,EventBits_t,EventBits_t,TickType_t)",/home/zwz/FreeRTOS/FreeRTOS/Source/portable/GCC/ARM_CM3_MPU/mpu_wrappers_v2_asm.c,1735,1758,9,-1,-1,"EventGroupHandle_t xEventGroup, EventBits_t uxBitsToSet, EventBits_t uxBitsToWaitFor, TickType_t xTicksToWait"
MPU_uxEventGroupGetNumber,MPU_uxEventGroupGetNumber,UBaseType_t(void*),/home/zwz/FreeRTOS/FreeRTOS/Source/portable/GCC/ARM_CM3_MPU/mpu_wrappers_v2_asm.c,1767,1786,9,-1,-1,void* xEventGroup
MPU_vEventGroupSetNumber,MPU_vEventGroupSetNumber,"void(void*,UBaseType_t)",/home/zwz/FreeRTOS/FreeRTOS/Source/portable/GCC/ARM_CM3_MPU/mpu_wrappers_v2_asm.c,1796,1816,9,-1,-1,"void* xEventGroup, UBaseType_t uxEventGroupNumber"
MPU_xStreamBufferSend,MPU_xStreamBufferSend,"size_t(StreamBufferHandle_t,void*,size_t,TickType_t)",/home/zwz/FreeRTOS/FreeRTOS/Source/portable/GCC/ARM_CM3_MPU/mpu_wrappers_v2_asm.c,1828,1851,9,-1,-1,"StreamBufferHandle_t xStreamBuffer, void* pvTxData, size_t xDataLengthBytes, TickType_t xTicksToWait"
MPU_xStreamBufferReceive,MPU_xStreamBufferReceive,"size_t(StreamBufferHandle_t,void*,size_t,TickType_t)",/home/zwz/FreeRTOS/FreeRTOS/Source/portable/GCC/ARM_CM3_MPU/mpu_wrappers_v2_asm.c,1863,1886,9,-1,-1,"StreamBufferHandle_t xStreamBuffer, void* pvRxData, size_t xBufferLengthBytes, TickType_t xTicksToWait"
MPU_xStreamBufferIsFull,MPU_xStreamBufferIsFull,BaseType_t(StreamBufferHandle_t),/home/zwz/FreeRTOS/FreeRTOS/Source/portable/GCC/ARM_CM3_MPU/mpu_wrappers_v2_asm.c,1895,1915,9,-1,-1,StreamBufferHandle_t xStreamBuffer
MPU_xStreamBufferIsEmpty,MPU_xStreamBufferIsEmpty,BaseType_t(StreamBufferHandle_t),/home/zwz/FreeRTOS/FreeRTOS/Source/portable/GCC/ARM_CM3_MPU/mpu_wrappers_v2_asm.c,1924,1944,9,-1,-1,StreamBufferHandle_t xStreamBuffer
MPU_xStreamBufferSpacesAvailable,MPU_xStreamBufferSpacesAvailable,size_t(StreamBufferHandle_t),/home/zwz/FreeRTOS/FreeRTOS/Source/portable/GCC/ARM_CM3_MPU/mpu_wrappers_v2_asm.c,1953,1973,9,-1,-1,StreamBufferHandle_t xStreamBuffer
MPU_xStreamBufferBytesAvailable,MPU_xStreamBufferBytesAvailable,size_t(StreamBufferHandle_t),/home/zwz/FreeRTOS/FreeRTOS/Source/portable/GCC/ARM_CM3_MPU/mpu_wrappers_v2_asm.c,1982,2002,9,-1,-1,StreamBufferHandle_t xStreamBuffer
MPU_xStreamBufferSetTriggerLevel,MPU_xStreamBufferSetTriggerLevel,"BaseType_t(StreamBufferHandle_t,size_t)",/home/zwz/FreeRTOS/FreeRTOS/Source/portable/GCC/ARM_CM3_MPU/mpu_wrappers_v2_asm.c,2012,2033,9,-1,-1,"StreamBufferHandle_t xStreamBuffer, size_t xTriggerLevel"
MPU_xStreamBufferNextMessageLengthBytes,MPU_xStreamBufferNextMessageLengthBytes,size_t(StreamBufferHandle_t),/home/zwz/FreeRTOS/FreeRTOS/Source/portable/GCC/ARM_CM3_MPU/mpu_wrappers_v2_asm.c,2042,2062,9,-1,-1,StreamBufferHandle_t xStreamBuffer
BREAKPOINT,BREAKPOINT,int(void),fuzz_harness.c,147,151,1,-1,-1,void
<global>,fuzz_harness.c:<global>,,fuzz_harness.c,1,195,1,-1,-1,
create_queue,create_queue,void(),fuzz_harness.c,156,156,27,-1,-1,
delete_queue,delete_queue,void(),fuzz_harness.c,156,156,101,-1,-1,
test_task,test_task,void(void),fuzz_harness.c,161,171,1,-1,-1,void
fuzz_task,fuzz_task,void(void),fuzz_harness.c,175,194,1,-1,-1,void
pxPortInitialiseStack,pxPortInitialiseStack,"StackType_t(StackType_t*,TaskFunction_t,void*,BaseType_t,xMPU_SETTINGS*)",/home/zwz/FreeRTOS/FreeRTOS/Source/portable/GCC/ARM_CM3_MPU/port.c,291,341,1,-1,-1,"StackType_t* pxTopOfStack, TaskFunction_t pxCode, void* pvParameters, BaseType_t xRunPrivileged, xMPU_SETTINGS* xMPUSettings"
<global>,/home/zwz/FreeRTOS/FreeRTOS/Source/portable/GCC/ARM_CM3_MPU/port.c:<global>,,/home/zwz/FreeRTOS/FreeRTOS/Source/portable/GCC/ARM_CM3_MPU/port.c,1,1575,1,-1,-1,
vPortSVCHandler,vPortSVCHandler,void(void),/home/zwz/FreeRTOS/FreeRTOS/Source/portable/GCC/ARM_CM3_MPU/port.c,346,372,5,-1,-1,void
vSVCHandler_C,vSVCHandler_C,void(uint32_t*),/home/zwz/FreeRTOS/FreeRTOS/Source/portable/GCC/ARM_CM3_MPU/port.c,397,474,1,-1,-1,uint32_t* pulParam
vSystemCallEnter,vSystemCallEnter,"void(uint32_t*,uint8_t)",/home/zwz/FreeRTOS/FreeRTOS/Source/portable/GCC/ARM_CM3_MPU/port.c,479,574,5,-1,-1,"uint32_t* pulTaskStack, uint8_t ucSystemCallNumber"
vRequestSystemCallExit,vRequestSystemCallExit,void(void),/home/zwz/FreeRTOS/FreeRTOS/Source/portable/GCC/ARM_CM3_MPU/port.c,581,584,5,-1,-1,void
vSystemCallExit,vSystemCallExit,void(uint32_t*),/home/zwz/FreeRTOS/FreeRTOS/Source/portable/GCC/ARM_CM3_MPU/port.c,591,669,5,-1,-1,uint32_t* pulSystemCallStack
xPortIsTaskPrivileged,xPortIsTaskPrivileged,BaseType_t(void),/home/zwz/FreeRTOS/FreeRTOS/Source/portable/GCC/ARM_CM3_MPU/port.c,674,685,1,-1,-1,void
prvRestoreContextOfFirstTask,prvRestoreContextOfFirstTask,void(void),/home/zwz/FreeRTOS/FreeRTOS/Source/portable/GCC/ARM_CM3_MPU/port.c,688,736,1,-1,-1,void
xPortStartScheduler,xPortStartScheduler,BaseType_t(void),/home/zwz/FreeRTOS/FreeRTOS/Source/portable/GCC/ARM_CM3_MPU/port.c,742,902,1,-1,-1,void
vPortEndScheduler,vPortEndScheduler,void(void),/home/zwz/FreeRTOS/FreeRTOS/Source/portable/GCC/ARM_CM3_MPU/port.c,905,910,1,-1,-1,void
vPortEnterCritical,vPortEnterCritical,void(void),/home/zwz/FreeRTOS/FreeRTOS/Source/portable/GCC/ARM_CM3_MPU/port.c,913,937,1,-1,-1,void
vPortExitCritical,vPortExitCritical,void(void),/home/zwz/FreeRTOS/FreeRTOS/Source/portable/GCC/ARM_CM3_MPU/port.c,940,980,1,-1,-1,void
xPortPendSVHandler,xPortPendSVHandler,void(void),/home/zwz/FreeRTOS/FreeRTOS/Source/portable/GCC/ARM_CM3_MPU/port.c,983,1050,1,-1,-1,void
xPortSysTickHandler,xPortSysTickHandler,void(void),/home/zwz/FreeRTOS/FreeRTOS/Source/portable/GCC/ARM_CM3_MPU/port.c,1053,1073,1,-1,-1,void
vPortSetupTimerInterrupt,vPortSetupTimerInterrupt,void(void),/home/zwz/FreeRTOS/FreeRTOS/Source/portable/GCC/ARM_CM3_MPU/port.c,1080,1089,1,-1,-1,void
prvSetupMPU,prvSetupMPU,void(void),/home/zwz/FreeRTOS/FreeRTOS/Source/portable/GCC/ARM_CM3_MPU/port.c,1092,1169,1,-1,-1,void
prvGetMPURegionSizeSetting,prvGetMPURegionSizeSetting,uint32_t(uint32_t),/home/zwz/FreeRTOS/FreeRTOS/Source/portable/GCC/ARM_CM3_MPU/port.c,1172,1193,1,-1,-1,uint32_t ulActualSizeInBytes
xIsPrivileged,xIsPrivileged,BaseType_t(void),/home/zwz/FreeRTOS/FreeRTOS/Source/portable/GCC/ARM_CM3_MPU/port.c,1196,1208,1,-1,-1,void
vResetPrivilege,vResetPrivilege,void(void),/home/zwz/FreeRTOS/FreeRTOS/Source/portable/GCC/ARM_CM3_MPU/port.c,1211,1221,1,-1,-1,void
vPortSwitchToUserMode,vPortSwitchToUserMode,void(void),/home/zwz/FreeRTOS/FreeRTOS/Source/portable/GCC/ARM_CM3_MPU/port.c,1224,1234,1,-1,-1,void
vPortStoreTaskMPUSettings,vPortStoreTaskMPUSettings,"void(xMPU_SETTINGS*,xMEMORY_REGION*,StackType_t*,StackType_t)",/home/zwz/FreeRTOS/FreeRTOS/Source/portable/GCC/ARM_CM3_MPU/port.c,1237,1365,1,-1,-1,"xMPU_SETTINGS* xMPUSettings, xMEMORY_REGION* xRegions, StackType_t* pxBottomOfStack, StackType_t uxStackDepth"
xPortIsAuthorizedToAccessBuffer,xPortIsAuthorizedToAccessBuffer,"BaseType_t(void*,uint32_t,uint32_t)",/home/zwz/FreeRTOS/FreeRTOS/Source/portable/GCC/ARM_CM3_MPU/port.c,1370,1416,5,-1,-1,"void* pvBuffer, uint32_t ulBufferLength, uint32_t ulAccessRequested"
vPortValidateInterruptPriority,vPortValidateInterruptPriority,void(void),/home/zwz/FreeRTOS/FreeRTOS/Source/portable/GCC/ARM_CM3_MPU/port.c,1423,1477,5,-1,-1,void
vPortGrantAccessToKernelObject,vPortGrantAccessToKernelObject,"void(TaskHandle_t,int32_t)",/home/zwz/FreeRTOS/FreeRTOS/Source/portable/GCC/ARM_CM3_MPU/port.c,1484,1496,5,-1,-1,"TaskHandle_t xInternalTaskHandle, int32_t lInternalIndexOfKernelObject"
vPortRevokeAccessToKernelObject,vPortRevokeAccessToKernelObject,"void(TaskHandle_t,int32_t)",/home/zwz/FreeRTOS/FreeRTOS/Source/portable/GCC/ARM_CM3_MPU/port.c,1503,1515,5,-1,-1,"TaskHandle_t xInternalTaskHandle, int32_t lInternalIndexOfKernelObject"
xPortIsAuthorizedToAccessKernelObject,xPortIsAuthorizedToAccessKernelObject,BaseType_t(int32_t),/home/zwz/FreeRTOS/FreeRTOS/Source/portable/GCC/ARM_CM3_MPU/port.c,1524,1559,9,-1,-1,int32_t lInternalIndexOfKernelObject
<global>,/home/zwz/FreeRTOS/FreeRTOS/Source/portable/Common/mpu_wrappers_v2.c:<global>,,/home/zwz/FreeRTOS/FreeRTOS/Source/portable/Common/mpu_wrappers_v2.c,1,5289,1,-1,-1,
MPU_GetFreeIndexInKernelObjectPool,MPU_GetFreeIndexInKernelObjectPool,int32_t(void),/home/zwz/FreeRTOS/FreeRTOS/Source/portable/Common/mpu_wrappers_v2.c,256,280,5,-1,-1,void
MPU_SetIndexFreeInKernelObjectPool,MPU_SetIndexFreeInKernelObjectPool,void(int32_t),/home/zwz/FreeRTOS/FreeRTOS/Source/portable/Common/mpu_wrappers_v2.c,283,294,5,-1,-1,int32_t lIndex
MPU_GetIndexForHandle,MPU_GetIndexForHandle,"int32_t(OpaqueObjectHandle_t,uint32_t)",/home/zwz/FreeRTOS/FreeRTOS/Source/portable/Common/mpu_wrappers_v2.c,297,315,5,-1,-1,"OpaqueObjectHandle_t xHandle, uint32_t ulKernelObjectType"
MPU_StoreHandleAndDataAtIndex,MPU_StoreHandleAndDataAtIndex,"void(int32_t,OpaqueObjectHandle_t,void*,uint32_t)",/home/zwz/FreeRTOS/FreeRTOS/Source/portable/Common/mpu_wrappers_v2.c,318,327,5,-1,-1,"int32_t lIndex, OpaqueObjectHandle_t xHandle, void* pvKernelObjectData, uint32_t ulKernelObjectType"
MPU_GetHandleAtIndex,MPU_GetHandleAtIndex,"OpaqueObjectHandle_t(int32_t,uint32_t)",/home/zwz/FreeRTOS/FreeRTOS/Source/portable/Common/mpu_wrappers_v2.c,330,343,5,-1,-1,"int32_t lIndex, uint32_t ulKernelObjectType"
vGrantAccessToKernelObject,vGrantAccessToKernelObject,"void(TaskHandle_t,int32_t)",/home/zwz/FreeRTOS/FreeRTOS/Source/portable/Common/mpu_wrappers_v2.c,348,376,9,-1,-1,"TaskHandle_t xExternalTaskHandle, int32_t lExternalKernelObjectHandle"
vRevokeAccessToKernelObject,vRevokeAccessToKernelObject,"void(TaskHandle_t,int32_t)",/home/zwz/FreeRTOS/FreeRTOS/Source/portable/Common/mpu_wrappers_v2.c,383,411,9,-1,-1,"TaskHandle_t xExternalTaskHandle, int32_t lExternalKernelObjectHandle"
MPU_TimerCallback,MPU_TimerCallback,void(TimerHandle_t),/home/zwz/FreeRTOS/FreeRTOS/Source/portable/Common/mpu_wrappers_v2.c,418,442,9,-1,-1,TimerHandle_t xInternalHandle
MPU_xTaskDelayUntilImpl,MPU_xTaskDelayUntilImpl,"BaseType_t(TickType_t*,TickType_t)",/home/zwz/FreeRTOS/FreeRTOS/Source/portable/Common/mpu_wrappers_v2.c,456,475,9,-1,-1,"TickType_t* pxPreviousWakeTime, TickType_t xTimeIncrement"
MPU_xTaskAbortDelayImpl,MPU_xTaskAbortDelayImpl,BaseType_t(TaskHandle_t),/home/zwz/FreeRTOS/FreeRTOS/Source/portable/Common/mpu_wrappers_v2.c,484,509,9,-1,-1,TaskHandle_t xTask
MPU_vTaskDelayImpl,MPU_vTaskDelayImpl,void(TickType_t),/home/zwz/FreeRTOS/FreeRTOS/Source/portable/Common/mpu_wrappers_v2.c,518,521,9,-1,-1,TickType_t xTicksToDelay
MPU_uxTaskPriorityGetImpl,MPU_uxTaskPriorityGetImpl,UBaseType_t(TaskHandle_t),/home/zwz/FreeRTOS/FreeRTOS/Source/portable/Common/mpu_wrappers_v2.c,530,562,9,-1,-1,TaskHandle_t pxTask
MPU_eTaskGetStateImpl,MPU_eTaskGetStateImpl,eTaskState(TaskHandle_t),/home/zwz/FreeRTOS/FreeRTOS/Source/portable/Common/mpu_wrappers_v2.c,571,596,9,-1,-1,TaskHandle_t pxTask
MPU_vTaskGetInfoImpl,MPU_vTaskGetInfoImpl,"void(TaskHandle_t,TaskStatus_t*,BaseType_t,eTaskState)",/home/zwz/FreeRTOS/FreeRTOS/Source/portable/Common/mpu_wrappers_v2.c,608,648,9,-1,-1,"TaskHandle_t xTask, TaskStatus_t* pxTaskStatus, BaseType_t xGetFreeStackSpace, eTaskState eState"
MPU_xTaskGetIdleTaskHandleImpl,MPU_xTaskGetIdleTaskHandleImpl,TaskHandle_t(void),/home/zwz/FreeRTOS/FreeRTOS/Source/portable/Common/mpu_wrappers_v2.c,657,664,9,-1,-1,void
MPU_vTaskSuspendImpl,MPU_vTaskSuspendImpl,void(TaskHandle_t),/home/zwz/FreeRTOS/FreeRTOS/Source/portable/Common/mpu_wrappers_v2.c,673,711,9,-1,-1,TaskHandle_t pxTaskToSuspend
MPU_vTaskResumeImpl,MPU_vTaskResumeImpl,void(TaskHandle_t),/home/zwz/FreeRTOS/FreeRTOS/Source/portable/Common/mpu_wrappers_v2.c,720,742,9,-1,-1,TaskHandle_t pxTaskToResume
MPU_xTaskGetTickCountImpl,MPU_xTaskGetTickCountImpl,TickType_t(void),/home/zwz/FreeRTOS/FreeRTOS/Source/portable/Common/mpu_wrappers_v2.c,749,756,5,-1,-1,void
MPU_uxTaskGetNumberOfTasksImpl,MPU_uxTaskGetNumberOfTasksImpl,UBaseType_t(void),/home/zwz/FreeRTOS/FreeRTOS/Source/portable/Common/mpu_wrappers_v2.c,761,768,5,-1,-1,void
MPU_uxTaskGetSystemStateImpl,MPU_uxTaskGetSystemStateImpl,"UBaseType_t(TaskStatus_t*,UBaseType_t,uint32_t*)",/home/zwz/FreeRTOS/FreeRTOS/Source/portable/Common/mpu_wrappers_v2.c,1057,1088,9,-1,-1,"TaskStatus_t* pxTaskStatusArray, UBaseType_t uxArraySize, uint32_t* pulTotalRunTime"
MPU_uxTaskGetStackHighWaterMarkImpl,MPU_uxTaskGetStackHighWaterMarkImpl,UBaseType_t(TaskHandle_t),/home/zwz/FreeRTOS/FreeRTOS/Source/portable/Common/mpu_wrappers_v2.c,1097,1129,9,-1,-1,TaskHandle_t xTask
MPU_uxTaskGetStackHighWaterMark2Impl,MPU_uxTaskGetStackHighWaterMark2Impl,StackType_t(TaskHandle_t),/home/zwz/FreeRTOS/FreeRTOS/Source/portable/Common/mpu_wrappers_v2.c,1138,1170,9,-1,-1,TaskHandle_t xTask
MPU_xTaskGetCurrentTaskHandleImpl,MPU_xTaskGetCurrentTaskHandleImpl,TaskHandle_t(void),/home/zwz/FreeRTOS/FreeRTOS/Source/portable/Common/mpu_wrappers_v2.c,1179,1198,9,-1,-1,void
MPU_xTaskGetSchedulerStateImpl,MPU_xTaskGetSchedulerStateImpl,BaseType_t(void),/home/zwz/FreeRTOS/FreeRTOS/Source/portable/Common/mpu_wrappers_v2.c,1207,1214,9,-1,-1,void
MPU_vTaskSetTimeOutStateImpl,MPU_vTaskSetTimeOutStateImpl,void(TimeOut_t*),/home/zwz/FreeRTOS/FreeRTOS/Source/portable/Common/mpu_wrappers_v2.c,1221,1236,5,-1,-1,TimeOut_t* pxTimeOut
MPU_xTaskCheckForTimeOutImpl,MPU_xTaskCheckForTimeOutImpl,"BaseType_t(TimeOut_t*,TickType_t*)",/home/zwz/FreeRTOS/FreeRTOS/Source/portable/Common/mpu_wrappers_v2.c,1242,1265,5,-1,-1,"TimeOut_t* pxTimeOut, TickType_t* pxTicksToWait"
MPU_xTaskGenericNotify,MPU_xTaskGenericNotify,"BaseType_t(TaskHandle_t,UBaseType_t,uint32_t,eNotifyAction,uint32_t*)",/home/zwz/FreeRTOS/FreeRTOS/Source/portable/Common/mpu_wrappers_v2.c,1270,1288,9,-1,-1,"TaskHandle_t xTaskToNotify, UBaseType_t uxIndexToNotify, uint32_t ulValue, eNotifyAction eAction, uint32_t* pulPreviousNotificationValue"
MPU_xTaskGenericNotifyImpl,MPU_xTaskGenericNotifyImpl,BaseType_t(xTaskGenericNotifyParams_t*),/home/zwz/FreeRTOS/FreeRTOS/Source/portable/Common/mpu_wrappers_v2.c,1292,1352,9,-1,-1,xTaskGenericNotifyParams_t* pxParams
MPU_xTaskGenericNotifyWait,MPU_xTaskGenericNotifyWait,"BaseType_t(UBaseType_t,uint32_t,uint32_t,uint32_t*,TickType_t)",/home/zwz/FreeRTOS/FreeRTOS/Source/portable/Common/mpu_wrappers_v2.c,1359,1377,9,-1,-1,"UBaseType_t uxIndexToWaitOn, uint32_t ulBitsToClearOnEntry, uint32_t ulBitsToClearOnExit, uint32_t* pulNotificationValue, TickType_t xTicksToWait"
MPU_xTaskGenericNotifyWaitImpl,MPU_xTaskGenericNotifyWaitImpl,BaseType_t(xTaskGenericNotifyWaitParams_t*),/home/zwz/FreeRTOS/FreeRTOS/Source/portable/Common/mpu_wrappers_v2.c,1381,1418,9,-1,-1,xTaskGenericNotifyWaitParams_t* pxParams
MPU_ulTaskGenericNotifyTakeImpl,MPU_ulTaskGenericNotifyTakeImpl,"uint32_t(UBaseType_t,BaseType_t,TickType_t)",/home/zwz/FreeRTOS/FreeRTOS/Source/portable/Common/mpu_wrappers_v2.c,1429,1441,9,-1,-1,"UBaseType_t uxIndexToWaitOn, BaseType_t xClearCountOnExit, TickType_t xTicksToWait"
MPU_xTaskGenericNotifyStateClearImpl,MPU_xTaskGenericNotifyStateClearImpl,"BaseType_t(TaskHandle_t,UBaseType_t)",/home/zwz/FreeRTOS/FreeRTOS/Source/portable/Common/mpu_wrappers_v2.c,1451,1487,9,-1,-1,"TaskHandle_t xTask, UBaseType_t uxIndexToClear"
MPU_ulTaskGenericNotifyValueClearImpl,MPU_ulTaskGenericNotifyValueClearImpl,"uint32_t(TaskHandle_t,UBaseType_t,uint32_t)",/home/zwz/FreeRTOS/FreeRTOS/Source/portable/Common/mpu_wrappers_v2.c,1498,1535,9,-1,-1,"TaskHandle_t xTask, UBaseType_t uxIndexToClear, uint32_t ulBitsToClear"
MPU_xTaskCreate,MPU_xTaskCreate,"BaseType_t(TaskFunction_t,char*,StackType_t,void*,UBaseType_t,TaskHandle_t*)",/home/zwz/FreeRTOS/FreeRTOS/Source/portable/Common/mpu_wrappers_v2.c,1547,1584,9,-1,-1,"TaskFunction_t pvTaskCode, char* pcName, StackType_t uxStackDepth, void* pvParameters, UBaseType_t uxPriority, TaskHandle_t* pxCreatedTask"
MPU_xTaskCreateStatic,MPU_xTaskCreateStatic,"TaskHandle_t(TaskFunction_t,char*,StackType_t,void*,UBaseType_t,StackType_t*,StaticTask_t*)",/home/zwz/FreeRTOS/FreeRTOS/Source/portable/Common/mpu_wrappers_v2.c,1591,1632,9,-1,-1,"TaskFunction_t pxTaskCode, char* pcName, StackType_t uxStackDepth, void* pvParameters, UBaseType_t uxPriority, StackType_t* puxStackBuffer, StaticTask_t* pxTaskBuffer"
MPU_vTaskDelete,MPU_vTaskDelete,void(TaskHandle_t),/home/zwz/FreeRTOS/FreeRTOS/Source/portable/Common/mpu_wrappers_v2.c,1639,1671,9,-1,-1,TaskHandle_t pxTaskToDelete
MPU_vTaskPrioritySet,MPU_vTaskPrioritySet,"void(TaskHandle_t,UBaseType_t)",/home/zwz/FreeRTOS/FreeRTOS/Source/portable/Common/mpu_wrappers_v2.c,1679,1703,9,-1,-1,"TaskHandle_t pxTask, UBaseType_t uxNewPriority"
MPU_xTaskGetHandle,MPU_xTaskGetHandle,TaskHandle_t(char*),/home/zwz/FreeRTOS/FreeRTOS/Source/portable/Common/mpu_wrappers_v2.c,1710,1729,9,-1,-1,char* pcNameToQuery
MPU_xTaskCreateRestricted,MPU_xTaskCreateRestricted,"BaseType_t(TaskParameters_t*,TaskHandle_t*)",/home/zwz/FreeRTOS/FreeRTOS/Source/portable/Common/mpu_wrappers_v2.c,1771,1810,9,-1,-1,"TaskParameters_t* pxTaskDefinition, TaskHandle_t* pxCreatedTask"
MPU_xTaskCreateRestrictedStatic,MPU_xTaskCreateRestrictedStatic,"BaseType_t(TaskParameters_t*,TaskHandle_t*)",/home/zwz/FreeRTOS/FreeRTOS/Source/portable/Common/mpu_wrappers_v2.c,1817,1856,9,-1,-1,"TaskParameters_t* pxTaskDefinition, TaskHandle_t* pxCreatedTask"
MPU_vTaskAllocateMPURegions,MPU_vTaskAllocateMPURegions,"void(TaskHandle_t,MemoryRegion_t*)",/home/zwz/FreeRTOS/FreeRTOS/Source/portable/Common/mpu_wrappers_v2.c,1861,1885,5,-1,-1,"TaskHandle_t xTaskToModify, MemoryRegion_t* xRegions"
MPU_xTaskGetStaticBuffers,MPU_xTaskGetStaticBuffers,"BaseType_t(TaskHandle_t,StackType_t**,StaticTask_t**)",/home/zwz/FreeRTOS/FreeRTOS/Source/portable/Common/mpu_wrappers_v2.c,1890,1919,9,-1,-1,"TaskHandle_t xTask, StackType_t** ppuxStackBuffer, StaticTask_t** ppxTaskBuffer"
MPU_pcTaskGetName,MPU_pcTaskGetName,char*(TaskHandle_t),/home/zwz/FreeRTOS/FreeRTOS/Source/portable/Common/mpu_wrappers_v2.c,1924,1950,5,-1,-1,TaskHandle_t xTaskToQuery
MPU_uxTaskPriorityGetFromISR,MPU_uxTaskPriorityGetFromISR,UBaseType_t(TaskHandle_t),/home/zwz/FreeRTOS/FreeRTOS/Source/portable/Common/mpu_wrappers_v2.c,1955,1981,9,-1,-1,TaskHandle_t xTask
MPU_uxTaskBasePriorityGet,MPU_uxTaskBasePriorityGet,UBaseType_t(TaskHandle_t),/home/zwz/FreeRTOS/FreeRTOS/Source/portable/Common/mpu_wrappers_v2.c,1988,2014,9,-1,-1,TaskHandle_t xTask
MPU_uxTaskBasePriorityGetFromISR,MPU_uxTaskBasePriorityGetFromISR,UBaseType_t(TaskHandle_t),/home/zwz/FreeRTOS/FreeRTOS/Source/portable/Common/mpu_wrappers_v2.c,2021,2047,9,-1,-1,TaskHandle_t xTask
MPU_xTaskResumeFromISR,MPU_xTaskResumeFromISR,BaseType_t(TaskHandle_t),/home/zwz/FreeRTOS/FreeRTOS/Source/portable/Common/mpu_wrappers_v2.c,2054,2073,9,-1,-1,TaskHandle_t xTaskToResume
MPU_xTaskGenericNotifyFromISR,MPU_xTaskGenericNotifyFromISR,"BaseType_t(TaskHandle_t,UBaseType_t,uint32_t,eNotifyAction,uint32_t*,BaseType_t*)",/home/zwz/FreeRTOS/FreeRTOS/Source/portable/Common/mpu_wrappers_v2.c,2113,2137,9,-1,-1,"TaskHandle_t xTaskToNotify, UBaseType_t uxIndexToNotify, uint32_t ulValue, eNotifyAction eAction, uint32_t* pulPreviousNotificationValue, BaseType_t* pxHigherPriorityTaskWoken"
MPU_vTaskGenericNotifyGiveFromISR,MPU_vTaskGenericNotifyGiveFromISR,"void(TaskHandle_t,UBaseType_t,BaseType_t*)",/home/zwz/FreeRTOS/FreeRTOS/Source/portable/Common/mpu_wrappers_v2.c,2144,2162,9,-1,-1,"TaskHandle_t xTaskToNotify, UBaseType_t uxIndexToNotify, BaseType_t* pxHigherPriorityTaskWoken"
MPU_xQueueGenericSendImpl,MPU_xQueueGenericSendImpl,"BaseType_t(QueueHandle_t,void*,TickType_t,BaseType_t)",/home/zwz/FreeRTOS/FreeRTOS/Source/portable/Common/mpu_wrappers_v2.c,2175,2226,5,-1,-1,"QueueHandle_t xQueue, void* pvItemToQueue, TickType_t xTicksToWait, BaseType_t xCopyPosition"
MPU_uxQueueMessagesWaitingImpl,MPU_uxQueueMessagesWaitingImpl,UBaseType_t(QueueHandle_t),/home/zwz/FreeRTOS/FreeRTOS/Source/portable/Common/mpu_wrappers_v2.c,2231,2256,5,-1,-1,QueueHandle_t pxQueue
MPU_uxQueueSpacesAvailableImpl,MPU_uxQueueSpacesAvailableImpl,UBaseType_t(QueueHandle_t),/home/zwz/FreeRTOS/FreeRTOS/Source/portable/Common/mpu_wrappers_v2.c,2261,2286,5,-1,-1,QueueHandle_t xQueue
MPU_xQueueReceiveImpl,MPU_xQueueReceiveImpl,"BaseType_t(QueueHandle_t,void*,TickType_t)",/home/zwz/FreeRTOS/FreeRTOS/Source/portable/Common/mpu_wrappers_v2.c,2293,2338,5,-1,-1,"QueueHandle_t pxQueue, void* pvBuffer, TickType_t xTicksToWait"
MPU_xQueuePeekImpl,MPU_xQueuePeekImpl,"BaseType_t(QueueHandle_t,void*,TickType_t)",/home/zwz/FreeRTOS/FreeRTOS/Source/portable/Common/mpu_wrappers_v2.c,2345,2390,5,-1,-1,"QueueHandle_t xQueue, void* pvBuffer, TickType_t xTicksToWait"
MPU_xQueueSemaphoreTakeImpl,MPU_xQueueSemaphoreTakeImpl,"BaseType_t(QueueHandle_t,TickType_t)",/home/zwz/FreeRTOS/FreeRTOS/Source/portable/Common/mpu_wrappers_v2.c,2396,2432,5,-1,-1,"QueueHandle_t xQueue, TickType_t xTicksToWait"
MPU_xQueueGetMutexHolderImpl,MPU_xQueueGetMutexHolderImpl,TaskHandle_t(QueueHandle_t),/home/zwz/FreeRTOS/FreeRTOS/Source/portable/Common/mpu_wrappers_v2.c,2439,2476,9,-1,-1,QueueHandle_t xSemaphore
MPU_xQueueTakeMutexRecursiveImpl,MPU_xQueueTakeMutexRecursiveImpl,"BaseType_t(QueueHandle_t,TickType_t)",/home/zwz/FreeRTOS/FreeRTOS/Source/portable/Common/mpu_wrappers_v2.c,2486,2518,9,-1,-1,"QueueHandle_t xMutex, TickType_t xBlockTime"
MPU_xQueueGiveMutexRecursiveImpl,MPU_xQueueGiveMutexRecursiveImpl,BaseType_t(QueueHandle_t),/home/zwz/FreeRTOS/FreeRTOS/Source/portable/Common/mpu_wrappers_v2.c,2527,2552,9,-1,-1,QueueHandle_t xMutex
MPU_vQueueAddToRegistryImpl,MPU_vQueueAddToRegistryImpl,"void(QueueHandle_t,char*)",/home/zwz/FreeRTOS/FreeRTOS/Source/portable/Common/mpu_wrappers_v2.c,2651,2674,9,-1,-1,"QueueHandle_t xQueue, char* pcName"
MPU_vQueueUnregisterQueueImpl,MPU_vQueueUnregisterQueueImpl,void(QueueHandle_t),/home/zwz/FreeRTOS/FreeRTOS/Source/portable/Common/mpu_wrappers_v2.c,2683,2705,9,-1,-1,QueueHandle_t xQueue
MPU_pcQueueGetNameImpl,MPU_pcQueueGetNameImpl,char*(QueueHandle_t),/home/zwz/FreeRTOS/FreeRTOS/Source/portable/Common/mpu_wrappers_v2.c,2714,2739,9,-1,-1,QueueHandle_t xQueue
MPU_vQueueDelete,MPU_vQueueDelete,void(QueueHandle_t),/home/zwz/FreeRTOS/FreeRTOS/Source/portable/Common/mpu_wrappers_v2.c,2749,2766,5,-1,-1,QueueHandle_t xQueue
MPU_xQueueCreateMutex,MPU_xQueueCreateMutex,QueueHandle_t(uint8_t),/home/zwz/FreeRTOS/FreeRTOS/Source/portable/Common/mpu_wrappers_v2.c,2771,2795,9,-1,-1,uint8_t ucQueueType
MPU_xQueueCreateMutexStatic,MPU_xQueueCreateMutexStatic,"QueueHandle_t(uint8_t,StaticQueue_t*)",/home/zwz/FreeRTOS/FreeRTOS/Source/portable/Common/mpu_wrappers_v2.c,2802,2827,9,-1,-1,"uint8_t ucQueueType, StaticQueue_t* pxStaticQueue"
MPU_xQueueCreateCountingSemaphore,MPU_xQueueCreateCountingSemaphore,"QueueHandle_t(UBaseType_t,UBaseType_t)",/home/zwz/FreeRTOS/FreeRTOS/Source/portable/Common/mpu_wrappers_v2.c,2834,2859,9,-1,-1,"UBaseType_t uxCountValue, UBaseType_t uxInitialCount"
MPU_xQueueCreateCountingSemaphoreStatic,MPU_xQueueCreateCountingSemaphoreStatic,"QueueHandle_t(UBaseType_t,UBaseType_t,StaticQueue_t*)",/home/zwz/FreeRTOS/FreeRTOS/Source/portable/Common/mpu_wrappers_v2.c,2866,2892,9,-1,-1,"UBaseType_t uxMaxCount, UBaseType_t uxInitialCount, StaticQueue_t* pxStaticQueue"
MPU_xQueueGenericCreate,MPU_xQueueGenericCreate,"QueueHandle_t(UBaseType_t,UBaseType_t,uint8_t)",/home/zwz/FreeRTOS/FreeRTOS/Source/portable/Common/mpu_wrappers_v2.c,2899,2925,9,-1,-1,"UBaseType_t uxQueueLength, UBaseType_t uxItemSize, uint8_t ucQueueType"
MPU_xQueueGenericCreateStatic,MPU_xQueueGenericCreateStatic,"QueueHandle_t(UBaseType_t,UBaseType_t,uint8_t*,StaticQueue_t*,uint8_t)",/home/zwz/FreeRTOS/FreeRTOS/Source/portable/Common/mpu_wrappers_v2.c,2932,2960,9,-1,-1,"UBaseType_t uxQueueLength, UBaseType_t uxItemSize, uint8_t* pucQueueStorage, StaticQueue_t* pxStaticQueue, uint8_t ucQueueType"
MPU_xQueueGenericReset,MPU_xQueueGenericReset,"BaseType_t(QueueHandle_t,BaseType_t)",/home/zwz/FreeRTOS/FreeRTOS/Source/portable/Common/mpu_wrappers_v2.c,2965,2985,5,-1,-1,"QueueHandle_t xQueue, BaseType_t xNewQueue"
MPU_xQueueGenericGetStaticBuffers,MPU_xQueueGenericGetStaticBuffers,"BaseType_t(QueueHandle_t,uint8_t**,StaticQueue_t**)",/home/zwz/FreeRTOS/FreeRTOS/Source/portable/Common/mpu_wrappers_v2.c,3085,3106,9,-1,-1,"QueueHandle_t xQueue, uint8_t** ppucQueueStorage, StaticQueue_t** ppxStaticQueue"
MPU_xQueueGenericSendFromISR,MPU_xQueueGenericSendFromISR,"BaseType_t(QueueHandle_t,void*,BaseType_t*,BaseType_t)",/home/zwz/FreeRTOS/FreeRTOS/Source/portable/Common/mpu_wrappers_v2.c,3111,3133,5,-1,-1,"QueueHandle_t xQueue, void* pvItemToQueue, BaseType_t* pxHigherPriorityTaskWoken, BaseType_t xCopyPosition"
MPU_xQueueGiveFromISR,MPU_xQueueGiveFromISR,"BaseType_t(QueueHandle_t,BaseType_t*)",/home/zwz/FreeRTOS/FreeRTOS/Source/portable/Common/mpu_wrappers_v2.c,3137,3157,5,-1,-1,"QueueHandle_t xQueue, BaseType_t* pxHigherPriorityTaskWoken"
MPU_xQueuePeekFromISR,MPU_xQueuePeekFromISR,"BaseType_t(QueueHandle_t,void*)",/home/zwz/FreeRTOS/FreeRTOS/Source/portable/Common/mpu_wrappers_v2.c,3161,3181,5,-1,-1,"QueueHandle_t xQueue, void* pvBuffer"
MPU_xQueueReceiveFromISR,MPU_xQueueReceiveFromISR,"BaseType_t(QueueHandle_t,void*,BaseType_t*)",/home/zwz/FreeRTOS/FreeRTOS/Source/portable/Common/mpu_wrappers_v2.c,3185,3206,5,-1,-1,"QueueHandle_t xQueue, void* pvBuffer, BaseType_t* pxHigherPriorityTaskWoken"
MPU_xQueueIsQueueEmptyFromISR,MPU_xQueueIsQueueEmptyFromISR,BaseType_t(QueueHandle_t),/home/zwz/FreeRTOS/FreeRTOS/Source/portable/Common/mpu_wrappers_v2.c,3210,3229,5,-1,-1,QueueHandle_t xQueue
MPU_xQueueIsQueueFullFromISR,MPU_xQueueIsQueueFullFromISR,BaseType_t(QueueHandle_t),/home/zwz/FreeRTOS/FreeRTOS/Source/portable/Common/mpu_wrappers_v2.c,3232,3251,5,-1,-1,QueueHandle_t xQueue
MPU_uxQueueMessagesWaitingFromISR,MPU_uxQueueMessagesWaitingFromISR,UBaseType_t(QueueHandle_t),/home/zwz/FreeRTOS/FreeRTOS/Source/portable/Common/mpu_wrappers_v2.c,3255,3274,5,-1,-1,QueueHandle_t xQueue
MPU_xQueueGetMutexHolderFromISR,MPU_xQueueGetMutexHolderFromISR,TaskHandle_t(QueueHandle_t),/home/zwz/FreeRTOS/FreeRTOS/Source/portable/Common/mpu_wrappers_v2.c,3280,3310,9,-1,-1,QueueHandle_t xSemaphore
MPU_pvTimerGetTimerIDImpl,MPU_pvTimerGetTimerIDImpl,void*(TimerHandle_t),/home/zwz/FreeRTOS/FreeRTOS/Source/portable/Common/mpu_wrappers_v2.c,3360,3385,9,-1,-1,TimerHandle_t xTimer
MPU_vTimerSetTimerIDImpl,MPU_vTimerSetTimerIDImpl,"void(TimerHandle_t,void*)",/home/zwz/FreeRTOS/FreeRTOS/Source/portable/Common/mpu_wrappers_v2.c,3395,3418,9,-1,-1,"TimerHandle_t xTimer, void* pvNewID"
MPU_xTimerIsTimerActiveImpl,MPU_xTimerIsTimerActiveImpl,BaseType_t(TimerHandle_t),/home/zwz/FreeRTOS/FreeRTOS/Source/portable/Common/mpu_wrappers_v2.c,3427,3452,9,-1,-1,TimerHandle_t xTimer
MPU_xTimerGetTimerDaemonTaskHandleImpl,MPU_xTimerGetTimerDaemonTaskHandleImpl,TaskHandle_t(void),/home/zwz/FreeRTOS/FreeRTOS/Source/portable/Common/mpu_wrappers_v2.c,3461,3468,9,-1,-1,void
MPU_xTimerGenericCommandFromTask,MPU_xTimerGenericCommandFromTask,"BaseType_t(TimerHandle_t,BaseType_t,TickType_t,BaseType_t*,TickType_t)",/home/zwz/FreeRTOS/FreeRTOS/Source/portable/Common/mpu_wrappers_v2.c,3475,3493,9,-1,-1,"TimerHandle_t xTimer, BaseType_t xCommandID, TickType_t xOptionalValue, BaseType_t* pxHigherPriorityTaskWoken, TickType_t xTicksToWait"
MPU_xTimerGenericCommandFromTaskImpl,MPU_xTimerGenericCommandFromTaskImpl,BaseType_t(xTimerGenericCommandFromTaskParams_t*),/home/zwz/FreeRTOS/FreeRTOS/Source/portable/Common/mpu_wrappers_v2.c,3497,3552,9,-1,-1,xTimerGenericCommandFromTaskParams_t* pxParams
MPU_pcTimerGetNameImpl,MPU_pcTimerGetNameImpl,char*(TimerHandle_t),/home/zwz/FreeRTOS/FreeRTOS/Source/portable/Common/mpu_wrappers_v2.c,3561,3586,9,-1,-1,TimerHandle_t xTimer
MPU_vTimerSetReloadModeImpl,MPU_vTimerSetReloadModeImpl,"void(TimerHandle_t,BaseType_t)",/home/zwz/FreeRTOS/FreeRTOS/Source/portable/Common/mpu_wrappers_v2.c,3596,3619,9,-1,-1,"TimerHandle_t xTimer, BaseType_t xAutoReload"
MPU_xTimerGetReloadModeImpl,MPU_xTimerGetReloadModeImpl,BaseType_t(TimerHandle_t),/home/zwz/FreeRTOS/FreeRTOS/Source/portable/Common/mpu_wrappers_v2.c,3628,3653,9,-1,-1,TimerHandle_t xTimer
MPU_uxTimerGetReloadModeImpl,MPU_uxTimerGetReloadModeImpl,UBaseType_t(TimerHandle_t),/home/zwz/FreeRTOS/FreeRTOS/Source/portable/Common/mpu_wrappers_v2.c,3662,3687,9,-1,-1,TimerHandle_t xTimer
MPU_xTimerGetPeriodImpl,MPU_xTimerGetPeriodImpl,TickType_t(TimerHandle_t),/home/zwz/FreeRTOS/FreeRTOS/Source/portable/Common/mpu_wrappers_v2.c,3696,3721,9,-1,-1,TimerHandle_t xTimer
MPU_xTimerGetExpiryTimeImpl,MPU_xTimerGetExpiryTimeImpl,TickType_t(TimerHandle_t),/home/zwz/FreeRTOS/FreeRTOS/Source/portable/Common/mpu_wrappers_v2.c,3730,3755,9,-1,-1,TimerHandle_t xTimer
MPU_xTimerCreate,MPU_xTimerCreate,"TimerHandle_t(char*,TickType_t,BaseType_t,void*,TimerCallbackFunction_t)",/home/zwz/FreeRTOS/FreeRTOS/Source/portable/Common/mpu_wrappers_v2.c,3767,3795,9,-1,-1,"char* pcTimerName, TickType_t xTimerPeriodInTicks, BaseType_t xAutoReload, void* pvTimerID, TimerCallbackFunction_t pxCallbackFunction"
MPU_xTimerCreateStatic,MPU_xTimerCreateStatic,"TimerHandle_t(char*,TickType_t,BaseType_t,void*,TimerCallbackFunction_t,StaticTimer_t*)",/home/zwz/FreeRTOS/FreeRTOS/Source/portable/Common/mpu_wrappers_v2.c,3802,3831,9,-1,-1,"char* pcTimerName, TickType_t xTimerPeriodInTicks, BaseType_t xAutoReload, void* pvTimerID, TimerCallbackFunction_t pxCallbackFunction, StaticTimer_t* pxTimerBuffer"
MPU_xTimerGetStaticBuffer,MPU_xTimerGetStaticBuffer,"BaseType_t(TimerHandle_t,StaticTimer_t**)",/home/zwz/FreeRTOS/FreeRTOS/Source/portable/Common/mpu_wrappers_v2.c,3838,3858,9,-1,-1,"TimerHandle_t xTimer, StaticTimer_t** ppxTimerBuffer"
MPU_xTimerGenericCommandFromISR,MPU_xTimerGenericCommandFromISR,"BaseType_t(TimerHandle_t,BaseType_t,TickType_t,BaseType_t*,TickType_t)",/home/zwz/FreeRTOS/FreeRTOS/Source/portable/Common/mpu_wrappers_v2.c,3865,3888,9,-1,-1,"TimerHandle_t xTimer, BaseType_t xCommandID, TickType_t xOptionalValue, BaseType_t* pxHigherPriorityTaskWoken, TickType_t xTicksToWait"
MPU_xEventGroupWaitBits,MPU_xEventGroupWaitBits,"EventBits_t(EventGroupHandle_t,EventBits_t,BaseType_t,BaseType_t,TickType_t)",/home/zwz/FreeRTOS/FreeRTOS/Source/portable/Common/mpu_wrappers_v2.c,3899,3917,9,-1,-1,"EventGroupHandle_t xEventGroup, EventBits_t uxBitsToWaitFor, BaseType_t xClearOnExit, BaseType_t xWaitForAllBits, TickType_t xTicksToWait"
MPU_xEventGroupWaitBitsImpl,MPU_xEventGroupWaitBitsImpl,EventBits_t(xEventGroupWaitBitsParams_t*),/home/zwz/FreeRTOS/FreeRTOS/Source/portable/Common/mpu_wrappers_v2.c,3921,3969,9,-1,-1,xEventGroupWaitBitsParams_t* pxParams
MPU_xEventGroupClearBitsImpl,MPU_xEventGroupClearBitsImpl,"EventBits_t(EventGroupHandle_t,EventBits_t)",/home/zwz/FreeRTOS/FreeRTOS/Source/portable/Common/mpu_wrappers_v2.c,3979,4008,9,-1,-1,"EventGroupHandle_t xEventGroup, EventBits_t uxBitsToClear"
MPU_xEventGroupSetBitsImpl,MPU_xEventGroupSetBitsImpl,"EventBits_t(EventGroupHandle_t,EventBits_t)",/home/zwz/FreeRTOS/FreeRTOS/Source/portable/Common/mpu_wrappers_v2.c,4018,4047,9,-1,-1,"EventGroupHandle_t xEventGroup, EventBits_t uxBitsToSet"
MPU_xEventGroupSyncImpl,MPU_xEventGroupSyncImpl,"EventBits_t(EventGroupHandle_t,EventBits_t,EventBits_t,TickType_t)",/home/zwz/FreeRTOS/FreeRTOS/Source/portable/Common/mpu_wrappers_v2.c,4059,4095,9,-1,-1,"EventGroupHandle_t xEventGroup, EventBits_t uxBitsToSet, EventBits_t uxBitsToWaitFor, TickType_t xTicksToWait"
MPU_uxEventGroupGetNumberImpl,MPU_uxEventGroupGetNumberImpl,UBaseType_t(void*),/home/zwz/FreeRTOS/FreeRTOS/Source/portable/Common/mpu_wrappers_v2.c,4104,4129,9,-1,-1,void* xEventGroup
MPU_vEventGroupSetNumberImpl,MPU_vEventGroupSetNumberImpl,"void(void*,UBaseType_t)",/home/zwz/FreeRTOS/FreeRTOS/Source/portable/Common/mpu_wrappers_v2.c,4139,4162,9,-1,-1,"void* xEventGroup, UBaseType_t uxEventGroupNumber"
MPU_xEventGroupCreate,MPU_xEventGroupCreate,EventGroupHandle_t(void),/home/zwz/FreeRTOS/FreeRTOS/Source/portable/Common/mpu_wrappers_v2.c,4174,4198,9,-1,-1,void
MPU_xEventGroupCreateStatic,MPU_xEventGroupCreateStatic,EventGroupHandle_t(StaticEventGroup_t*),/home/zwz/FreeRTOS/FreeRTOS/Source/portable/Common/mpu_wrappers_v2.c,4205,4229,9,-1,-1,StaticEventGroup_t* pxEventGroupBuffer
MPU_vEventGroupDelete,MPU_vEventGroupDelete,void(EventGroupHandle_t),/home/zwz/FreeRTOS/FreeRTOS/Source/portable/Common/mpu_wrappers_v2.c,4236,4253,9,-1,-1,EventGroupHandle_t xEventGroup
MPU_xEventGroupGetStaticBuffer,MPU_xEventGroupGetStaticBuffer,"BaseType_t(EventGroupHandle_t,StaticEventGroup_t**)",/home/zwz/FreeRTOS/FreeRTOS/Source/portable/Common/mpu_wrappers_v2.c,4260,4280,9,-1,-1,"EventGroupHandle_t xEventGroup, StaticEventGroup_t** ppxEventGroupBuffer"
MPU_xEventGroupClearBitsFromISR,MPU_xEventGroupClearBitsFromISR,"BaseType_t(EventGroupHandle_t,EventBits_t)",/home/zwz/FreeRTOS/FreeRTOS/Source/portable/Common/mpu_wrappers_v2.c,4287,4307,9,-1,-1,"EventGroupHandle_t xEventGroup, EventBits_t uxBitsToClear"
MPU_xEventGroupSetBitsFromISR,MPU_xEventGroupSetBitsFromISR,"BaseType_t(EventGroupHandle_t,EventBits_t,BaseType_t*)",/home/zwz/FreeRTOS/FreeRTOS/Source/portable/Common/mpu_wrappers_v2.c,4314,4335,9,-1,-1,"EventGroupHandle_t xEventGroup, EventBits_t uxBitsToSet, BaseType_t* pxHigherPriorityTaskWoken"
MPU_xEventGroupGetBitsFromISR,MPU_xEventGroupGetBitsFromISR,EventBits_t(EventGroupHandle_t),/home/zwz/FreeRTOS/FreeRTOS/Source/portable/Common/mpu_wrappers_v2.c,4342,4361,9,-1,-1,EventGroupHandle_t xEventGroup
MPU_xStreamBufferSendImpl,MPU_xStreamBufferSendImpl,"size_t(StreamBufferHandle_t,void*,size_t,TickType_t)",/home/zwz/FreeRTOS/FreeRTOS/Source/portable/Common/mpu_wrappers_v2.c,4377,4416,9,-1,-1,"StreamBufferHandle_t xStreamBuffer, void* pvTxData, size_t xDataLengthBytes, TickType_t xTicksToWait"
MPU_xStreamBufferReceiveImpl,MPU_xStreamBufferReceiveImpl,"size_t(StreamBufferHandle_t,void*,size_t,TickType_t)",/home/zwz/FreeRTOS/FreeRTOS/Source/portable/Common/mpu_wrappers_v2.c,4428,4467,9,-1,-1,"StreamBufferHandle_t xStreamBuffer, void* pvRxData, size_t xBufferLengthBytes, TickType_t xTicksToWait"
MPU_xStreamBufferIsFullImpl,MPU_xStreamBufferIsFullImpl,BaseType_t(StreamBufferHandle_t),/home/zwz/FreeRTOS/FreeRTOS/Source/portable/Common/mpu_wrappers_v2.c,4476,4501,9,-1,-1,StreamBufferHandle_t xStreamBuffer
MPU_xStreamBufferIsEmptyImpl,MPU_xStreamBufferIsEmptyImpl,BaseType_t(StreamBufferHandle_t),/home/zwz/FreeRTOS/FreeRTOS/Source/portable/Common/mpu_wrappers_v2.c,4510,4535,9,-1,-1,StreamBufferHandle_t xStreamBuffer
MPU_xStreamBufferSpacesAvailableImpl,MPU_xStreamBufferSpacesAvailableImpl,size_t(StreamBufferHandle_t),/home/zwz/FreeRTOS/FreeRTOS/Source/portable/Common/mpu_wrappers_v2.c,4544,4569,9,-1,-1,StreamBufferHandle_t xStreamBuffer
MPU_xStreamBufferBytesAvailableImpl,MPU_xStreamBufferBytesAvailableImpl,size_t(StreamBufferHandle_t),/home/zwz/FreeRTOS/FreeRTOS/Source/portable/Common/mpu_wrappers_v2.c,4578,4603,9,-1,-1,StreamBufferHandle_t xStreamBuffer
MPU_xStreamBufferSetTriggerLevelImpl,MPU_xStreamBufferSetTriggerLevelImpl,"BaseType_t(StreamBufferHandle_t,size_t)",/home/zwz/FreeRTOS/FreeRTOS/Source/portable/Common/mpu_wrappers_v2.c,4613,4639,9,-1,-1,"StreamBufferHandle_t xStreamBuffer, size_t xTriggerLevel"
MPU_xStreamBufferNextMessageLengthBytesImpl,MPU_xStreamBufferNextMessageLengthBytesImpl,size_t(StreamBufferHandle_t),/home/zwz/FreeRTOS/FreeRTOS/Source/portable/Common/mpu_wrappers_v2.c,4648,4673,9,-1,-1,StreamBufferHandle_t xStreamBuffer
MPU_xStreamBufferGenericCreate,MPU_xStreamBufferGenericCreate,"StreamBufferHandle_t(size_t,size_t,BaseType_t,StreamBufferCallbackFunction_t,StreamBufferCallbackFunction_t)",/home/zwz/FreeRTOS/FreeRTOS/Source/portable/Common/mpu_wrappers_v2.c,4685,4733,9,-1,-1,"size_t xBufferSizeBytes, size_t xTriggerLevelBytes, BaseType_t xStreamBufferType, StreamBufferCallbackFunction_t pxSendCompletedCallback, StreamBufferCallbackFunction_t pxReceiveCompletedCallback"
MPU_xStreamBufferGenericCreateStatic,MPU_xStreamBufferGenericCreateStatic,"StreamBufferHandle_t(size_t,size_t,BaseType_t,uint8_t*,StaticStreamBuffer_t*,StreamBufferCallbackFunction_t,StreamBufferCallbackFunction_t)",/home/zwz/FreeRTOS/FreeRTOS/Source/portable/Common/mpu_wrappers_v2.c,4740,4792,9,-1,-1,"size_t xBufferSizeBytes, size_t xTriggerLevelBytes, BaseType_t xStreamBufferType, uint8_t* pucStreamBufferStorageArea, StaticStreamBuffer_t* pxStaticStreamBuffer, StreamBufferCallbackFunction_t pxSendCompletedCallback, StreamBufferCallbackFunction_t pxReceiveCompletedCallback"
MPU_vStreamBufferDelete,MPU_vStreamBufferDelete,void(StreamBufferHandle_t),/home/zwz/FreeRTOS/FreeRTOS/Source/portable/Common/mpu_wrappers_v2.c,4799,4817,9,-1,-1,StreamBufferHandle_t xStreamBuffer
MPU_xStreamBufferReset,MPU_xStreamBufferReset,BaseType_t(StreamBufferHandle_t),/home/zwz/FreeRTOS/FreeRTOS/Source/portable/Common/mpu_wrappers_v2.c,4824,4843,9,-1,-1,StreamBufferHandle_t xStreamBuffer
MPU_xStreamBufferGetStaticBuffers,MPU_xStreamBufferGetStaticBuffers,"BaseType_t(StreamBufferHandle_t,uint8_t*,StaticStreamBuffer_t*)",/home/zwz/FreeRTOS/FreeRTOS/Source/portable/Common/mpu_wrappers_v2.c,4850,4871,9,-1,-1,"StreamBufferHandle_t xStreamBuffers, uint8_t* ppucStreamBufferStorageArea, StaticStreamBuffer_t* ppxStaticStreamBuffer"
MPU_xStreamBufferSendFromISR,MPU_xStreamBufferSendFromISR,"size_t(StreamBufferHandle_t,void*,size_t,BaseType_t*)",/home/zwz/FreeRTOS/FreeRTOS/Source/portable/Common/mpu_wrappers_v2.c,4878,4900,5,-1,-1,"StreamBufferHandle_t xStreamBuffer, void* pvTxData, size_t xDataLengthBytes, BaseType_t* pxHigherPriorityTaskWoken"
MPU_xStreamBufferReceiveFromISR,MPU_xStreamBufferReceiveFromISR,"size_t(StreamBufferHandle_t,void*,size_t,BaseType_t*)",/home/zwz/FreeRTOS/FreeRTOS/Source/portable/Common/mpu_wrappers_v2.c,4907,4929,5,-1,-1,"StreamBufferHandle_t xStreamBuffer, void* pvRxData, size_t xBufferLengthBytes, BaseType_t* pxHigherPriorityTaskWoken"
MPU_xStreamBufferSendCompletedFromISR,MPU_xStreamBufferSendCompletedFromISR,"BaseType_t(StreamBufferHandle_t,BaseType_t*)",/home/zwz/FreeRTOS/FreeRTOS/Source/portable/Common/mpu_wrappers_v2.c,4936,4956,9,-1,-1,"StreamBufferHandle_t xStreamBuffer, BaseType_t* pxHigherPriorityTaskWoken"
MPU_xStreamBufferReceiveCompletedFromISR,MPU_xStreamBufferReceiveCompletedFromISR,"BaseType_t(StreamBufferHandle_t,BaseType_t*)",/home/zwz/FreeRTOS/FreeRTOS/Source/portable/Common/mpu_wrappers_v2.c,4963,4983,9,-1,-1,"StreamBufferHandle_t xStreamBuffer, BaseType_t* pxHigherPriorityTaskWoken"
MPU_xStreamBufferResetFromISR,MPU_xStreamBufferResetFromISR,BaseType_t(StreamBufferHandle_t),/home/zwz/FreeRTOS/FreeRTOS/Source/portable/Common/mpu_wrappers_v2.c,4991,5010,9,-1,-1,StreamBufferHandle_t xStreamBuffer
<global>,/home/zwz/FreeRTOS/FreeRTOS/Source/timers.c:<global>,,/home/zwz/FreeRTOS/FreeRTOS/Source/timers.c,1,1343,1,-1,-1,
xTimerCreateTimerTask,xTimerCreateTimerTask,BaseType_t(void),/home/zwz/FreeRTOS/FreeRTOS/Source/timers.c,237,331,5,-1,-1,void
xTimerCreate,xTimerCreate,"TimerHandle_t(char*,TickType_t,BaseType_t,void*,TimerCallbackFunction_t)",/home/zwz/FreeRTOS/FreeRTOS/Source/timers.c,336,363,9,-1,-1,"char* pcTimerName, TickType_t xTimerPeriodInTicks, BaseType_t xAutoReload, void* pvTimerID, TimerCallbackFunction_t pxCallbackFunction"
xTimerCreateStatic,xTimerCreateStatic,"TimerHandle_t(char*,TickType_t,BaseType_t,void*,TimerCallbackFunction_t,StaticTimer_t*)",/home/zwz/FreeRTOS/FreeRTOS/Source/timers.c,370,412,9,-1,-1,"char* pcTimerName, TickType_t xTimerPeriodInTicks, BaseType_t xAutoReload, void* pvTimerID, TimerCallbackFunction_t pxCallbackFunction, StaticTimer_t* pxTimerBuffer"
prvInitialiseNewTimer,prvInitialiseNewTimer,"void(char*,TickType_t,BaseType_t,void*,TimerCallbackFunction_t,Timer_t*)",/home/zwz/FreeRTOS/FreeRTOS/Source/timers.c,417,445,5,-1,-1,"char* pcTimerName, TickType_t xTimerPeriodInTicks, BaseType_t xAutoReload, void* pvTimerID, TimerCallbackFunction_t pxCallbackFunction, Timer_t* pxNewTimer"
xTimerGenericCommandFromTask,xTimerGenericCommandFromTask,"BaseType_t(TimerHandle_t,BaseType_t,TickType_t,BaseType_t*,TickType_t)",/home/zwz/FreeRTOS/FreeRTOS/Source/timers.c,448,494,5,-1,-1,"TimerHandle_t xTimer, BaseType_t xCommandID, TickType_t xOptionalValue, BaseType_t* pxHigherPriorityTaskWoken, TickType_t xTicksToWait"
xTimerGenericCommandFromISR,xTimerGenericCommandFromISR,"BaseType_t(TimerHandle_t,BaseType_t,TickType_t,BaseType_t*,TickType_t)",/home/zwz/FreeRTOS/FreeRTOS/Source/timers.c,497,536,5,-1,-1,"TimerHandle_t xTimer, BaseType_t xCommandID, TickType_t xOptionalValue, BaseType_t* pxHigherPriorityTaskWoken, TickType_t xTicksToWait"
xTimerGetTimerDaemonTaskHandle,xTimerGetTimerDaemonTaskHandle,TaskHandle_t(void),/home/zwz/FreeRTOS/FreeRTOS/Source/timers.c,539,550,5,-1,-1,void
xTimerGetPeriod,xTimerGetPeriod,TickType_t(TimerHandle_t),/home/zwz/FreeRTOS/FreeRTOS/Source/timers.c,553,564,5,-1,-1,TimerHandle_t xTimer
vTimerSetReloadMode,vTimerSetReloadMode,"void(TimerHandle_t,BaseType_t)",/home/zwz/FreeRTOS/FreeRTOS/Source/timers.c,567,589,5,-1,-1,"TimerHandle_t xTimer, BaseType_t xAutoReload"
xTimerGetReloadMode,xTimerGetReloadMode,BaseType_t(TimerHandle_t),/home/zwz/FreeRTOS/FreeRTOS/Source/timers.c,592,618,5,-1,-1,TimerHandle_t xTimer
uxTimerGetReloadMode,uxTimerGetReloadMode,UBaseType_t(TimerHandle_t),/home/zwz/FreeRTOS/FreeRTOS/Source/timers.c,620,631,5,-1,-1,TimerHandle_t xTimer
xTimerGetExpiryTime,xTimerGetExpiryTime,TickType_t(TimerHandle_t),/home/zwz/FreeRTOS/FreeRTOS/Source/timers.c,634,647,5,-1,-1,TimerHandle_t xTimer
xTimerGetStaticBuffer,xTimerGetStaticBuffer,"BaseType_t(TimerHandle_t,StaticTimer_t**)",/home/zwz/FreeRTOS/FreeRTOS/Source/timers.c,651,677,9,-1,-1,"TimerHandle_t xTimer, StaticTimer_t** ppxTimerBuffer"
pcTimerGetName,pcTimerGetName,char*(TimerHandle_t),/home/zwz/FreeRTOS/FreeRTOS/Source/timers.c,681,692,5,-1,-1,TimerHandle_t xTimer
prvReloadTimer,prvReloadTimer,"void(Timer_t*,TickType_t,TickType_t)",/home/zwz/FreeRTOS/FreeRTOS/Source/timers.c,695,711,5,-1,-1,"Timer_t* pxTimer, TickType_t xExpiredTime, TickType_t xTimeNow"
prvProcessExpiredTimer,prvProcessExpiredTimer,"void(TickType_t,TickType_t)",/home/zwz/FreeRTOS/FreeRTOS/Source/timers.c,714,741,5,-1,-1,"TickType_t xNextExpireTime, TickType_t xTimeNow"
prvTimerTask,prvTimerTask,void(void*),/home/zwz/FreeRTOS/FreeRTOS/Source/timers.c,744,775,5,-1,-1,void* pvParameters
prvProcessTimerOrBlockTask,prvProcessTimerOrBlockTask,"void(TickType_t,BaseType_t)",/home/zwz/FreeRTOS/FreeRTOS/Source/timers.c,778,837,5,-1,-1,"TickType_t xNextExpireTime, BaseType_t xListWasEmpty"
prvGetNextExpireTime,prvGetNextExpireTime,TickType_t(BaseType_t*),/home/zwz/FreeRTOS/FreeRTOS/Source/timers.c,840,864,5,-1,-1,BaseType_t* pxListWasEmpty
prvSampleTimeNow,prvSampleTimeNow,TickType_t(BaseType_t*),/home/zwz/FreeRTOS/FreeRTOS/Source/timers.c,867,887,5,-1,-1,BaseType_t* pxTimerListsWereSwitched
prvInsertTimerInActiveList,prvInsertTimerInActiveList,"BaseType_t(Timer_t*,TickType_t,TickType_t,TickType_t)",/home/zwz/FreeRTOS/FreeRTOS/Source/timers.c,890,931,5,-1,-1,"Timer_t* pxTimer, TickType_t xNextExpiryTime, TickType_t xTimeNow, TickType_t xCommandTime"
prvProcessReceivedCommands,prvProcessReceivedCommands,void(void),/home/zwz/FreeRTOS/FreeRTOS/Source/timers.c,934,1086,5,-1,-1,void
prvSwitchTimerLists,prvSwitchTimerLists,void(void),/home/zwz/FreeRTOS/FreeRTOS/Source/timers.c,1089,1111,5,-1,-1,void
prvCheckForValidListAndQueue,prvCheckForValidListAndQueue,void(void),/home/zwz/FreeRTOS/FreeRTOS/Source/timers.c,1114,1162,5,-1,-1,void
xTimerIsTimerActive,xTimerIsTimerActive,BaseType_t(TimerHandle_t),/home/zwz/FreeRTOS/FreeRTOS/Source/timers.c,1165,1191,5,-1,-1,TimerHandle_t xTimer
pvTimerGetTimerID,pvTimerGetTimerID,void*(TimerHandle_t),/home/zwz/FreeRTOS/FreeRTOS/Source/timers.c,1194,1212,5,-1,-1,TimerHandle_t xTimer
vTimerSetTimerID,vTimerSetTimerID,"void(TimerHandle_t,void*)",/home/zwz/FreeRTOS/FreeRTOS/Source/timers.c,1215,1231,5,-1,-1,"TimerHandle_t xTimer, void* pvNewID"
xTimerPendFunctionCallFromISR,xTimerPendFunctionCallFromISR,"BaseType_t(PendedFunction_t,void*,uint32_t,BaseType_t*)",/home/zwz/FreeRTOS/FreeRTOS/Source/timers.c,1236,1259,9,-1,-1,"PendedFunction_t xFunctionToPend, void* pvParameter1, uint32_t ulParameter2, BaseType_t* pxHigherPriorityTaskWoken"
xTimerPendFunctionCall,xTimerPendFunctionCall,"BaseType_t(PendedFunction_t,void*,uint32_t,TickType_t)",/home/zwz/FreeRTOS/FreeRTOS/Source/timers.c,1266,1294,9,-1,-1,"PendedFunction_t xFunctionToPend, void* pvParameter1, uint32_t ulParameter2, TickType_t xTicksToWait"
uxTimerGetTimerNumber,uxTimerGetTimerNumber,UBaseType_t(TimerHandle_t),/home/zwz/FreeRTOS/FreeRTOS/Source/timers.c,1301,1308,9,-1,-1,TimerHandle_t xTimer
vTimerSetTimerNumber,vTimerSetTimerNumber,"void(TimerHandle_t,UBaseType_t)",/home/zwz/FreeRTOS/FreeRTOS/Source/timers.c,1315,1323,9,-1,-1,"TimerHandle_t xTimer, UBaseType_t uxTimerNumber"
vTimerResetState,vTimerResetState,void(void),/home/zwz/FreeRTOS/FreeRTOS/Source/timers.c,1333,1337,5,-1,-1,void
<global>,/home/zwz/FreeRTOS/FreeRTOS/Source/portable/MemMang/heap_4.c:<global>,,/home/zwz/FreeRTOS/FreeRTOS/Source/portable/MemMang/heap_4.c,1,638,1,-1,-1,
pvPortMalloc,pvPortMalloc,void*(size_t),/home/zwz/FreeRTOS/FreeRTOS/Source/portable/MemMang/heap_4.c,173,351,1,-1,-1,size_t xWantedSize
vPortFree,vPortFree,void(void*),/home/zwz/FreeRTOS/FreeRTOS/Source/portable/MemMang/heap_4.c,354,410,1,-1,-1,void* pv
xPortGetFreeHeapSize,xPortGetFreeHeapSize,size_t(void),/home/zwz/FreeRTOS/FreeRTOS/Source/portable/MemMang/heap_4.c,413,416,1,-1,-1,void
xPortGetMinimumEverFreeHeapSize,xPortGetMinimumEverFreeHeapSize,size_t(void),/home/zwz/FreeRTOS/FreeRTOS/Source/portable/MemMang/heap_4.c,419,422,1,-1,-1,void
xPortResetHeapMinimumEverFreeHeapSize,xPortResetHeapMinimumEverFreeHeapSize,void(void),/home/zwz/FreeRTOS/FreeRTOS/Source/portable/MemMang/heap_4.c,425,428,1,-1,-1,void
vPortInitialiseBlocks,vPortInitialiseBlocks,void(void),/home/zwz/FreeRTOS/FreeRTOS/Source/portable/MemMang/heap_4.c,431,434,1,-1,-1,void
pvPortCalloc,pvPortCalloc,"void*(size_t,size_t)",/home/zwz/FreeRTOS/FreeRTOS/Source/portable/MemMang/heap_4.c,437,453,1,-1,-1,"size_t xNum, size_t xSize"
prvHeapInit,prvHeapInit,void(void),/home/zwz/FreeRTOS/FreeRTOS/Source/portable/MemMang/heap_4.c,456,501,1,-1,-1,void
prvInsertBlockIntoFreeList,prvInsertBlockIntoFreeList,void(BlockLink_t*),/home/zwz/FreeRTOS/FreeRTOS/Source/portable/MemMang/heap_4.c,504,569,1,-1,-1,BlockLink_t* pxBlockToInsert
vPortGetHeapStats,vPortGetHeapStats,void(HeapStats_t*),/home/zwz/FreeRTOS/FreeRTOS/Source/portable/MemMang/heap_4.c,572,621,1,-1,-1,HeapStats_t* pxHeapStats
vPortHeapResetState,vPortHeapResetState,void(void),/home/zwz/FreeRTOS/FreeRTOS/Source/portable/MemMang/heap_4.c,629,637,1,-1,-1,void
vListInitialise,vListInitialise,void(List_t*),/home/zwz/FreeRTOS/FreeRTOS/Source/list.c,49,86,1,-1,-1,List_t* pxList
<global>,/home/zwz/FreeRTOS/FreeRTOS/Source/list.c:<global>,,/home/zwz/FreeRTOS/FreeRTOS/Source/list.c,1,248,1,-1,-1,
vListInitialiseItem,vListInitialiseItem,void(ListItem_t*),/home/zwz/FreeRTOS/FreeRTOS/Source/list.c,89,102,1,-1,-1,ListItem_t* pxItem
vListInsertEnd,vListInsertEnd,"void(List_t*,ListItem_t*)",/home/zwz/FreeRTOS/FreeRTOS/Source/list.c,105,136,1,-1,-1,"List_t* pxList, ListItem_t* pxNewListItem"
vListInsert,vListInsert,"void(List_t*,ListItem_t*)",/home/zwz/FreeRTOS/FreeRTOS/Source/list.c,139,213,1,-1,-1,"List_t* pxList, ListItem_t* pxNewListItem"
uxListRemove,uxListRemove,UBaseType_t(ListItem_t*),/home/zwz/FreeRTOS/FreeRTOS/Source/list.c,217,247,1,-1,-1,ListItem_t* pxItemToRemove
<global>,/home/zwz/FreeRTOS/FreeRTOS/Source/stream_buffer.c:<global>,,/home/zwz/FreeRTOS/FreeRTOS/Source/stream_buffer.c,1,1718,1,-1,-1,
xStreamBufferGenericCreate,xStreamBufferGenericCreate,"StreamBufferHandle_t(size_t,size_t,BaseType_t,StreamBufferCallbackFunction_t,StreamBufferCallbackFunction_t)",/home/zwz/FreeRTOS/FreeRTOS/Source/stream_buffer.c,331,421,5,-1,-1,"size_t xBufferSizeBytes, size_t xTriggerLevelBytes, BaseType_t xStreamBufferType, StreamBufferCallbackFunction_t pxSendCompletedCallback, StreamBufferCallbackFunction_t pxReceiveCompletedCallback"
xStreamBufferGenericCreateStatic,xStreamBufferGenericCreateStatic,"StreamBufferHandle_t(size_t,size_t,BaseType_t,uint8_t*,StaticStreamBuffer_t*,StreamBufferCallbackFunction_t,StreamBufferCallbackFunction_t)",/home/zwz/FreeRTOS/FreeRTOS/Source/stream_buffer.c,427,518,5,-1,-1,"size_t xBufferSizeBytes, size_t xTriggerLevelBytes, BaseType_t xStreamBufferType, uint8_t* pucStreamBufferStorageArea, StaticStreamBuffer_t* pxStaticStreamBuffer, StreamBufferCallbackFunction_t pxSendCompletedCallback, StreamBufferCallbackFunction_t pxReceiveCompletedCallback"
xStreamBufferGetStaticBuffers,xStreamBufferGetStaticBuffers,"BaseType_t(StreamBufferHandle_t,uint8_t**,StaticStreamBuffer_t**)",/home/zwz/FreeRTOS/FreeRTOS/Source/stream_buffer.c,523,553,5,-1,-1,"StreamBufferHandle_t xStreamBuffer, uint8_t** ppucStreamBufferStorageArea, StaticStreamBuffer_t** ppxStaticStreamBuffer"
vStreamBufferDelete,vStreamBufferDelete,void(StreamBufferHandle_t),/home/zwz/FreeRTOS/FreeRTOS/Source/stream_buffer.c,557,591,1,-1,-1,StreamBufferHandle_t xStreamBuffer
xStreamBufferReset,xStreamBufferReset,BaseType_t(StreamBufferHandle_t),/home/zwz/FreeRTOS/FreeRTOS/Source/stream_buffer.c,594,652,1,-1,-1,StreamBufferHandle_t xStreamBuffer
xStreamBufferResetFromISR,xStreamBufferResetFromISR,BaseType_t(StreamBufferHandle_t),/home/zwz/FreeRTOS/FreeRTOS/Source/stream_buffer.c,655,717,1,-1,-1,StreamBufferHandle_t xStreamBuffer
xStreamBufferSetTriggerLevel,xStreamBufferSetTriggerLevel,"BaseType_t(StreamBufferHandle_t,size_t)",/home/zwz/FreeRTOS/FreeRTOS/Source/stream_buffer.c,720,751,1,-1,-1,"StreamBufferHandle_t xStreamBuffer, size_t xTriggerLevel"
xStreamBufferSpacesAvailable,xStreamBufferSpacesAvailable,size_t(StreamBufferHandle_t),/home/zwz/FreeRTOS/FreeRTOS/Source/stream_buffer.c,754,788,1,-1,-1,StreamBufferHandle_t xStreamBuffer
xStreamBufferBytesAvailable,xStreamBufferBytesAvailable,size_t(StreamBufferHandle_t),/home/zwz/FreeRTOS/FreeRTOS/Source/stream_buffer.c,791,805,1,-1,-1,StreamBufferHandle_t xStreamBuffer
xStreamBufferSend,xStreamBufferSend,"size_t(StreamBufferHandle_t,void*,size_t,TickType_t)",/home/zwz/FreeRTOS/FreeRTOS/Source/stream_buffer.c,808,940,1,-1,-1,"StreamBufferHandle_t xStreamBuffer, void* pvTxData, size_t xDataLengthBytes, TickType_t xTicksToWait"
xStreamBufferSendFromISR,xStreamBufferSendFromISR,"size_t(StreamBufferHandle_t,void*,size_t,BaseType_t*)",/home/zwz/FreeRTOS/FreeRTOS/Source/stream_buffer.c,943,997,1,-1,-1,"StreamBufferHandle_t xStreamBuffer, void* pvTxData, size_t xDataLengthBytes, BaseType_t* pxHigherPriorityTaskWoken"
prvWriteMessageToBuffer,prvWriteMessageToBuffer,"size_t(StreamBuffer_t*,void*,size_t,size_t,size_t)",/home/zwz/FreeRTOS/FreeRTOS/Source/stream_buffer.c,1000,1050,1,-1,-1,"StreamBuffer_t* pxStreamBuffer, void* pvTxData, size_t xDataLengthBytes, size_t xSpace, size_t xRequiredSpace"
xStreamBufferReceive,xStreamBufferReceive,"size_t(StreamBufferHandle_t,void*,size_t,TickType_t)",/home/zwz/FreeRTOS/FreeRTOS/Source/stream_buffer.c,1053,1166,1,-1,-1,"StreamBufferHandle_t xStreamBuffer, void* pvRxData, size_t xBufferLengthBytes, TickType_t xTicksToWait"
xStreamBufferNextMessageLengthBytes,xStreamBufferNextMessageLengthBytes,size_t(StreamBufferHandle_t),/home/zwz/FreeRTOS/FreeRTOS/Source/stream_buffer.c,1169,1210,1,-1,-1,StreamBufferHandle_t xStreamBuffer
xStreamBufferReceiveFromISR,xStreamBufferReceiveFromISR,"size_t(StreamBufferHandle_t,void*,size_t,BaseType_t*)",/home/zwz/FreeRTOS/FreeRTOS/Source/stream_buffer.c,1213,1273,1,-1,-1,"StreamBufferHandle_t xStreamBuffer, void* pvRxData, size_t xBufferLengthBytes, BaseType_t* pxHigherPriorityTaskWoken"
prvReadMessageFromBuffer,prvReadMessageFromBuffer,"size_t(StreamBuffer_t*,void*,size_t,size_t)",/home/zwz/FreeRTOS/FreeRTOS/Source/stream_buffer.c,1276,1328,1,-1,-1,"StreamBuffer_t* pxStreamBuffer, void* pvRxData, size_t xBufferLengthBytes, size_t xBytesAvailable"
xStreamBufferIsEmpty,xStreamBufferIsEmpty,BaseType_t(StreamBufferHandle_t),/home/zwz/FreeRTOS/FreeRTOS/Source/stream_buffer.c,1331,1356,1,-1,-1,StreamBufferHandle_t xStreamBuffer
xStreamBufferIsFull,xStreamBufferIsFull,BaseType_t(StreamBufferHandle_t),/home/zwz/FreeRTOS/FreeRTOS/Source/stream_buffer.c,1359,1395,1,-1,-1,StreamBufferHandle_t xStreamBuffer
xStreamBufferSendCompletedFromISR,xStreamBufferSendCompletedFromISR,"BaseType_t(StreamBufferHandle_t,BaseType_t*)",/home/zwz/FreeRTOS/FreeRTOS/Source/stream_buffer.c,1398,1434,1,-1,-1,"StreamBufferHandle_t xStreamBuffer, BaseType_t* pxHigherPriorityTaskWoken"
xStreamBufferReceiveCompletedFromISR,xStreamBufferReceiveCompletedFromISR,"BaseType_t(StreamBufferHandle_t,BaseType_t*)",/home/zwz/FreeRTOS/FreeRTOS/Source/stream_buffer.c,1437,1473,1,-1,-1,"StreamBufferHandle_t xStreamBuffer, BaseType_t* pxHigherPriorityTaskWoken"
prvWriteBytesToBuffer,prvWriteBytesToBuffer,"size_t(StreamBuffer_t*,uint8_t*,size_t,size_t)",/home/zwz/FreeRTOS/FreeRTOS/Source/stream_buffer.c,1476,1519,1,-1,-1,"StreamBuffer_t* pxStreamBuffer, uint8_t* pucData, size_t xCount, size_t xHead"
prvReadBytesFromBuffer,prvReadBytesFromBuffer,"size_t(StreamBuffer_t*,uint8_t*,size_t,size_t)",/home/zwz/FreeRTOS/FreeRTOS/Source/stream_buffer.c,1522,1563,1,-1,-1,"StreamBuffer_t* pxStreamBuffer, uint8_t* pucData, size_t xCount, size_t xTail"
prvBytesInBuffer,prvBytesInBuffer,size_t(StreamBuffer_t*),/home/zwz/FreeRTOS/FreeRTOS/Source/stream_buffer.c,1566,1584,1,-1,-1,StreamBuffer_t* pxStreamBuffer
prvInitialiseNewStreamBuffer,prvInitialiseNewStreamBuffer,"void(StreamBuffer_t*,uint8_t*,size_t,size_t,uint8_t,StreamBufferCallbackFunction_t,StreamBufferCallbackFunction_t)",/home/zwz/FreeRTOS/FreeRTOS/Source/stream_buffer.c,1587,1632,1,-1,-1,"StreamBuffer_t* pxStreamBuffer, uint8_t* pucBuffer, size_t xBufferSizeBytes, size_t xTriggerLevelBytes, uint8_t ucFlags, StreamBufferCallbackFunction_t pxSendCompletedCallback, StreamBufferCallbackFunction_t pxReceiveCompletedCallback"
uxStreamBufferGetStreamBufferNotificationIndex,uxStreamBufferGetStreamBufferNotificationIndex,UBaseType_t(StreamBufferHandle_t),/home/zwz/FreeRTOS/FreeRTOS/Source/stream_buffer.c,1635,1646,1,-1,-1,StreamBufferHandle_t xStreamBuffer
vStreamBufferSetStreamBufferNotificationIndex,vStreamBufferSetStreamBufferNotificationIndex,"void(StreamBufferHandle_t,UBaseType_t)",/home/zwz/FreeRTOS/FreeRTOS/Source/stream_buffer.c,1649,1668,1,-1,-1,"StreamBufferHandle_t xStreamBuffer, UBaseType_t uxNotificationIndex"
uxStreamBufferGetStreamBufferNumber,uxStreamBufferGetStreamBufferNumber,UBaseType_t(StreamBufferHandle_t),/home/zwz/FreeRTOS/FreeRTOS/Source/stream_buffer.c,1673,1680,5,-1,-1,StreamBufferHandle_t xStreamBuffer
vStreamBufferSetStreamBufferNumber,vStreamBufferSetStreamBufferNumber,"void(StreamBufferHandle_t,UBaseType_t)",/home/zwz/FreeRTOS/FreeRTOS/Source/stream_buffer.c,1687,1695,5,-1,-1,"StreamBufferHandle_t xStreamBuffer, UBaseType_t uxStreamBufferNumber"
ucStreamBufferGetStreamBufferType,ucStreamBufferGetStreamBufferType,uint8_t(StreamBufferHandle_t),/home/zwz/FreeRTOS/FreeRTOS/Source/stream_buffer.c,1702,1709,5,-1,-1,StreamBufferHandle_t xStreamBuffer
<global>,/home/zwz/FreeRTOS/FreeRTOS/Source/portable/Common/mpu_wrappers.c:<global>,,/home/zwz/FreeRTOS/FreeRTOS/Source/portable/Common/mpu_wrappers.c,1,2581,1,-1,-1,
<global>,/home/zwz/FreeRTOS/FreeRTOS/Source/queue.c:<global>,,/home/zwz/FreeRTOS/FreeRTOS/Source/queue.c,1,3394,1,-1,-1,
xQueueGenericReset,xQueueGenericReset,"BaseType_t(QueueHandle_t,BaseType_t)",/home/zwz/FreeRTOS/FreeRTOS/Source/queue.c,303,371,1,-1,-1,"QueueHandle_t xQueue, BaseType_t xNewQueue"
xQueueGenericCreateStatic,xQueueGenericCreateStatic,"QueueHandle_t(UBaseType_t,UBaseType_t,uint8_t*,StaticQueue_t*,uint8_t)",/home/zwz/FreeRTOS/FreeRTOS/Source/queue.c,376,439,5,-1,-1,"UBaseType_t uxQueueLength, UBaseType_t uxItemSize, uint8_t* pucQueueStorage, StaticQueue_t* pxStaticQueue, uint8_t ucQueueType"
xQueueGenericGetStaticBuffers,xQueueGenericGetStaticBuffers,"BaseType_t(QueueHandle_t,uint8_t**,StaticQueue_t**)",/home/zwz/FreeRTOS/FreeRTOS/Source/queue.c,446,495,5,-1,-1,"QueueHandle_t xQueue, uint8_t** ppucQueueStorage, StaticQueue_t** ppxStaticQueue"
xQueueGenericCreate,xQueueGenericCreate,"QueueHandle_t(UBaseType_t,UBaseType_t,uint8_t)",/home/zwz/FreeRTOS/FreeRTOS/Source/queue.c,502,564,5,-1,-1,"UBaseType_t uxQueueLength, UBaseType_t uxItemSize, uint8_t ucQueueType"
prvInitialiseNewQueue,prvInitialiseNewQueue,"void(UBaseType_t,UBaseType_t,uint8_t*,uint8_t,Queue_t*)",/home/zwz/FreeRTOS/FreeRTOS/Source/queue.c,569,612,1,-1,-1,"UBaseType_t uxQueueLength, UBaseType_t uxItemSize, uint8_t* pucQueueStorage, uint8_t ucQueueType, Queue_t* pxNewQueue"
prvInitialiseMutex,prvInitialiseMutex,void(Queue_t*),/home/zwz/FreeRTOS/FreeRTOS/Source/queue.c,617,640,5,-1,-1,Queue_t* pxNewQueue
xQueueCreateMutex,xQueueCreateMutex,QueueHandle_t(uint8_t),/home/zwz/FreeRTOS/FreeRTOS/Source/queue.c,647,660,5,-1,-1,uint8_t ucQueueType
xQueueCreateMutexStatic,xQueueCreateMutexStatic,"QueueHandle_t(uint8_t,StaticQueue_t*)",/home/zwz/FreeRTOS/FreeRTOS/Source/queue.c,667,685,5,-1,-1,"uint8_t ucQueueType, StaticQueue_t* pxStaticQueue"
xQueueGetMutexHolder,xQueueGetMutexHolder,TaskHandle_t(QueueHandle_t),/home/zwz/FreeRTOS/FreeRTOS/Source/queue.c,692,722,5,-1,-1,QueueHandle_t xSemaphore
xQueueGetMutexHolderFromISR,xQueueGetMutexHolderFromISR,TaskHandle_t(QueueHandle_t),/home/zwz/FreeRTOS/FreeRTOS/Source/queue.c,729,752,5,-1,-1,QueueHandle_t xSemaphore
xQueueGiveMutexRecursive,xQueueGiveMutexRecursive,BaseType_t(QueueHandle_t),/home/zwz/FreeRTOS/FreeRTOS/Source/queue.c,759,811,5,-1,-1,QueueHandle_t xMutex
xQueueTakeMutexRecursive,xQueueTakeMutexRecursive,"BaseType_t(QueueHandle_t,TickType_t)",/home/zwz/FreeRTOS/FreeRTOS/Source/queue.c,818,865,5,-1,-1,"QueueHandle_t xMutex, TickType_t xTicksToWait"
xQueueCreateCountingSemaphoreStatic,xQueueCreateCountingSemaphoreStatic,"QueueHandle_t(UBaseType_t,UBaseType_t,StaticQueue_t*)",/home/zwz/FreeRTOS/FreeRTOS/Source/queue.c,872,905,5,-1,-1,"UBaseType_t uxMaxCount, UBaseType_t uxInitialCount, StaticQueue_t* pxStaticQueue"
xQueueCreateCountingSemaphore,xQueueCreateCountingSemaphore,"QueueHandle_t(UBaseType_t,UBaseType_t)",/home/zwz/FreeRTOS/FreeRTOS/Source/queue.c,912,944,5,-1,-1,"UBaseType_t uxMaxCount, UBaseType_t uxInitialCount"
xQueueGenericSend,xQueueGenericSend,"BaseType_t(QueueHandle_t,void*,TickType_t,BaseType_t)",/home/zwz/FreeRTOS/FreeRTOS/Source/queue.c,949,1164,1,-1,-1,"QueueHandle_t xQueue, void* pvItemToQueue, TickType_t xTicksToWait, BaseType_t xCopyPosition"
xQueueGenericSendFromISR,xQueueGenericSendFromISR,"BaseType_t(QueueHandle_t,void*,BaseType_t*,BaseType_t)",/home/zwz/FreeRTOS/FreeRTOS/Source/queue.c,1167,1336,1,-1,-1,"QueueHandle_t xQueue, void* pvItemToQueue, BaseType_t* pxHigherPriorityTaskWoken, BaseType_t xCopyPosition"
xQueueGiveFromISR,xQueueGiveFromISR,"BaseType_t(QueueHandle_t,BaseType_t*)",/home/zwz/FreeRTOS/FreeRTOS/Source/queue.c,1339,1509,1,-1,-1,"QueueHandle_t xQueue, BaseType_t* pxHigherPriorityTaskWoken"
xQueueReceive,xQueueReceive,"BaseType_t(QueueHandle_t,void*,TickType_t)",/home/zwz/FreeRTOS/FreeRTOS/Source/queue.c,1512,1659,1,-1,-1,"QueueHandle_t xQueue, void* pvBuffer, TickType_t xTicksToWait"
xQueueSemaphoreTake,xQueueSemaphoreTake,"BaseType_t(QueueHandle_t,TickType_t)",/home/zwz/FreeRTOS/FreeRTOS/Source/queue.c,1662,1884,1,-1,-1,"QueueHandle_t xQueue, TickType_t xTicksToWait"
xQueuePeek,xQueuePeek,"BaseType_t(QueueHandle_t,void*,TickType_t)",/home/zwz/FreeRTOS/FreeRTOS/Source/queue.c,1887,2042,1,-1,-1,"QueueHandle_t xQueue, void* pvBuffer, TickType_t xTicksToWait"
xQueueReceiveFromISR,xQueueReceiveFromISR,"BaseType_t(QueueHandle_t,void*,BaseType_t*)",/home/zwz/FreeRTOS/FreeRTOS/Source/queue.c,2045,2142,1,-1,-1,"QueueHandle_t xQueue, void* pvBuffer, BaseType_t* pxHigherPriorityTaskWoken"
xQueuePeekFromISR,xQueuePeekFromISR,"BaseType_t(QueueHandle_t,void*)",/home/zwz/FreeRTOS/FreeRTOS/Source/queue.c,2145,2204,1,-1,-1,"QueueHandle_t xQueue, void* pvBuffer"
uxQueueMessagesWaiting,uxQueueMessagesWaiting,UBaseType_t(QueueHandle_t),/home/zwz/FreeRTOS/FreeRTOS/Source/queue.c,2207,2224,1,-1,-1,QueueHandle_t xQueue
uxQueueSpacesAvailable,uxQueueSpacesAvailable,UBaseType_t(QueueHandle_t),/home/zwz/FreeRTOS/FreeRTOS/Source/queue.c,2227,2245,1,-1,-1,QueueHandle_t xQueue
uxQueueMessagesWaitingFromISR,uxQueueMessagesWaitingFromISR,UBaseType_t(QueueHandle_t),/home/zwz/FreeRTOS/FreeRTOS/Source/queue.c,2248,2261,1,-1,-1,QueueHandle_t xQueue
vQueueDelete,vQueueDelete,void(QueueHandle_t),/home/zwz/FreeRTOS/FreeRTOS/Source/queue.c,2264,2307,1,-1,-1,QueueHandle_t xQueue
uxQueueGetQueueNumber,uxQueueGetQueueNumber,UBaseType_t(QueueHandle_t),/home/zwz/FreeRTOS/FreeRTOS/Source/queue.c,2312,2319,5,-1,-1,QueueHandle_t xQueue
vQueueSetQueueNumber,vQueueSetQueueNumber,"void(QueueHandle_t,UBaseType_t)",/home/zwz/FreeRTOS/FreeRTOS/Source/queue.c,2326,2334,5,-1,-1,"QueueHandle_t xQueue, UBaseType_t uxQueueNumber"
ucQueueGetQueueType,ucQueueGetQueueType,uint8_t(QueueHandle_t),/home/zwz/FreeRTOS/FreeRTOS/Source/queue.c,2341,2348,5,-1,-1,QueueHandle_t xQueue
uxQueueGetQueueItemSize,uxQueueGetQueueItemSize,UBaseType_t(QueueHandle_t),/home/zwz/FreeRTOS/FreeRTOS/Source/queue.c,2353,2360,1,-1,-1,QueueHandle_t xQueue
uxQueueGetQueueLength,uxQueueGetQueueLength,UBaseType_t(QueueHandle_t),/home/zwz/FreeRTOS/FreeRTOS/Source/queue.c,2363,2370,1,-1,-1,QueueHandle_t xQueue
prvGetHighestPriorityOfWaitToReceiveList,prvGetHighestPriorityOfWaitToReceiveList,UBaseType_t(Queue_t*),/home/zwz/FreeRTOS/FreeRTOS/Source/queue.c,2375,2395,5,-1,-1,Queue_t* pxQueue
prvCopyDataToQueue,prvCopyDataToQueue,"BaseType_t(Queue_t*,void*,BaseType_t)",/home/zwz/FreeRTOS/FreeRTOS/Source/queue.c,2400,2480,1,-1,-1,"Queue_t* pxQueue, void* pvItemToQueue, BaseType_t xPosition"
prvCopyDataFromQueue,prvCopyDataFromQueue,"void(Queue_t*,void*)",/home/zwz/FreeRTOS/FreeRTOS/Source/queue.c,2483,2501,1,-1,-1,"Queue_t* pxQueue, void* pvBuffer"
prvUnlockQueue,prvUnlockQueue,void(Queue_t*),/home/zwz/FreeRTOS/FreeRTOS/Source/queue.c,2504,2621,1,-1,-1,Queue_t* pxQueue
prvIsQueueEmpty,prvIsQueueEmpty,BaseType_t(Queue_t*),/home/zwz/FreeRTOS/FreeRTOS/Source/queue.c,2624,2642,1,-1,-1,Queue_t* pxQueue
xQueueIsQueueEmptyFromISR,xQueueIsQueueEmptyFromISR,BaseType_t(QueueHandle_t),/home/zwz/FreeRTOS/FreeRTOS/Source/queue.c,2645,2666,1,-1,-1,QueueHandle_t xQueue
prvIsQueueFull,prvIsQueueFull,BaseType_t(Queue_t*),/home/zwz/FreeRTOS/FreeRTOS/Source/queue.c,2669,2687,1,-1,-1,Queue_t* pxQueue
xQueueIsQueueFullFromISR,xQueueIsQueueFullFromISR,BaseType_t(QueueHandle_t),/home/zwz/FreeRTOS/FreeRTOS/Source/queue.c,2690,2711,1,-1,-1,QueueHandle_t xQueue
vQueueAddToRegistry,vQueueAddToRegistry,"void(QueueHandle_t,char*)",/home/zwz/FreeRTOS/FreeRTOS/Source/queue.c,3019,3063,5,-1,-1,"QueueHandle_t xQueue, char* pcQueueName"
pcQueueGetName,pcQueueGetName,char*(QueueHandle_t),/home/zwz/FreeRTOS/FreeRTOS/Source/queue.c,3070,3098,5,-1,-1,QueueHandle_t xQueue
vQueueUnregisterQueue,vQueueUnregisterQueue,void(QueueHandle_t),/home/zwz/FreeRTOS/FreeRTOS/Source/queue.c,3105,3135,5,-1,-1,QueueHandle_t xQueue
vQueueWaitForMessageRestricted,vQueueWaitForMessageRestricted,"void(QueueHandle_t,TickType_t,BaseType_t)",/home/zwz/FreeRTOS/FreeRTOS/Source/queue.c,3142,3179,5,-1,-1,"QueueHandle_t xQueue, TickType_t xTicksToWait, BaseType_t xWaitIndefinitely"
prvROAccessTask,prvROAccessTask,void(void*),mpu_demo.c,86,179,1,-1,-1,void* pvParameters
<global>,mpu_demo.c:<global>,,mpu_demo.c,1,319,1,-1,-1,
prvRWAccessTask,prvRWAccessTask,void(void*),mpu_demo.c,183,197,1,-1,-1,void* pvParameters
vStartMPUDemo,vStartMPUDemo,void(void),mpu_demo.c,201,253,1,-1,-1,void
vHandleMemoryFault,vHandleMemoryFault,void(uint32_t*),mpu_demo.c,256,318,1,-1,-1,uint32_t* pulFaultStackAddress
<clinit>,tskTaskControlBlock.<clinit>,,/home/zwz/FreeRTOS/FreeRTOS/Source/tasks.c,374,452,1,-1,-1,
<global>,/home/zwz/FreeRTOS/FreeRTOS/Source/tasks.c:<global>,,/home/zwz/FreeRTOS/FreeRTOS/Source/tasks.c,1,8861,1,-1,-1,
prvCreateStaticTask,prvCreateStaticTask,"TCB_t(TaskFunction_t,char*,StackType_t,void*,UBaseType_t,StackType_t*,StaticTask_t*,TaskHandle_t*)",/home/zwz/FreeRTOS/FreeRTOS/Source/tasks.c,1276,1328,5,-1,-1,"TaskFunction_t pxTaskCode, char* pcName, StackType_t uxStackDepth, void* pvParameters, UBaseType_t uxPriority, StackType_t* puxStackBuffer, StaticTask_t* pxTaskBuffer, TaskHandle_t* pxCreatedTask"
xTaskCreateStatic,xTaskCreateStatic,"TaskHandle_t(TaskFunction_t,char*,StackType_t,void*,UBaseType_t,StackType_t*,StaticTask_t*)",/home/zwz/FreeRTOS/FreeRTOS/Source/tasks.c,1331,1365,5,-1,-1,"TaskFunction_t pxTaskCode, char* pcName, StackType_t uxStackDepth, void* pvParameters, UBaseType_t uxPriority, StackType_t* puxStackBuffer, StaticTask_t* pxTaskBuffer"
prvCreateRestrictedStaticTask,prvCreateRestrictedStaticTask,"TCB_t(TaskParameters_t*,TaskHandle_t*)",/home/zwz/FreeRTOS/FreeRTOS/Source/tasks.c,1407,1448,5,-1,-1,"TaskParameters_t* pxTaskDefinition, TaskHandle_t* pxCreatedTask"
xTaskCreateRestrictedStatic,xTaskCreateRestrictedStatic,"BaseType_t(TaskParameters_t*,TaskHandle_t*)",/home/zwz/FreeRTOS/FreeRTOS/Source/tasks.c,1451,1483,5,-1,-1,"TaskParameters_t* pxTaskDefinition, TaskHandle_t* pxCreatedTask"
prvCreateRestrictedTask,prvCreateRestrictedTask,"TCB_t(TaskParameters_t*,TaskHandle_t*)",/home/zwz/FreeRTOS/FreeRTOS/Source/tasks.c,1523,1568,5,-1,-1,"TaskParameters_t* pxTaskDefinition, TaskHandle_t* pxCreatedTask"
xTaskCreateRestricted,xTaskCreateRestricted,"BaseType_t(TaskParameters_t*,TaskHandle_t*)",/home/zwz/FreeRTOS/FreeRTOS/Source/tasks.c,1571,1602,5,-1,-1,"TaskParameters_t* pxTaskDefinition, TaskHandle_t* pxCreatedTask"
prvCreateTask,prvCreateTask,"TCB_t(TaskFunction_t,char*,StackType_t,void*,UBaseType_t,TaskHandle_t*)",/home/zwz/FreeRTOS/FreeRTOS/Source/tasks.c,1642,1737,5,-1,-1,"TaskFunction_t pxTaskCode, char* pcName, StackType_t uxStackDepth, void* pvParameters, UBaseType_t uxPriority, TaskHandle_t* pxCreatedTask"
xTaskCreate,xTaskCreate,"BaseType_t(TaskFunction_t,char*,StackType_t,void*,UBaseType_t,TaskHandle_t*)",/home/zwz/FreeRTOS/FreeRTOS/Source/tasks.c,1740,1774,5,-1,-1,"TaskFunction_t pxTaskCode, char* pcName, StackType_t uxStackDepth, void* pvParameters, UBaseType_t uxPriority, TaskHandle_t* pxCreatedTask"
prvInitialiseNewTask,prvInitialiseNewTask,"void(TaskFunction_t,char*,StackType_t,void*,UBaseType_t,TaskHandle_t*,TCB_t*,MemoryRegion_t*)",/home/zwz/FreeRTOS/FreeRTOS/Source/tasks.c,1815,2036,1,-1,-1,"TaskFunction_t pxTaskCode, char* pcName, StackType_t uxStackDepth, void* pvParameters, UBaseType_t uxPriority, TaskHandle_t* pxCreatedTask, TCB_t* pxNewTCB, MemoryRegion_t* xRegions"
prvAddNewTaskToReadyList,prvAddNewTaskToReadyList,void(TCB_t*),/home/zwz/FreeRTOS/FreeRTOS/Source/tasks.c,2041,2115,5,-1,-1,TCB_t* pxNewTCB
vTaskDelete,vTaskDelete,void(TaskHandle_t),/home/zwz/FreeRTOS/FreeRTOS/Source/tasks.c,2213,2359,5,-1,-1,TaskHandle_t xTaskToDelete
xTaskDelayUntil,xTaskDelayUntil,"BaseType_t(TickType_t*,TickType_t)",/home/zwz/FreeRTOS/FreeRTOS/Source/tasks.c,2366,2451,5,-1,-1,"TickType_t* pxPreviousWakeTime, TickType_t xTimeIncrement"
vTaskDelay,vTaskDelay,void(TickType_t),/home/zwz/FreeRTOS/FreeRTOS/Source/tasks.c,2458,2501,5,-1,-1,TickType_t xTicksToDelay
eTaskGetState,eTaskGetState,eTaskState(TaskHandle_t),/home/zwz/FreeRTOS/FreeRTOS/Source/tasks.c,2508,2633,5,-1,-1,TaskHandle_t xTask
uxTaskPriorityGet,uxTaskPriorityGet,UBaseType_t(TaskHandle_t),/home/zwz/FreeRTOS/FreeRTOS/Source/tasks.c,2640,2661,5,-1,-1,TaskHandle_t xTask
uxTaskPriorityGetFromISR,uxTaskPriorityGetFromISR,UBaseType_t(TaskHandle_t),/home/zwz/FreeRTOS/FreeRTOS/Source/tasks.c,2668,2711,5,-1,-1,TaskHandle_t xTask
uxTaskBasePriorityGet,uxTaskBasePriorityGet,UBaseType_t(TaskHandle_t),/home/zwz/FreeRTOS/FreeRTOS/Source/tasks.c,2718,2739,5,-1,-1,TaskHandle_t xTask
uxTaskBasePriorityGetFromISR,uxTaskBasePriorityGetFromISR,UBaseType_t(TaskHandle_t),/home/zwz/FreeRTOS/FreeRTOS/Source/tasks.c,2746,2789,5,-1,-1,TaskHandle_t xTask
vTaskPrioritySet,vTaskPrioritySet,"void(TaskHandle_t,UBaseType_t)",/home/zwz/FreeRTOS/FreeRTOS/Source/tasks.c,2796,3004,5,-1,-1,"TaskHandle_t xTask, UBaseType_t uxNewPriority"
vTaskSuspend,vTaskSuspend,void(TaskHandle_t),/home/zwz/FreeRTOS/FreeRTOS/Source/tasks.c,3149,3305,5,-1,-1,TaskHandle_t xTaskToSuspend
prvTaskIsTaskSuspended,prvTaskIsTaskSuspended,BaseType_t(TaskHandle_t),/home/zwz/FreeRTOS/FreeRTOS/Source/tasks.c,3312,3375,5,-1,-1,TaskHandle_t xTask
vTaskResume,vTaskResume,void(TaskHandle_t),/home/zwz/FreeRTOS/FreeRTOS/Source/tasks.c,3382,3435,5,-1,-1,TaskHandle_t xTaskToResume
xTaskResumeFromISR,xTaskResumeFromISR,BaseType_t(TaskHandle_t),/home/zwz/FreeRTOS/FreeRTOS/Source/tasks.c,3443,3535,5,-1,-1,TaskHandle_t xTaskToResume
prvCreateIdleTasks,prvCreateIdleTasks,BaseType_t(void),/home/zwz/FreeRTOS/FreeRTOS/Source/tasks.c,3540,3685,1,-1,-1,void
vTaskStartScheduler,vTaskStartScheduler,void(void),/home/zwz/FreeRTOS/FreeRTOS/Source/tasks.c,3689,3791,1,-1,-1,void
vTaskEndScheduler,vTaskEndScheduler,void(void),/home/zwz/FreeRTOS/FreeRTOS/Source/tasks.c,3794,3834,1,-1,-1,void
vTaskSuspendAll,vTaskSuspendAll,void(void),/home/zwz/FreeRTOS/FreeRTOS/Source/tasks.c,3837,3943,1,-1,-1,void
xTaskResumeAll,xTaskResumeAll,BaseType_t(void),/home/zwz/FreeRTOS/FreeRTOS/Source/tasks.c,4011,4157,1,-1,-1,void
xTaskGetTickCount,xTaskGetTickCount,TickType_t(void),/home/zwz/FreeRTOS/FreeRTOS/Source/tasks.c,4160,4176,1,-1,-1,void
xTaskGetTickCountFromISR,xTaskGetTickCountFromISR,TickType_t(void),/home/zwz/FreeRTOS/FreeRTOS/Source/tasks.c,4179,4211,1,-1,-1,void
uxTaskGetNumberOfTasks,uxTaskGetNumberOfTasks,UBaseType_t(void),/home/zwz/FreeRTOS/FreeRTOS/Source/tasks.c,4214,4223,1,-1,-1,void
pcTaskGetName,pcTaskGetName,char*(TaskHandle_t),/home/zwz/FreeRTOS/FreeRTOS/Source/tasks.c,4226,4240,1,-1,-1,TaskHandle_t xTaskToQuery
prvSearchForNameWithinSingleList,prvSearchForNameWithinSingleList,"TCB_t(List_t*,char[])",/home/zwz/FreeRTOS/FreeRTOS/Source/tasks.c,4244,4310,5,-1,-1,"List_t* pxList, char[] pcNameToQuery"
xTaskGetHandle,xTaskGetHandle,TaskHandle_t(char*),/home/zwz/FreeRTOS/FreeRTOS/Source/tasks.c,4317,4378,5,-1,-1,char* pcNameToQuery
xTaskGetStaticBuffers,xTaskGetStaticBuffers,"BaseType_t(TaskHandle_t,StackType_t**,StaticTask_t**)",/home/zwz/FreeRTOS/FreeRTOS/Source/tasks.c,4385,4433,5,-1,-1,"TaskHandle_t xTask, StackType_t** ppuxStackBuffer, StaticTask_t** ppxTaskBuffer"
uxTaskGetSystemState,uxTaskGetSystemState,"UBaseType_t(TaskStatus_t*,UBaseType_t,uint32_t*)",/home/zwz/FreeRTOS/FreeRTOS/Source/tasks.c,4440,4512,5,-1,-1,"TaskStatus_t* pxTaskStatusArray, UBaseType_t uxArraySize, uint32_t* pulTotalRunTime"
xTaskGetIdleTaskHandle,xTaskGetIdleTaskHandle,TaskHandle_t(void),/home/zwz/FreeRTOS/FreeRTOS/Source/tasks.c,4520,4531,9,-1,-1,void
xTaskGetIdleTaskHandleForCore,xTaskGetIdleTaskHandleForCore,TaskHandle_t(BaseType_t),/home/zwz/FreeRTOS/FreeRTOS/Source/tasks.c,4534,4548,5,-1,-1,BaseType_t xCoreID
xTaskCatchUpTicks,xTaskCatchUpTicks,BaseType_t(TickType_t),/home/zwz/FreeRTOS/FreeRTOS/Source/tasks.c,4601,4626,1,-1,-1,TickType_t xTicksToCatchUp
xTaskAbortDelay,xTaskAbortDelay,BaseType_t(TaskHandle_t),/home/zwz/FreeRTOS/FreeRTOS/Source/tasks.c,4631,4720,5,-1,-1,TaskHandle_t xTask
xTaskIncrementTick,xTaskIncrementTick,BaseType_t(void),/home/zwz/FreeRTOS/FreeRTOS/Source/tasks.c,4725,4972,1,-1,-1,void
vTaskSwitchContext,vTaskSwitchContext,void(void),/home/zwz/FreeRTOS/FreeRTOS/Source/tasks.c,5109,5192,5,-1,-1,void
vTaskPlaceOnEventList,vTaskPlaceOnEventList,"void(List_t*,TickType_t)",/home/zwz/FreeRTOS/FreeRTOS/Source/tasks.c,5296,5322,1,-1,-1,"List_t* pxEventList, TickType_t xTicksToWait"
vTaskPlaceOnUnorderedEventList,vTaskPlaceOnUnorderedEventList,"void(List_t*,TickType_t,TickType_t)",/home/zwz/FreeRTOS/FreeRTOS/Source/tasks.c,5325,5352,1,-1,-1,"List_t* pxEventList, TickType_t xItemValue, TickType_t xTicksToWait"
vTaskPlaceOnEventListRestricted,vTaskPlaceOnEventListRestricted,"void(List_t*,TickType_t,BaseType_t)",/home/zwz/FreeRTOS/FreeRTOS/Source/tasks.c,5357,5389,5,-1,-1,"List_t* pxEventList, TickType_t xTicksToWait, BaseType_t xWaitIndefinitely"
xTaskRemoveFromEventList,xTaskRemoveFromEventList,BaseType_t(List_t*),/home/zwz/FreeRTOS/FreeRTOS/Source/tasks.c,5394,5484,1,-1,-1,List_t* pxEventList
vTaskRemoveFromUnorderedEventList,vTaskRemoveFromUnorderedEventList,"void(ListItem_t*,TickType_t)",/home/zwz/FreeRTOS/FreeRTOS/Source/tasks.c,5487,5556,1,-1,-1,"ListItem_t* pxEventListItem, TickType_t xItemValue"
vTaskSetTimeOutState,vTaskSetTimeOutState,void(TimeOut_t*),/home/zwz/FreeRTOS/FreeRTOS/Source/tasks.c,5559,5572,1,-1,-1,TimeOut_t* pxTimeOut
vTaskInternalSetTimeOutState,vTaskInternalSetTimeOutState,void(TimeOut_t*),/home/zwz/FreeRTOS/FreeRTOS/Source/tasks.c,5575,5584,1,-1,-1,TimeOut_t* pxTimeOut
xTaskCheckForTimeOut,xTaskCheckForTimeOut,"BaseType_t(TimeOut_t*,TickType_t*)",/home/zwz/FreeRTOS/FreeRTOS/Source/tasks.c,5587,5653,1,-1,-1,"TimeOut_t* pxTimeOut, TickType_t* pxTicksToWait"
vTaskMissedYield,vTaskMissedYield,void(void),/home/zwz/FreeRTOS/FreeRTOS/Source/tasks.c,5656,5664,1,-1,-1,void
uxTaskGetTaskNumber,uxTaskGetTaskNumber,UBaseType_t(TaskHandle_t),/home/zwz/FreeRTOS/FreeRTOS/Source/tasks.c,5669,5689,5,-1,-1,TaskHandle_t xTask
vTaskSetTaskNumber,vTaskSetTaskNumber,"void(TaskHandle_t,UBaseType_t)",/home/zwz/FreeRTOS/FreeRTOS/Source/tasks.c,5696,5710,5,-1,-1,"TaskHandle_t xTask, UBaseType_t uxHandle"
prvIdleTask,prvIdleTask,void(void*),/home/zwz/FreeRTOS/FreeRTOS/Source/tasks.c,5801,5932,1,-1,-1,void* pvParameters
vTaskAllocateMPURegions,vTaskAllocateMPURegions,"void(TaskHandle_t,MemoryRegion_t*)",/home/zwz/FreeRTOS/FreeRTOS/Source/tasks.c,6047,6062,5,-1,-1,"TaskHandle_t xTaskToModify, MemoryRegion_t* pxRegions"
prvInitialiseTaskLists,prvInitialiseTaskLists,void(void),/home/zwz/FreeRTOS/FreeRTOS/Source/tasks.c,6067,6096,1,-1,-1,void
prvCheckTasksWaitingTermination,prvCheckTasksWaitingTermination,void(void),/home/zwz/FreeRTOS/FreeRTOS/Source/tasks.c,6099,6172,1,-1,-1,void
vTaskGetInfo,vTaskGetInfo,"void(TaskHandle_t,TaskStatus_t*,BaseType_t,eTaskState)",/home/zwz/FreeRTOS/FreeRTOS/Source/tasks.c,6177,6318,5,-1,-1,"TaskHandle_t xTask, TaskStatus_t* pxTaskStatus, BaseType_t xGetFreeStackSpace, eTaskState eState"
prvListTasksWithinSingleList,prvListTasksWithinSingleList,"UBaseType_t(TaskStatus_t*,List_t*,eTaskState)",/home/zwz/FreeRTOS/FreeRTOS/Source/tasks.c,6325,6357,5,-1,-1,"TaskStatus_t* pxTaskStatusArray, List_t* pxList, eTaskState eState"
prvTaskCheckFreeStackSpace,prvTaskCheckFreeStackSpace,StackType_t(uint8_t*),/home/zwz/FreeRTOS/FreeRTOS/Source/tasks.c,6364,6377,5,-1,-1,uint8_t* pucStackByte
uxTaskGetStackHighWaterMark2,uxTaskGetStackHighWaterMark2,StackType_t(TaskHandle_t),/home/zwz/FreeRTOS/FreeRTOS/Source/tasks.c,6389,6422,5,-1,-1,TaskHandle_t xTask
uxTaskGetStackHighWaterMark,uxTaskGetStackHighWaterMark,UBaseType_t(TaskHandle_t),/home/zwz/FreeRTOS/FreeRTOS/Source/tasks.c,6429,6455,5,-1,-1,TaskHandle_t xTask
prvDeleteTCB,prvDeleteTCB,void(TCB_t*),/home/zwz/FreeRTOS/FreeRTOS/Source/tasks.c,6462,6510,5,-1,-1,TCB_t* pxTCB
prvResetNextTaskUnblockTime,prvResetNextTaskUnblockTime,void(void),/home/zwz/FreeRTOS/FreeRTOS/Source/tasks.c,6515,6533,1,-1,-1,void
xTaskGetCurrentTaskHandle,xTaskGetCurrentTaskHandle,TaskHandle_t(void),/home/zwz/FreeRTOS/FreeRTOS/Source/tasks.c,6539,6553,9,-1,-1,void
xTaskGetCurrentTaskHandleForCore,xTaskGetCurrentTaskHandleForCore,TaskHandle_t(BaseType_t),/home/zwz/FreeRTOS/FreeRTOS/Source/tasks.c,6574,6592,5,-1,-1,BaseType_t xCoreID
xTaskGetSchedulerState,xTaskGetSchedulerState,BaseType_t(void),/home/zwz/FreeRTOS/FreeRTOS/Source/tasks.c,6599,6632,5,-1,-1,void
xTaskPriorityInherit,xTaskPriorityInherit,BaseType_t(TaskHandle_t),/home/zwz/FreeRTOS/FreeRTOS/Source/tasks.c,6639,6735,5,-1,-1,TaskHandle_t pxMutexHolder
xTaskPriorityDisinherit,xTaskPriorityDisinherit,BaseType_t(TaskHandle_t),/home/zwz/FreeRTOS/FreeRTOS/Source/tasks.c,6742,6829,5,-1,-1,TaskHandle_t pxMutexHolder
vTaskPriorityDisinheritAfterTimeout,vTaskPriorityDisinheritAfterTimeout,"void(TaskHandle_t,UBaseType_t)",/home/zwz/FreeRTOS/FreeRTOS/Source/tasks.c,6836,6949,5,-1,-1,"TaskHandle_t pxMutexHolder, UBaseType_t uxHighestPriorityWaitingTask"
uxTaskResetEventItemValue,uxTaskResetEventItemValue,TickType_t(void),/home/zwz/FreeRTOS/FreeRTOS/Source/tasks.c,7646,7661,1,-1,-1,void
pvTaskIncrementMutexHeldCount,pvTaskIncrementMutexHeldCount,TaskHandle_t(void),/home/zwz/FreeRTOS/FreeRTOS/Source/tasks.c,7666,7684,5,-1,-1,void
ulTaskGenericNotifyTake,ulTaskGenericNotifyTake,"uint32_t(UBaseType_t,BaseType_t,TickType_t)",/home/zwz/FreeRTOS/FreeRTOS/Source/tasks.c,7691,7786,5,-1,-1,"UBaseType_t uxIndexToWaitOn, BaseType_t xClearCountOnExit, TickType_t xTicksToWait"
xTaskGenericNotifyWait,xTaskGenericNotifyWait,"BaseType_t(UBaseType_t,uint32_t,uint32_t,uint32_t*,TickType_t)",/home/zwz/FreeRTOS/FreeRTOS/Source/tasks.c,7793,7900,5,-1,-1,"UBaseType_t uxIndexToWaitOn, uint32_t ulBitsToClearOnEntry, uint32_t ulBitsToClearOnExit, uint32_t* pulNotificationValue, TickType_t xTicksToWait"
xTaskGenericNotify,xTaskGenericNotify,"BaseType_t(TaskHandle_t,UBaseType_t,uint32_t,eNotifyAction,uint32_t*)",/home/zwz/FreeRTOS/FreeRTOS/Source/tasks.c,7907,8020,5,-1,-1,"TaskHandle_t xTaskToNotify, UBaseType_t uxIndexToNotify, uint32_t ulValue, eNotifyAction eAction, uint32_t* pulPreviousNotificationValue"
xTaskGenericNotifyFromISR,xTaskGenericNotifyFromISR,"BaseType_t(TaskHandle_t,UBaseType_t,uint32_t,eNotifyAction,uint32_t*,BaseType_t*)",/home/zwz/FreeRTOS/FreeRTOS/Source/tasks.c,8027,8202,5,-1,-1,"TaskHandle_t xTaskToNotify, UBaseType_t uxIndexToNotify, uint32_t ulValue, eNotifyAction eAction, uint32_t* pulPreviousNotificationValue, BaseType_t* pxHigherPriorityTaskWoken"
vTaskGenericNotifyGiveFromISR,vTaskGenericNotifyGiveFromISR,"void(TaskHandle_t,UBaseType_t,BaseType_t*)",/home/zwz/FreeRTOS/FreeRTOS/Source/tasks.c,8209,8334,5,-1,-1,"TaskHandle_t xTaskToNotify, UBaseType_t uxIndexToNotify, BaseType_t* pxHigherPriorityTaskWoken"
xTaskGenericNotifyStateClear,xTaskGenericNotifyStateClear,"BaseType_t(TaskHandle_t,UBaseType_t)",/home/zwz/FreeRTOS/FreeRTOS/Source/tasks.c,8341,8373,5,-1,-1,"TaskHandle_t xTask, UBaseType_t uxIndexToClear"
ulTaskGenericNotifyValueClear,ulTaskGenericNotifyValueClear,"uint32_t(TaskHandle_t,UBaseType_t,uint32_t)",/home/zwz/FreeRTOS/FreeRTOS/Source/tasks.c,8380,8408,5,-1,-1,"TaskHandle_t xTask, UBaseType_t uxIndexToClear, uint32_t ulBitsToClear"
prvAddCurrentTaskToDelayedList,prvAddCurrentTaskToDelayedList,"void(TickType_t,BaseType_t)",/home/zwz/FreeRTOS/FreeRTOS/Source/tasks.c,8579,8695,1,-1,-1,"TickType_t xTicksToWait, BaseType_t xCanBlockIndefinitely"
xTaskGetMPUSettings,xTaskGetMPUSettings,xMPU_SETTINGS(TaskHandle_t),/home/zwz/FreeRTOS/FreeRTOS/Source/tasks.c,8700,8712,5,-1,-1,TaskHandle_t xTask
vTaskResetState,vTaskResetState,void(void),/home/zwz/FreeRTOS/FreeRTOS/Source/tasks.c,8810,8860,1,-1,-1,void
main,main,int(void),main.c,40,44,1,-1,-1,void
<global>,main.c:<global>,,main.c,1,82,1,-1,-1,
vApplicationIdleHook,vApplicationIdleHook,void(void),main.c,48,50,1,-1,-1,void
vApplicationTickHook,vApplicationTickHook,void(void),main.c,53,55,1,-1,-1,void
vAssertCalled,vAssertCalled,void(void),main.c,58,72,1,-1,-1,void
vLoggingPrintf,vLoggingPrintf,"void(char*,...)",main.c,74,82,1,-1,-1,"char* pcFormat, char* <param>2"
app_main,app_main,void(void),app_main.c,43,59,1,-1,-1,void
<global>,app_main.c:<global>,,app_main.c,1,142,1,-1,-1,
vApplicationStackOverflowHook,vApplicationStackOverflowHook,"void(TaskHandle_t,char*)",app_main.c,62,75,1,-1,-1,"TaskHandle_t pxTask, char* pcTaskName"
vApplicationMallocFailedHook,vApplicationMallocFailedHook,void(void),app_main.c,77,87,1,-1,-1,void
vApplicationGetIdleTaskMemory,vApplicationGetIdleTaskMemory,"void(StaticTask_t**,StackType_t**,uint32_t*)",app_main.c,93,114,1,-1,-1,"StaticTask_t** ppxIdleTaskTCBBuffer, StackType_t** ppxIdleTaskStackBuffer, uint32_t* pulIdleTaskStackSize"
vApplicationGetTimerTaskMemory,vApplicationGetTimerTaskMemory,"void(StaticTask_t**,StackType_t**,uint32_t*)",app_main.c,120,141,1,-1,-1,"StaticTask_t** ppxTimerTaskTCBBuffer, StackType_t** ppxTimerTaskStackBuffer, uint32_t* pulTimerTaskStackSize"
<global>,syscall.c:<global>,,syscall.c,1,212,1,-1,-1,
uart_init,uart_init,void(void),syscall.c,51,55,1,-1,-1,void
_fstat,_fstat,int(int),syscall.c,93,97,1,-1,-1,int file
_read,_read,"int(int,char*,int)",syscall.c,104,112,1,-1,-1,"int file, char* buf, int len"
_write,_write,"int(int,char*,int)",syscall.c,122,136,1,-1,-1,"int file, char* buf, int len"
_sbrk,_sbrk,void*(int),syscall.c,144,156,1,-1,-1,int incr
_close,_close,void(int),syscall.c,158,161,1,-1,-1,int fd
_lseek,_lseek,"int(int,int,int)",syscall.c,163,172,1,-1,-1,"int filedes, int offset, int whence"
_isatty,_isatty,int(),syscall.c,174,177,1,-1,-1,
_exit,_exit,void(int),syscall.c,179,194,1,-1,-1,int exit_code
_kill,_kill,"void(pid_t,int)",syscall.c,196,201,1,-1,-1,"pid_t pid, int sig"
_getpid,_getpid,int(void),syscall.c,203,206,1,-1,-1,void
<global>,<includes>:<global>,,<includes>,1,-1,-1,-1,-1,
heapPROTECT_BLOCK_POINTER,/home/zwz/FreeRTOS/FreeRTOS/Source/portable/MemMang/heap_4.c:heapPROTECT_BLOCK_POINTER:ANY(1),ANY(1),/home/zwz/FreeRTOS/FreeRTOS/Source/portable/MemMang/heap_4.c,129,129,5,-1,-1,ANY p1
xQueueSendToBackFromISR,/home/zwz/FreeRTOS/FreeRTOS/Source/include/queue.h:xQueueSendToBackFromISR:ANY(3),ANY(3),/home/zwz/FreeRTOS/FreeRTOS/Source/timers.c,1109,1110,64,-1,-1,"ANY p1, ANY p2, ANY p3"
tskMPU_WRITE_PERMISSION,/home/zwz/FreeRTOS/FreeRTOS/Source/include/task.h:tskMPU_WRITE_PERMISSION:ANY(0),ANY(0),/home/zwz/FreeRTOS/FreeRTOS/Source/portable/GCC/ARM_CM3_MPU/port.c,75,75,59,-1,-1,
mpuMULTIPLY_UINT32_WILL_OVERFLOW,/home/zwz/FreeRTOS/FreeRTOS/Source/portable/Common/mpu_wrappers_v2.c:mpuMULTIPLY_UINT32_WILL_OVERFLOW:ANY(2),ANY(2),/home/zwz/FreeRTOS/FreeRTOS/Source/portable/Common/mpu_wrappers_v2.c,124,124,5,-1,-1,"ANY p1, ANY p2"
tmrCOMMAND_START,/home/zwz/FreeRTOS/FreeRTOS/Source/include/timers.h:tmrCOMMAND_START:ANY(0),ANY(0),/home/zwz/FreeRTOS/FreeRTOS/Source/timers.c,58,58,11,-1,-1,
portADD_UINT32_WILL_OVERFLOW,/home/zwz/FreeRTOS/FreeRTOS/Source/portable/GCC/ARM_CM3_MPU/port.c:portADD_UINT32_WILL_OVERFLOW:ANY(2),ANY(2),/home/zwz/FreeRTOS/FreeRTOS/Source/portable/GCC/ARM_CM3_MPU/port.c,139,139,1,-1,-1,"ANY p1, ANY p2"
portMPU_REGION_EXECUTE_NEVER,/home/zwz/FreeRTOS/FreeRTOS/Source/portable/GCC/ARM_CM3_MPU/portmacro.h:portMPU_REGION_EXECUTE_NEVER:ANY(0),ANY(0),mpu_demo.c,87,87,9,-1,-1,
heapPROTECT_BLOCK_POINTER,/home/zwz/FreeRTOS/FreeRTOS/Source/portable/MemMang/heap_4.c:heapPROTECT_BLOCK_POINTER:A_BLOCK_LINK*(1),A_BLOCK_LINK*(1),/home/zwz/FreeRTOS/FreeRTOS/Source/portable/MemMang/heap_4.c,129,129,5,-1,-1,ANY p1
portNVIC_SYSTICK_CLK,/home/zwz/FreeRTOS/FreeRTOS/Source/portable/GCC/ARM_CM3_MPU/port.c:portNVIC_SYSTICK_CLK:ANY(0),ANY(0),/home/zwz/FreeRTOS/FreeRTOS/Source/portable/GCC/ARM_CM3_MPU/port.c,48,48,5,-1,-1,
listLIST_IS_EMPTY,/home/zwz/FreeRTOS/FreeRTOS/Source/include/list.h:listLIST_IS_EMPTY:ANY(1),ANY(1),/home/zwz/FreeRTOS/FreeRTOS/Source/timers.c,258,258,24,-1,-1,ANY p1
portNVIC_SYSTICK_INT,/home/zwz/FreeRTOS/FreeRTOS/Source/portable/GCC/ARM_CM3_MPU/port.c:portNVIC_SYSTICK_INT:ANY(0),ANY(0),/home/zwz/FreeRTOS/FreeRTOS/Source/portable/GCC/ARM_CM3_MPU/port.c,88,88,1,-1,-1,
eventCLEAR_EVENTS_ON_EXIT_BIT,/home/zwz/FreeRTOS/FreeRTOS/Source/include/event_groups.h:eventCLEAR_EVENTS_ON_EXIT_BIT:ANY(0),ANY(0),/home/zwz/FreeRTOS/FreeRTOS/Source/event_groups.c,48,48,65,-1,-1,
sbFLAGS_IS_BATCHING_BUFFER,/home/zwz/FreeRTOS/FreeRTOS/Source/stream_buffer.c:sbFLAGS_IS_BATCHING_BUFFER:ANY(0),ANY(0),/home/zwz/FreeRTOS/FreeRTOS/Source/stream_buffer.c,227,227,5,-1,-1,
sbBYTES_TO_STORE_MESSAGE_LENGTH,/home/zwz/FreeRTOS/FreeRTOS/Source/stream_buffer.c:sbBYTES_TO_STORE_MESSAGE_LENGTH:ANY(0),ANY(0),/home/zwz/FreeRTOS/FreeRTOS/Source/stream_buffer.c,222,222,5,-1,-1,
configNUMBER_OF_CORES,/home/zwz/FreeRTOS/FreeRTOS/Source/include/FreeRTOS.h:configNUMBER_OF_CORES:int(0),int(0),/home/zwz/FreeRTOS/FreeRTOS/Source/tasks.c,90,90,47,-1,-1,
portNVIC_SYSTICK_CTRL_REG,/home/zwz/FreeRTOS/FreeRTOS/Source/portable/GCC/ARM_CM3_MPU/port.c:portNVIC_SYSTICK_CTRL_REG:ANY(0),ANY(0),/home/zwz/FreeRTOS/FreeRTOS/Source/portable/GCC/ARM_CM3_MPU/port.c,65,65,1,-1,-1,
portCLEAR_INTERRUPT_MASK_FROM_ISR,/home/zwz/FreeRTOS/FreeRTOS/Source/portable/GCC/ARM_CM3_MPU/portmacro.h:portCLEAR_INTERRUPT_MASK_FROM_ISR:ANY(1),ANY(1),/home/zwz/FreeRTOS/FreeRTOS/Source/portable/GCC/ARM_CM3_MPU/port.c,209,209,26,-1,-1,ANY p1
heapBLOCK_SIZE_IS_VALID,/home/zwz/FreeRTOS/FreeRTOS/Source/portable/MemMang/heap_4.c:heapBLOCK_SIZE_IS_VALID:ANY(1),ANY(1),/home/zwz/FreeRTOS/FreeRTOS/Source/portable/MemMang/heap_4.c,81,81,1,-1,-1,ANY p1
pdFALSE,/home/zwz/FreeRTOS/FreeRTOS/Source/include/projdefs.h:pdFALSE:ANY(0),ANY(0),/home/zwz/FreeRTOS/FreeRTOS/Source/event_groups.c,52,52,2,-1,-1,
tmrSTATUS_IS_ACTIVE,/home/zwz/FreeRTOS/FreeRTOS/Source/timers.c:tmrSTATUS_IS_ACTIVE:ANY(0),ANY(0),/home/zwz/FreeRTOS/FreeRTOS/Source/timers.c,78,78,5,-1,-1,
configSYSTICK_CLOCK_HZ,/home/zwz/FreeRTOS/FreeRTOS/Source/portable/GCC/ARM_CM3_MPU/port.c:configSYSTICK_CLOCK_HZ:ANY(0),ANY(0),/home/zwz/FreeRTOS/FreeRTOS/Source/portable/GCC/ARM_CM3_MPU/port.c,46,46,5,-1,-1,
eventUNBLOCKED_DUE_TO_BIT_SET,/home/zwz/FreeRTOS/FreeRTOS/Source/include/event_groups.h:eventUNBLOCKED_DUE_TO_BIT_SET:ANY(0),ANY(0),/home/zwz/FreeRTOS/FreeRTOS/Source/event_groups.c,49,49,59,-1,-1,
eventEVENT_BITS_CONTROL_BYTES,/home/zwz/FreeRTOS/FreeRTOS/Source/include/event_groups.h:eventEVENT_BITS_CONTROL_BYTES:ANY(0),ANY(0),/home/zwz/FreeRTOS/FreeRTOS/Source/event_groups.c,51,51,2,-1,-1,
portENABLE_INTERRUPTS,/home/zwz/FreeRTOS/FreeRTOS/Source/portable/GCC/ARM_CM3_MPU/portmacro.h:portENABLE_INTERRUPTS:ANY(0),ANY(0),/home/zwz/FreeRTOS/FreeRTOS/Source/portable/GCC/ARM_CM3_MPU/port.c,211,211,1,-1,-1,
portUNPRIVILEGED_FLASH_REGION,/home/zwz/FreeRTOS/FreeRTOS/Source/portable/GCC/ARM_CM3_MPU/portmacro.h:portUNPRIVILEGED_FLASH_REGION:ANY(0),ANY(0),/home/zwz/FreeRTOS/FreeRTOS/Source/portable/GCC/ARM_CM3_MPU/port.c,91,91,2,-1,-1,
portPRIGROUP_SHIFT,/home/zwz/FreeRTOS/FreeRTOS/Source/portable/GCC/ARM_CM3_MPU/port.c:portPRIGROUP_SHIFT:ANY(0),ANY(0),/home/zwz/FreeRTOS/FreeRTOS/Source/portable/GCC/ARM_CM3_MPU/port.c,113,113,1,-1,-1,
heapVALIDATE_BLOCK_POINTER,/home/zwz/FreeRTOS/FreeRTOS/Source/portable/MemMang/heap_4.c:heapVALIDATE_BLOCK_POINTER:ANY(1),ANY(1),/home/zwz/FreeRTOS/FreeRTOS/Source/portable/MemMang/heap_4.c,134,136,1,-1,-1,ANY p1
prvAddTaskToReadyList,/home/zwz/FreeRTOS/FreeRTOS/Source/tasks.c:prvAddTaskToReadyList:ANY(1),ANY(1),/home/zwz/FreeRTOS/FreeRTOS/Source/tasks.c,284,290,1,-1,-1,ANY p1
configTASK_NOTIFICATION_ARRAY_ENTRIES,/home/zwz/FreeRTOS/FreeRTOS/Source/include/FreeRTOS.h:configTASK_NOTIFICATION_ARRAY_ENTRIES:int(0),int(0),/home/zwz/FreeRTOS/FreeRTOS/Source/tasks.c,2798,2798,31,-1,-1,
tskDYNAMICALLY_ALLOCATED_STACK_AND_TCB,/home/zwz/FreeRTOS/FreeRTOS/Source/tasks.c:tskDYNAMICALLY_ALLOCATED_STACK_AND_TCB:ANY(0),ANY(0),/home/zwz/FreeRTOS/FreeRTOS/Source/tasks.c,123,123,1,-1,-1,
portNVIC_SYS_CTRL_STATE_REG,/home/zwz/FreeRTOS/FreeRTOS/Source/portable/GCC/ARM_CM3_MPU/port.c:portNVIC_SYS_CTRL_STATE_REG:ANY(0),ANY(0),/home/zwz/FreeRTOS/FreeRTOS/Source/portable/GCC/ARM_CM3_MPU/port.c,70,70,1,-1,-1,
portMAX_DELAY,/home/zwz/FreeRTOS/FreeRTOS/Source/portable/GCC/ARM_CM3_MPU/portmacro.h:portMAX_DELAY:ANY(0),ANY(0),/home/zwz/FreeRTOS/FreeRTOS/Source/list.c,67,67,47,-1,-1,
portTASK_SWITCH_HOOK,/home/zwz/FreeRTOS/FreeRTOS/Source/include/FreeRTOS.h:portTASK_SWITCH_HOOK:ANY(1),ANY(1),/home/zwz/FreeRTOS/FreeRTOS/Source/tasks.c,581,581,22,-1,-1,ANY p1
xTaskNotifyIndexedFromISR,/home/zwz/FreeRTOS/FreeRTOS/Source/include/task.h:xTaskNotifyIndexedFromISR:ANY(5),ANY(5),/home/zwz/FreeRTOS/FreeRTOS/Source/stream_buffer.c,2785,2786,39733,-1,-1,"ANY p1, ANY p2, ANY p3, ANY p4, ANY p5"
portTICK_TYPE_CLEAR_INTERRUPT_MASK_FROM_ISR,/home/zwz/FreeRTOS/FreeRTOS/Source/include/FreeRTOS.h:portTICK_TYPE_CLEAR_INTERRUPT_MASK_FROM_ISR:ANY(1),ANY(1),/home/zwz/FreeRTOS/FreeRTOS/Source/tasks.c,2919,2919,31,-1,-1,ANY p1
queueUNLOCKED,/home/zwz/FreeRTOS/FreeRTOS/Source/queue.c:queueUNLOCKED:ANY(0),ANY(0),/home/zwz/FreeRTOS/FreeRTOS/Source/queue.c,52,52,1,-1,-1,
portMEMORY_BARRIER,/home/zwz/FreeRTOS/FreeRTOS/Source/portable/GCC/ARM_CM3_MPU/portmacro.h:portMEMORY_BARRIER:ANY(0),ANY(0),/home/zwz/FreeRTOS/FreeRTOS/Source/tasks.c,381,381,26,-1,-1,
pdMS_TO_TICKS,/home/zwz/FreeRTOS/FreeRTOS/Source/include/projdefs.h:pdMS_TO_TICKS:ANY(1),ANY(1),mpu_demo.c,42,42,5,-1,-1,ANY p1
portDISABLE_INTERRUPTS,/home/zwz/FreeRTOS/FreeRTOS/Source/portable/GCC/ARM_CM3_MPU/portmacro.h:portDISABLE_INTERRUPTS:ANY(0),ANY(0),/home/zwz/FreeRTOS/FreeRTOS/Source/portable/GCC/ARM_CM3_MPU/port.c,210,210,8,-1,-1,
portBASE_TYPE_ENTER_CRITICAL,/home/zwz/FreeRTOS/FreeRTOS/Source/include/portable.h:portBASE_TYPE_ENTER_CRITICAL:ANY(0),ANY(0),/home/zwz/FreeRTOS/FreeRTOS/Source/timers.c,89,89,16,-1,-1,
configINITIAL_TICK_COUNT,/home/zwz/FreeRTOS/FreeRTOS/Source/include/FreeRTOS.h:configINITIAL_TICK_COUNT:int(0),int(0),/home/zwz/FreeRTOS/FreeRTOS/Source/tasks.c,2900,2900,33,-1,-1,
queueYIELD_IF_USING_PREEMPTION,/home/zwz/FreeRTOS/FreeRTOS/Source/queue.c:queueYIELD_IF_USING_PREEMPTION:ANY(0),ANY(0),/home/zwz/FreeRTOS/FreeRTOS/Source/queue.c,92,92,9,-1,-1,
portMPU_REGION_CACHEABLE_BUFFERABLE,/home/zwz/FreeRTOS/FreeRTOS/Source/portable/GCC/ARM_CM3_MPU/portmacro.h:portMPU_REGION_CACHEABLE_BUFFERABLE:ANY(0),ANY(0),/home/zwz/FreeRTOS/FreeRTOS/Source/portable/GCC/ARM_CM3_MPU/port.c,86,86,28,-1,-1,
xQueueSendToBack,/home/zwz/FreeRTOS/FreeRTOS/Source/include/queue.h:xQueueSendToBack:ANY(3),ANY(3),/home/zwz/FreeRTOS/FreeRTOS/Source/timers.c,428,429,2,-1,-1,"ANY p1, ANY p2, ANY p3"
portTICK_TYPE_SET_INTERRUPT_MASK_FROM_ISR,/home/zwz/FreeRTOS/FreeRTOS/Source/include/FreeRTOS.h:portTICK_TYPE_SET_INTERRUPT_MASK_FROM_ISR:int(0),int(0),/home/zwz/FreeRTOS/FreeRTOS/Source/tasks.c,2918,2918,59,-1,-1,
eventWAIT_FOR_ALL_BITS,/home/zwz/FreeRTOS/FreeRTOS/Source/include/event_groups.h:eventWAIT_FOR_ALL_BITS:ANY(0),ANY(0),/home/zwz/FreeRTOS/FreeRTOS/Source/event_groups.c,50,50,6,-1,-1,
tmrFIRST_FROM_ISR_COMMAND,/home/zwz/FreeRTOS/FreeRTOS/Source/include/timers.h:tmrFIRST_FROM_ISR_COMMAND:ANY(0),ANY(0),/home/zwz/FreeRTOS/FreeRTOS/Source/timers.c,64,64,33,-1,-1,
prvIncrementQueueRxLock,/home/zwz/FreeRTOS/FreeRTOS/Source/queue.c:prvIncrementQueueRxLock:ANY(2),ANY(2),/home/zwz/FreeRTOS/FreeRTOS/Source/queue.c,292,300,1,-1,-1,"ANY p1, ANY p2"
xQueueCreateStatic,/home/zwz/FreeRTOS/FreeRTOS/Source/include/queue.h:xQueueCreateStatic:ANY(4),ANY(4),/home/zwz/FreeRTOS/FreeRTOS/Source/timers.c,235,235,30,-1,-1,"ANY p1, ANY p2, ANY p3, ANY p4"
taskNOT_WAITING_NOTIFICATION,/home/zwz/FreeRTOS/FreeRTOS/Source/tasks.c:taskNOT_WAITING_NOTIFICATION:ANY(0),ANY(0),/home/zwz/FreeRTOS/FreeRTOS/Source/tasks.c,112,112,1,-1,-1,
portPRIVILEGED_FLASH_REGION,/home/zwz/FreeRTOS/FreeRTOS/Source/portable/GCC/ARM_CM3_MPU/portmacro.h:portPRIVILEGED_FLASH_REGION:ANY(0),ANY(0),/home/zwz/FreeRTOS/FreeRTOS/Source/portable/GCC/ARM_CM3_MPU/port.c,92,92,75,-1,-1,
queueQUEUE_IS_MUTEX,/home/zwz/FreeRTOS/FreeRTOS/Source/queue.c:queueQUEUE_IS_MUTEX:ANY(0),ANY(0),/home/zwz/FreeRTOS/FreeRTOS/Source/queue.c,66,66,1,-1,-1,
taskYIELD_WITHIN_API,/home/zwz/FreeRTOS/FreeRTOS/Source/include/task.h:taskYIELD_WITHIN_API:ANY(0),ANY(0),/home/zwz/FreeRTOS/FreeRTOS/Source/event_groups.c,3481,3481,116097,-1,-1,
portOFFSET_TO_PSR,/home/zwz/FreeRTOS/FreeRTOS/Source/portable/GCC/ARM_CM3_MPU/port.c:portOFFSET_TO_PSR:ANY(0),ANY(0),/home/zwz/FreeRTOS/FreeRTOS/Source/portable/GCC/ARM_CM3_MPU/port.c,121,121,1,-1,-1,
pdPASS,/home/zwz/FreeRTOS/FreeRTOS/Source/include/projdefs.h:pdPASS:ANY(0),ANY(0),/home/zwz/FreeRTOS/FreeRTOS/Source/timers.c,59,59,10,-1,-1,
portPERIPHERALS_START_ADDRESS,/home/zwz/FreeRTOS/FreeRTOS/Source/portable/GCC/ARM_CM3_MPU/port.c:portPERIPHERALS_START_ADDRESS:unsigned longint(0),unsigned longint(0),/home/zwz/FreeRTOS/FreeRTOS/Source/portable/GCC/ARM_CM3_MPU/port.c,84,84,1,-1,-1,
portMPU_REGION_READ_WRITE,/home/zwz/FreeRTOS/FreeRTOS/Source/portable/GCC/ARM_CM3_MPU/portmacro.h:portMPU_REGION_READ_WRITE:ANY(0),ANY(0),mpu_demo.c,81,81,13,-1,-1,
pvPortMallocStack,/home/zwz/FreeRTOS/FreeRTOS/Source/include/portable.h:pvPortMallocStack:ANY(0),ANY(0),/home/zwz/FreeRTOS/FreeRTOS/Source/tasks.c,202,202,42,-1,-1,
listGET_LIST_ITEM_OWNER,/home/zwz/FreeRTOS/FreeRTOS/Source/include/list.h:listGET_LIST_ITEM_OWNER:ANY(1),ANY(1),/home/zwz/FreeRTOS/FreeRTOS/Source/tasks.c,197,197,75,-1,-1,ANY p1
xQueueReceive,/home/zwz/FreeRTOS/FreeRTOS/Source/include/mpu_wrappers.h:xQueueReceive:ANY(0),ANY(0),fuzz_harness.c,124,124,66,-1,-1,
portMPU_TYPE_REG,/home/zwz/FreeRTOS/FreeRTOS/Source/portable/GCC/ARM_CM3_MPU/port.c:portMPU_TYPE_REG:ANY(0),ANY(0),/home/zwz/FreeRTOS/FreeRTOS/Source/portable/GCC/ARM_CM3_MPU/port.c,74,74,1,-1,-1,
errQUEUE_FULL,/home/zwz/FreeRTOS/FreeRTOS/Source/include/projdefs.h:errQUEUE_FULL:ANY(0),ANY(0),/home/zwz/FreeRTOS/FreeRTOS/Source/queue.c,62,62,36,-1,-1,
NUM_SYSTEM_CALLS,/home/zwz/FreeRTOS/FreeRTOS/Source/include/mpu_syscall_numbers.h:NUM_SYSTEM_CALLS:int(0),int(0),/home/zwz/FreeRTOS/FreeRTOS/Source/portable/GCC/ARM_CM3_MPU/port.c,103,103,36,-1,-1,
tskIDLE_PRIORITY,/home/zwz/FreeRTOS/FreeRTOS/Source/include/task.h:tskIDLE_PRIORITY:ANY(0),ANY(0),mpu_demo.c,199,199,2,-1,-1,
KERNEL_OBJECT_TYPE_INVALID,/home/zwz/FreeRTOS/FreeRTOS/Source/portable/Common/mpu_wrappers_v2.c:KERNEL_OBJECT_TYPE_INVALID:ANY(0),ANY(0),/home/zwz/FreeRTOS/FreeRTOS/Source/portable/Common/mpu_wrappers_v2.c,85,85,5,-1,-1,
tmrCOMMAND_STOP,/home/zwz/FreeRTOS/FreeRTOS/Source/include/timers.h:tmrCOMMAND_STOP:ANY(0),ANY(0),/home/zwz/FreeRTOS/FreeRTOS/Source/timers.c,60,60,11,-1,-1,
configSTACK_DEPTH_TYPE,/home/zwz/FreeRTOS/FreeRTOS/Source/include/portable.h:configSTACK_DEPTH_TYPE:ANY(0),ANY(0),/home/zwz/FreeRTOS/FreeRTOS/Source/portable/Common/mpu_wrappers_v2.c,97,97,39,-1,-1,
portNVIC_PENDSVSET_BIT,/home/zwz/FreeRTOS/FreeRTOS/Source/portable/GCC/ARM_CM3_MPU/portmacro.h:portNVIC_PENDSVSET_BIT:ANY(0),ANY(0),/home/zwz/FreeRTOS/FreeRTOS/Source/portable/GCC/ARM_CM3_MPU/port.c,188,188,60,-1,-1,
configTIMER_SERVICE_TASK_NAME,/home/zwz/FreeRTOS/FreeRTOS/Source/timers.c:configTIMER_SERVICE_TASK_NAME:char*(0),char*(0),/home/zwz/FreeRTOS/FreeRTOS/Source/timers.c,65,65,9,-1,-1,
portSTART_ADDRESS_MASK,/home/zwz/FreeRTOS/FreeRTOS/Source/portable/GCC/ARM_CM3_MPU/port.c:portSTART_ADDRESS_MASK:ANY(0),ANY(0),/home/zwz/FreeRTOS/FreeRTOS/Source/portable/GCC/ARM_CM3_MPU/port.c,125,125,1,-1,-1,
configMIN,/home/zwz/FreeRTOS/FreeRTOS/Source/include/FreeRTOS.h:configMIN:ANY(2),ANY(2),/home/zwz/FreeRTOS/FreeRTOS/Source/stream_buffer.c,2954,2954,12600,-1,-1,"ANY p1, ANY p2"
sbTYPE_STREAM_BATCHING_BUFFER,/home/zwz/FreeRTOS/FreeRTOS/Source/include/stream_buffer.h:sbTYPE_STREAM_BATCHING_BUFFER:ANY(0),ANY(0),/home/zwz/FreeRTOS/FreeRTOS/Source/stream_buffer.c,70,70,53,-1,-1,
taskSWITCH_DELAYED_LISTS,/home/zwz/FreeRTOS/FreeRTOS/Source/tasks.c:taskSWITCH_DELAYED_LISTS:ANY(0),ANY(0),/home/zwz/FreeRTOS/FreeRTOS/Source/tasks.c,264,276,1,-1,-1,
portMPU_REGION_BASE_ADDRESS_REG,/home/zwz/FreeRTOS/FreeRTOS/Source/portable/GCC/ARM_CM3_MPU/port.c:portMPU_REGION_BASE_ADDRESS_REG:ANY(0),ANY(0),/home/zwz/FreeRTOS/FreeRTOS/Source/portable/GCC/ARM_CM3_MPU/port.c,75,75,1,-1,-1,
listCURRENT_LIST_LENGTH,/home/zwz/FreeRTOS/FreeRTOS/Source/include/list.h:listCURRENT_LIST_LENGTH:ANY(1),ANY(1),/home/zwz/FreeRTOS/FreeRTOS/Source/event_groups.c,263,263,2,-1,-1,ANY p1
errQUEUE_EMPTY,/home/zwz/FreeRTOS/FreeRTOS/Source/include/projdefs.h:errQUEUE_EMPTY:ANY(0),ANY(0),/home/zwz/FreeRTOS/FreeRTOS/Source/queue.c,61,61,7,-1,-1,
portNVIC_INT_CTRL_REG,/home/zwz/FreeRTOS/FreeRTOS/Source/portable/GCC/ARM_CM3_MPU/portmacro.h:portNVIC_INT_CTRL_REG:ANY(0),ANY(0),/home/zwz/FreeRTOS/FreeRTOS/Source/portable/GCC/ARM_CM3_MPU/port.c,187,187,82,-1,-1,
portOFFSET_TO_LR,/home/zwz/FreeRTOS/FreeRTOS/Source/portable/GCC/ARM_CM3_MPU/port.c:portOFFSET_TO_LR:ANY(0),ANY(0),/home/zwz/FreeRTOS/FreeRTOS/Source/portable/GCC/ARM_CM3_MPU/port.c,119,119,1,-1,-1,
configTIMER_TASK_STACK_DEPTH,/home/zwz/FreeRTOS/FreeRTOS/Source/include/FreeRTOSConfig.h:configTIMER_TASK_STACK_DEPTH:ANY(0),ANY(0),app_main.c,86,86,44,-1,-1,
errCOULD_NOT_ALLOCATE_REQUIRED_MEMORY,/home/zwz/FreeRTOS/FreeRTOS/Source/include/projdefs.h:errCOULD_NOT_ALLOCATE_REQUIRED_MEMORY:ANY(0),ANY(0),/home/zwz/FreeRTOS/FreeRTOS/Source/tasks.c,65,65,11,-1,-1,
portNUM_CONFIGURABLE_REGIONS,/home/zwz/FreeRTOS/FreeRTOS/Source/portable/GCC/ARM_CM3_MPU/portmacro.h:portNUM_CONFIGURABLE_REGIONS:ANY(0),ANY(0),/home/zwz/FreeRTOS/FreeRTOS/Source/portable/GCC/ARM_CM3_MPU/port.c,96,96,56,-1,-1,
portINITIAL_EXC_RETURN,/home/zwz/FreeRTOS/FreeRTOS/Source/portable/GCC/ARM_CM3_MPU/port.c:portINITIAL_EXC_RETURN:ANY(0),ANY(0),/home/zwz/FreeRTOS/FreeRTOS/Source/portable/GCC/ARM_CM3_MPU/port.c,96,96,1,-1,-1,
configMAX_SYSCALL_INTERRUPT_PRIORITY,/home/zwz/FreeRTOS/FreeRTOS/Source/include/FreeRTOSConfig.h:configMAX_SYSCALL_INTERRUPT_PRIORITY:int(0),int(0),/home/zwz/FreeRTOS/FreeRTOS/Source/portable/GCC/ARM_CM3_MPU/port.c,114,114,38,-1,-1,
MPU_GetIndexForTaskHandle,/home/zwz/FreeRTOS/FreeRTOS/Source/portable/Common/mpu_wrappers_v2.c:MPU_GetIndexForTaskHandle:ANY(1),ANY(1),/home/zwz/FreeRTOS/FreeRTOS/Source/portable/Common/mpu_wrappers_v2.c,216,216,5,-1,-1,ANY p1
portGET_CORE_ID,/home/zwz/FreeRTOS/FreeRTOS/Source/include/FreeRTOS.h:portGET_CORE_ID:int(0),int(0),/home/zwz/FreeRTOS/FreeRTOS/Source/tasks.c,412,412,83,-1,-1,
tmrCOMMAND_STOP_FROM_ISR,/home/zwz/FreeRTOS/FreeRTOS/Source/include/timers.h:tmrCOMMAND_STOP_FROM_ISR:ANY(0),ANY(0),/home/zwz/FreeRTOS/FreeRTOS/Source/timers.c,67,67,58,-1,-1,
portFIRST_USER_INTERRUPT_NUMBER,/home/zwz/FreeRTOS/FreeRTOS/Source/portable/GCC/ARM_CM3_MPU/port.c:portFIRST_USER_INTERRUPT_NUMBER:ANY(0),ANY(0),/home/zwz/FreeRTOS/FreeRTOS/Source/portable/GCC/ARM_CM3_MPU/port.c,106,106,1,-1,-1,
portPRIORITY_GROUP_MASK,/home/zwz/FreeRTOS/FreeRTOS/Source/portable/GCC/ARM_CM3_MPU/port.c:portPRIORITY_GROUP_MASK:ANY(0),ANY(0),/home/zwz/FreeRTOS/FreeRTOS/Source/portable/GCC/ARM_CM3_MPU/port.c,112,112,1,-1,-1,
portASSERT_IF_INTERRUPT_PRIORITY_INVALID,/home/zwz/FreeRTOS/FreeRTOS/Source/portable/GCC/ARM_CM3_MPU/portmacro.h:portASSERT_IF_INTERRUPT_PRIORITY_INVALID:ANY(0),ANY(0),/home/zwz/FreeRTOS/FreeRTOS/Source/queue.c,260,260,2,-1,-1,
IS_EXTERNAL_INDEX_VALID,/home/zwz/FreeRTOS/FreeRTOS/Source/portable/Common/mpu_wrappers_v2.c:IS_EXTERNAL_INDEX_VALID:ANY(1),ANY(1),/home/zwz/FreeRTOS/FreeRTOS/Source/portable/Common/mpu_wrappers_v2.c,95,97,5,-1,-1,ANY p1
heapALLOCATE_BLOCK,/home/zwz/FreeRTOS/FreeRTOS/Source/portable/MemMang/heap_4.c:heapALLOCATE_BLOCK:ANY(1),ANY(1),/home/zwz/FreeRTOS/FreeRTOS/Source/portable/MemMang/heap_4.c,83,83,1,-1,-1,ANY p1
taskNOTIFICATION_RECEIVED,/home/zwz/FreeRTOS/FreeRTOS/Source/tasks.c:taskNOTIFICATION_RECEIVED:ANY(0),ANY(0),/home/zwz/FreeRTOS/FreeRTOS/Source/tasks.c,114,114,1,-1,-1,
sbFLAGS_IS_MESSAGE_BUFFER,/home/zwz/FreeRTOS/FreeRTOS/Source/stream_buffer.c:sbFLAGS_IS_MESSAGE_BUFFER:ANY(0),ANY(0),/home/zwz/FreeRTOS/FreeRTOS/Source/stream_buffer.c,225,225,5,-1,-1,
tskMPU_READ_PERMISSION,/home/zwz/FreeRTOS/FreeRTOS/Source/include/task.h:tskMPU_READ_PERMISSION:ANY(0),ANY(0),/home/zwz/FreeRTOS/FreeRTOS/Source/portable/GCC/ARM_CM3_MPU/port.c,74,74,8,-1,-1,
MPU_GetTaskHandleAtIndex,/home/zwz/FreeRTOS/FreeRTOS/Source/portable/Common/mpu_wrappers_v2.c:MPU_GetTaskHandleAtIndex:ANY(1),ANY(1),/home/zwz/FreeRTOS/FreeRTOS/Source/portable/Common/mpu_wrappers_v2.c,215,215,5,-1,-1,ANY p1
tmrCOMMAND_RESET_FROM_ISR,/home/zwz/FreeRTOS/FreeRTOS/Source/include/timers.h:tmrCOMMAND_RESET_FROM_ISR:ANY(0),ANY(0),/home/zwz/FreeRTOS/FreeRTOS/Source/timers.c,66,66,31,-1,-1,
prvRECEIVE_COMPLETED_FROM_ISR,/home/zwz/FreeRTOS/FreeRTOS/Source/stream_buffer.c:prvRECEIVE_COMPLETED_FROM_ISR:ANY(2),ANY(2),/home/zwz/FreeRTOS/FreeRTOS/Source/stream_buffer.c,138,139,9,-1,-1,"ANY p1, ANY p2"
configTIMER_TASK_PRIORITY,/home/zwz/FreeRTOS/FreeRTOS/Source/include/FreeRTOSConfig.h:configTIMER_TASK_PRIORITY:ANY(0),ANY(0),/home/zwz/FreeRTOS/FreeRTOS/Source/timers.c,71,71,66,-1,-1,
listGET_HEAD_ENTRY,/home/zwz/FreeRTOS/FreeRTOS/Source/include/list.h:listGET_HEAD_ENTRY:ANY(1),ANY(1),/home/zwz/FreeRTOS/FreeRTOS/Source/event_groups.c,233,233,23,-1,-1,ANY p1
portPSR_STACK_PADDING_MASK,/home/zwz/FreeRTOS/FreeRTOS/Source/portable/GCC/ARM_CM3_MPU/port.c:portPSR_STACK_PADDING_MASK:ANY(0),ANY(0),/home/zwz/FreeRTOS/FreeRTOS/Source/portable/GCC/ARM_CM3_MPU/port.c,116,116,1,-1,-1,
taskENTER_CRITICAL,/home/zwz/FreeRTOS/FreeRTOS/Source/include/task.h:taskENTER_CRITICAL:ANY(0),ANY(0),main.c,230,230,7611,-1,-1,
vPortFreeStack,/home/zwz/FreeRTOS/FreeRTOS/Source/include/portable.h:vPortFreeStack:ANY(0),ANY(0),/home/zwz/FreeRTOS/FreeRTOS/Source/tasks.c,203,203,88,-1,-1,
pdTRUE,/home/zwz/FreeRTOS/FreeRTOS/Source/include/projdefs.h:pdTRUE:ANY(0),ANY(0),/home/zwz/FreeRTOS/FreeRTOS/Source/event_groups.c,53,53,39,-1,-1,
heapMINIMUM_BLOCK_SIZE,/home/zwz/FreeRTOS/FreeRTOS/Source/portable/MemMang/heap_4.c:heapMINIMUM_BLOCK_SIZE:ANY(0),ANY(0),/home/zwz/FreeRTOS/FreeRTOS/Source/portable/MemMang/heap_4.c,59,59,1,-1,-1,
portBYTE_ALIGNMENT_MASK,/home/zwz/FreeRTOS/FreeRTOS/Source/include/portable.h:portBYTE_ALIGNMENT_MASK:ANY(0),ANY(0),/home/zwz/FreeRTOS/FreeRTOS/Source/portable/MemMang/heap_4.c,61,61,54,-1,-1,
tskSTACK_FILL_BYTE,/home/zwz/FreeRTOS/FreeRTOS/Source/tasks.c:tskSTACK_FILL_BYTE:unsigned int(0),unsigned int(0),/home/zwz/FreeRTOS/FreeRTOS/Source/tasks.c,120,120,1,-1,-1,
portNVIC_PENDSV_PRI,/home/zwz/FreeRTOS/FreeRTOS/Source/portable/GCC/ARM_CM3_MPU/port.c:portNVIC_PENDSV_PRI:ANY(0),ANY(0),/home/zwz/FreeRTOS/FreeRTOS/Source/portable/GCC/ARM_CM3_MPU/port.c,91,91,1,-1,-1,
tmrSTATUS_IS_STATICALLY_ALLOCATED,/home/zwz/FreeRTOS/FreeRTOS/Source/timers.c:tmrSTATUS_IS_STATICALLY_ALLOCATED:unsigned int(0),unsigned int(0),/home/zwz/FreeRTOS/FreeRTOS/Source/timers.c,79,79,5,-1,-1,
portINITIAL_CONTROL_IF_UNPRIVILEGED,/home/zwz/FreeRTOS/FreeRTOS/Source/portable/GCC/ARM_CM3_MPU/port.c:portINITIAL_CONTROL_IF_UNPRIVILEGED:ANY(0),ANY(0),/home/zwz/FreeRTOS/FreeRTOS/Source/portable/GCC/ARM_CM3_MPU/port.c,97,97,1,-1,-1,
CONVERT_TO_EXTERNAL_INDEX,/home/zwz/FreeRTOS/FreeRTOS/Source/portable/Common/mpu_wrappers_v2.c:CONVERT_TO_EXTERNAL_INDEX:ANY(1),ANY(1),/home/zwz/FreeRTOS/FreeRTOS/Source/portable/Common/mpu_wrappers_v2.c,109,109,5,-1,-1,ANY p1
listSET_LIST_ITEM_VALUE,/home/zwz/FreeRTOS/FreeRTOS/Source/include/list.h:listSET_LIST_ITEM_VALUE:ANY(2),ANY(2),/home/zwz/FreeRTOS/FreeRTOS/Source/timers.c,206,206,13,-1,-1,"ANY p1, ANY p2"
xTaskCreateRestricted,/home/zwz/FreeRTOS/FreeRTOS/Source/include/mpu_wrappers.h:xTaskCreateRestricted:ANY(0),ANY(0),mpu_demo.c,109,109,7,-1,-1,
MPU_StoreTaskHandleAtIndex,/home/zwz/FreeRTOS/FreeRTOS/Source/portable/Common/mpu_wrappers_v2.c:MPU_StoreTaskHandleAtIndex:ANY(2),ANY(2),/home/zwz/FreeRTOS/FreeRTOS/Source/portable/Common/mpu_wrappers_v2.c,214,214,5,-1,-1,"ANY p1, ANY p2"
portYIELD_WITHIN_API,/home/zwz/FreeRTOS/FreeRTOS/Source/portable/GCC/ARM_CM3_MPU/portmacro.h:portYIELD_WITHIN_API:ANY(0),ANY(0),/home/zwz/FreeRTOS/FreeRTOS/Source/tasks.c,176,185,19,-1,-1,
portMAX_8_BIT_VALUE,/home/zwz/FreeRTOS/FreeRTOS/Source/portable/GCC/ARM_CM3_MPU/port.c:portMAX_8_BIT_VALUE:ANY(0),ANY(0),/home/zwz/FreeRTOS/FreeRTOS/Source/portable/GCC/ARM_CM3_MPU/port.c,109,109,1,-1,-1,
configQUEUE_REGISTRY_SIZE,/home/zwz/FreeRTOS/FreeRTOS/Source/include/FreeRTOSConfig.h:configQUEUE_REGISTRY_SIZE:int(0),int(0),/home/zwz/FreeRTOS/FreeRTOS/Source/queue.c,45,45,32,-1,-1,
portPERIPHERALS_END_ADDRESS,/home/zwz/FreeRTOS/FreeRTOS/Source/portable/GCC/ARM_CM3_MPU/port.c:portPERIPHERALS_END_ADDRESS:unsigned longint(0),unsigned longint(0),/home/zwz/FreeRTOS/FreeRTOS/Source/portable/GCC/ARM_CM3_MPU/port.c,85,85,1,-1,-1,
portMPU_REGION_ENABLE,/home/zwz/FreeRTOS/FreeRTOS/Source/portable/GCC/ARM_CM3_MPU/port.c:portMPU_REGION_ENABLE:ANY(0),ANY(0),/home/zwz/FreeRTOS/FreeRTOS/Source/portable/GCC/ARM_CM3_MPU/port.c,83,83,1,-1,-1,
portPRIVILEGE_BIT,/home/zwz/FreeRTOS/FreeRTOS/Source/portable/GCC/ARM_CM3_MPU/portmacro.h:portPRIVILEGE_BIT:ANY(0),ANY(0),/home/zwz/FreeRTOS/FreeRTOS/Source/timers.c,79,79,53,-1,-1,
portSETUP_TCB,/home/zwz/FreeRTOS/FreeRTOS/Source/include/FreeRTOS.h:portSETUP_TCB:ANY(1),ANY(1),/home/zwz/FreeRTOS/FreeRTOS/Source/tasks.c,577,577,23,-1,-1,ANY p1
portTOTAL_NUM_REGIONS_IN_TCB,/home/zwz/FreeRTOS/FreeRTOS/Source/portable/GCC/ARM_CM3_MPU/portmacro.h:portTOTAL_NUM_REGIONS_IN_TCB:ANY(0),ANY(0),/home/zwz/FreeRTOS/FreeRTOS/Source/portable/GCC/ARM_CM3_MPU/port.c,97,97,14,-1,-1,
taskSCHEDULER_NOT_STARTED,/home/zwz/FreeRTOS/FreeRTOS/Source/include/task.h:taskSCHEDULER_NOT_STARTED:ANY(0),ANY(0),/home/zwz/FreeRTOS/FreeRTOS/Source/portable/Common/mpu_wrappers_v2.c,280,280,40,-1,-1,
portNVIC_SYSTICK_LOAD_REG,/home/zwz/FreeRTOS/FreeRTOS/Source/portable/GCC/ARM_CM3_MPU/port.c:portNVIC_SYSTICK_LOAD_REG:ANY(0),ANY(0),/home/zwz/FreeRTOS/FreeRTOS/Source/portable/GCC/ARM_CM3_MPU/port.c,66,66,1,-1,-1,
taskYIELD_ANY_CORE_IF_USING_PREEMPTION,/home/zwz/FreeRTOS/FreeRTOS/Source/tasks.c:taskYIELD_ANY_CORE_IF_USING_PREEMPTION:ANY(1),ANY(1),/home/zwz/FreeRTOS/FreeRTOS/Source/tasks.c,87,97,9,-1,-1,ANY p1
MAX_FUZZ_INPUT_SIZE,fuzz_harness.c:MAX_FUZZ_INPUT_SIZE:int(0),int(0),fuzz_harness.c,143,143,1,-1,-1,
taskSCHEDULER_RUNNING,/home/zwz/FreeRTOS/FreeRTOS/Source/include/task.h:taskSCHEDULER_RUNNING:ANY(0),ANY(0),/home/zwz/FreeRTOS/FreeRTOS/Source/timers.c,281,281,22,-1,-1,
portBYTE_ALIGNMENT_MASK,/home/zwz/FreeRTOS/FreeRTOS/Source/include/portable.h:portBYTE_ALIGNMENT_MASK:int(0),int(0),/home/zwz/FreeRTOS/FreeRTOS/Source/portable/MemMang/heap_4.c,61,61,54,-1,-1,
configMAX_TASK_NAME_LEN,/home/zwz/FreeRTOS/FreeRTOS/Source/include/FreeRTOSConfig.h:configMAX_TASK_NAME_LEN:ANY(0),ANY(0),/home/zwz/FreeRTOS/FreeRTOS/Source/tasks.c,62,62,41,-1,-1,
listLIST_ITEM_CONTAINER,/home/zwz/FreeRTOS/FreeRTOS/Source/include/list.h:listLIST_ITEM_CONTAINER:ANY(1),ANY(1),/home/zwz/FreeRTOS/FreeRTOS/Source/tasks.c,422,422,44,-1,-1,ANY p1
listSET_LIST_ITEM_OWNER,/home/zwz/FreeRTOS/FreeRTOS/Source/include/list.h:listSET_LIST_ITEM_OWNER:ANY(2),ANY(2),/home/zwz/FreeRTOS/FreeRTOS/Source/timers.c,188,188,7,-1,-1,"ANY p1, ANY p2"
portMPU_CTRL_REG,/home/zwz/FreeRTOS/FreeRTOS/Source/portable/GCC/ARM_CM3_MPU/port.c:portMPU_CTRL_REG:ANY(0),ANY(0),/home/zwz/FreeRTOS/FreeRTOS/Source/portable/GCC/ARM_CM3_MPU/port.c,77,77,1,-1,-1,
configIDLE_TASK_NAME,/home/zwz/FreeRTOS/FreeRTOS/Source/tasks.c:configIDLE_TASK_NAME:ANY(0),ANY(0),/home/zwz/FreeRTOS/FreeRTOS/Source/tasks.c,156,156,5,-1,-1,
portMPU_REGION_READ_ONLY,/home/zwz/FreeRTOS/FreeRTOS/Source/portable/GCC/ARM_CM3_MPU/portmacro.h:portMPU_REGION_READ_ONLY:ANY(0),ANY(0),/home/zwz/FreeRTOS/FreeRTOS/Source/portable/GCC/ARM_CM3_MPU/port.c,83,83,31,-1,-1,
configMINIMAL_STACK_SIZE,/home/zwz/FreeRTOS/FreeRTOS/Source/include/FreeRTOSConfig.h:configMINIMAL_STACK_SIZE:ANY(0),ANY(0),app_main.c,60,60,19,-1,-1,
configTICK_RATE_HZ,/home/zwz/FreeRTOS/FreeRTOS/Source/include/FreeRTOSConfig.h:configTICK_RATE_HZ:ANY(0),ANY(0),/home/zwz/FreeRTOS/FreeRTOS/Source/portable/GCC/ARM_CM3_MPU/port.c,59,59,34,-1,-1,
portMPU_REGION_PRIVILEGED_READ_WRITE_UNPRIV_READ_ONLY,/home/zwz/FreeRTOS/FreeRTOS/Source/portable/GCC/ARM_CM3_MPU/portmacro.h:portMPU_REGION_PRIVILEGED_READ_WRITE_UNPRIV_READ_ONLY:ANY(0),ANY(0),mpu_demo.c,85,85,64,-1,-1,
tmrCOMMAND_EXECUTE_CALLBACK,/home/zwz/FreeRTOS/FreeRTOS/Source/include/timers.h:tmrCOMMAND_EXECUTE_CALLBACK:ANY(0),ANY(0),/home/zwz/FreeRTOS/FreeRTOS/Source/timers.c,56,56,35,-1,-1,
sbTYPE_MESSAGE_BUFFER,/home/zwz/FreeRTOS/FreeRTOS/Source/include/stream_buffer.h:sbTYPE_MESSAGE_BUFFER:ANY(0),ANY(0),/home/zwz/FreeRTOS/FreeRTOS/Source/stream_buffer.c,69,69,79,-1,-1,
xQueueSend,/home/zwz/FreeRTOS/FreeRTOS/Source/include/queue.h:xQueueSend:ANY(3),ANY(3),fuzz_harness.c,513,514,10335,-1,-1,"ANY p1, ANY p2, ANY p3"
portCLEAN_UP_TCB,/home/zwz/FreeRTOS/FreeRTOS/Source/include/FreeRTOS.h:portCLEAN_UP_TCB:ANY(1),ANY(1),/home/zwz/FreeRTOS/FreeRTOS/Source/tasks.c,569,569,8,-1,-1,ANY p1
portMPU_ENABLE,/home/zwz/FreeRTOS/FreeRTOS/Source/portable/GCC/ARM_CM3_MPU/port.c:portMPU_ENABLE:ANY(0),ANY(0),/home/zwz/FreeRTOS/FreeRTOS/Source/portable/GCC/ARM_CM3_MPU/port.c,79,79,1,-1,-1,
queueOVERWRITE,/home/zwz/FreeRTOS/FreeRTOS/Source/include/queue.h:queueOVERWRITE:ANY(0),ANY(0),/home/zwz/FreeRTOS/FreeRTOS/Source/queue.c,70,70,5,-1,-1,
prvIncrementQueueTxLock,/home/zwz/FreeRTOS/FreeRTOS/Source/queue.c:prvIncrementQueueTxLock:ANY(2),ANY(2),/home/zwz/FreeRTOS/FreeRTOS/Source/queue.c,277,285,1,-1,-1,"ANY p1, ANY p2"
portSTACK_GROWTH,/home/zwz/FreeRTOS/FreeRTOS/Source/portable/GCC/ARM_CM3_MPU/portmacro.h:portSTACK_GROWTH:ANY(0),ANY(0),/home/zwz/FreeRTOS/FreeRTOS/Source/tasks.c,161,161,64,-1,-1,
queueSEMAPHORE_QUEUE_ITEM_LENGTH,/home/zwz/FreeRTOS/FreeRTOS/Source/queue.c:queueSEMAPHORE_QUEUE_ITEM_LENGTH:ANY(0),ANY(0),/home/zwz/FreeRTOS/FreeRTOS/Source/queue.c,82,82,1,-1,-1,
taskSELECT_HIGHEST_PRIORITY_TASK,/home/zwz/FreeRTOS/FreeRTOS/Source/tasks.c:taskSELECT_HIGHEST_PRIORITY_TASK:ANY(0),ANY(0),/home/zwz/FreeRTOS/FreeRTOS/Source/tasks.c,194,209,9,-1,-1,
tmrMAX_TIME_BEFORE_OVERFLOW,/home/zwz/FreeRTOS/FreeRTOS/Source/timers.c:tmrMAX_TIME_BEFORE_OVERFLOW:ANY(0),ANY(0),/home/zwz/FreeRTOS/FreeRTOS/Source/timers.c,60,60,5,-1,-1,
portNVIC_SHPR2_REG,/home/zwz/FreeRTOS/FreeRTOS/Source/portable/GCC/ARM_CM3_MPU/port.c:portNVIC_SHPR2_REG:ANY(0),ANY(0),/home/zwz/FreeRTOS/FreeRTOS/Source/portable/GCC/ARM_CM3_MPU/port.c,69,69,1,-1,-1,
portSVC_YIELD,/home/zwz/FreeRTOS/FreeRTOS/Source/portable/GCC/ARM_CM3_MPU/portmacro.h:portSVC_YIELD:int(0),int(0),/home/zwz/FreeRTOS/FreeRTOS/Source/portable/GCC/ARM_CM3_MPU/port.c,169,169,21,-1,-1,
UART0_ADDR,syscall.c:UART0_ADDR:UART_t*(0),UART_t*(0),syscall.c,41,41,1,-1,-1,
portMAX_PRIGROUP_BITS,/home/zwz/FreeRTOS/FreeRTOS/Source/portable/GCC/ARM_CM3_MPU/port.c:portMAX_PRIGROUP_BITS:ANY(0),ANY(0),/home/zwz/FreeRTOS/FreeRTOS/Source/portable/GCC/ARM_CM3_MPU/port.c,111,111,1,-1,-1,
UART_CTRL_TX_EN,syscall.c:UART_CTRL_TX_EN:ANY(0),ANY(0),syscall.c,45,45,1,-1,-1,
listGET_END_MARKER,/home/zwz/FreeRTOS/FreeRTOS/Source/include/list.h:listGET_END_MARKER:ANY(1),ANY(1),/home/zwz/FreeRTOS/FreeRTOS/Source/event_groups.c,249,249,2,-1,-1,ANY p1
taskTASK_IS_RUNNING,/home/zwz/FreeRTOS/FreeRTOS/Source/tasks.c:taskTASK_IS_RUNNING:ANY(1),ANY(1),/home/zwz/FreeRTOS/FreeRTOS/Source/tasks.c,325,325,5,-1,-1,ANY p1
portMPU_REGION_VALID,/home/zwz/FreeRTOS/FreeRTOS/Source/portable/GCC/ARM_CM3_MPU/port.c:portMPU_REGION_VALID:ANY(0),ANY(0),/home/zwz/FreeRTOS/FreeRTOS/Source/portable/GCC/ARM_CM3_MPU/port.c,82,82,1,-1,-1,
xTaskNotifyStateClearIndexed,/home/zwz/FreeRTOS/FreeRTOS/Source/include/task.h:xTaskNotifyStateClearIndexed:ANY(2),ANY(2),/home/zwz/FreeRTOS/FreeRTOS/Source/stream_buffer.c,3262,3263,66866,-1,-1,"ANY p1, ANY p2"
MPU_StoreEventGroupHandleAtIndex,/home/zwz/FreeRTOS/FreeRTOS/Source/portable/Common/mpu_wrappers_v2.c:MPU_StoreEventGroupHandleAtIndex:ANY(2),ANY(2),/home/zwz/FreeRTOS/FreeRTOS/Source/portable/Common/mpu_wrappers_v2.c,222,222,9,-1,-1,"ANY p1, ANY p2"
tmrSTATUS_IS_ACTIVE,/home/zwz/FreeRTOS/FreeRTOS/Source/timers.c:tmrSTATUS_IS_ACTIVE:unsigned int(0),unsigned int(0),/home/zwz/FreeRTOS/FreeRTOS/Source/timers.c,78,78,5,-1,-1,
taskSCHEDULER_SUSPENDED,/home/zwz/FreeRTOS/FreeRTOS/Source/include/task.h:taskSCHEDULER_SUSPENDED:ANY(0),ANY(0),/home/zwz/FreeRTOS/FreeRTOS/Source/portable/Common/mpu_wrappers_v2.c,279,279,51,-1,-1,
portIS_AUTHORIZED,/home/zwz/FreeRTOS/FreeRTOS/Source/portable/GCC/ARM_CM3_MPU/port.c:portIS_AUTHORIZED:ANY(2),ANY(2),/home/zwz/FreeRTOS/FreeRTOS/Source/portable/GCC/ARM_CM3_MPU/port.c,132,133,1,-1,-1,"ANY p1, ANY p2"
portNVIC_SYSTICK_PRI,/home/zwz/FreeRTOS/FreeRTOS/Source/portable/GCC/ARM_CM3_MPU/port.c:portNVIC_SYSTICK_PRI:ANY(0),ANY(0),/home/zwz/FreeRTOS/FreeRTOS/Source/portable/GCC/ARM_CM3_MPU/port.c,92,92,1,-1,-1,
portNVIC_MEM_FAULT_ENABLE,/home/zwz/FreeRTOS/FreeRTOS/Source/portable/GCC/ARM_CM3_MPU/port.c:portNVIC_MEM_FAULT_ENABLE:ANY(0),ANY(0),/home/zwz/FreeRTOS/FreeRTOS/Source/portable/GCC/ARM_CM3_MPU/port.c,71,71,1,-1,-1,
sbFLAGS_IS_STATICALLY_ALLOCATED,/home/zwz/FreeRTOS/FreeRTOS/Source/stream_buffer.c:sbFLAGS_IS_STATICALLY_ALLOCATED:ANY(0),ANY(0),/home/zwz/FreeRTOS/FreeRTOS/Source/stream_buffer.c,226,226,5,-1,-1,
configMAX_PRIORITIES,/home/zwz/FreeRTOS/FreeRTOS/Source/include/FreeRTOSConfig.h:configMAX_PRIORITIES:ANY(0),ANY(0),/home/zwz/FreeRTOS/FreeRTOS/Source/tasks.c,68,68,5,-1,-1,
taskENTER_CRITICAL_FROM_ISR,/home/zwz/FreeRTOS/FreeRTOS/Source/include/task.h:taskENTER_CRITICAL_FROM_ISR:ANY(0),ANY(0),/home/zwz/FreeRTOS/FreeRTOS/Source/event_groups.c,232,232,7,-1,-1,
MPU_GetTimerHandleAtIndex,/home/zwz/FreeRTOS/FreeRTOS/Source/portable/Common/mpu_wrappers_v2.c:MPU_GetTimerHandleAtIndex:ANY(1),ANY(1),/home/zwz/FreeRTOS/FreeRTOS/Source/portable/Common/mpu_wrappers_v2.c,243,243,9,-1,-1,ANY p1
portMPU_BACKGROUND_ENABLE,/home/zwz/FreeRTOS/FreeRTOS/Source/portable/GCC/ARM_CM3_MPU/port.c:portMPU_BACKGROUND_ENABLE:ANY(0),ANY(0),/home/zwz/FreeRTOS/FreeRTOS/Source/portable/GCC/ARM_CM3_MPU/port.c,80,80,1,-1,-1,
portNVIC_SHPR3_REG,/home/zwz/FreeRTOS/FreeRTOS/Source/portable/GCC/ARM_CM3_MPU/port.c:portNVIC_SHPR3_REG:ANY(0),ANY(0),/home/zwz/FreeRTOS/FreeRTOS/Source/portable/GCC/ARM_CM3_MPU/port.c,68,68,1,-1,-1,
portSTACK_FRAME_HAS_PADDING_FLAG,/home/zwz/FreeRTOS/FreeRTOS/Source/portable/GCC/ARM_CM3_MPU/portmacro.h:portSTACK_FRAME_HAS_PADDING_FLAG:ANY(0),ANY(0),/home/zwz/FreeRTOS/FreeRTOS/Source/portable/GCC/ARM_CM3_MPU/port.c,142,142,6,-1,-1,
MPU_StoreStreamBufferHandleAtIndex,/home/zwz/FreeRTOS/FreeRTOS/Source/portable/Common/mpu_wrappers_v2.c:MPU_StoreStreamBufferHandleAtIndex:ANY(2),ANY(2),/home/zwz/FreeRTOS/FreeRTOS/Source/portable/Common/mpu_wrappers_v2.c,232,232,9,-1,-1,"ANY p1, ANY p2"
xTaskNotifyWaitIndexed,/home/zwz/FreeRTOS/FreeRTOS/Source/include/task.h:xTaskNotifyWaitIndexed:ANY(5),ANY(5),/home/zwz/FreeRTOS/FreeRTOS/Source/stream_buffer.c,2928,2929,48549,-1,-1,"ANY p1, ANY p2, ANY p3, ANY p4, ANY p5"
prvSEND_COMPLETED,/home/zwz/FreeRTOS/FreeRTOS/Source/stream_buffer.c:prvSEND_COMPLETED:ANY(1),ANY(1),/home/zwz/FreeRTOS/FreeRTOS/Source/stream_buffer.c,178,178,9,-1,-1,ANY p1
portNVIC_SYSTICK_CURRENT_VALUE_REG,/home/zwz/FreeRTOS/FreeRTOS/Source/portable/GCC/ARM_CM3_MPU/port.c:portNVIC_SYSTICK_CURRENT_VALUE_REG:ANY(0),ANY(0),/home/zwz/FreeRTOS/FreeRTOS/Source/portable/GCC/ARM_CM3_MPU/port.c,67,67,1,-1,-1,
tmrCOMMAND_CHANGE_PERIOD_FROM_ISR,/home/zwz/FreeRTOS/FreeRTOS/Source/include/timers.h:tmrCOMMAND_CHANGE_PERIOD_FROM_ISR:ANY(0),ANY(0),/home/zwz/FreeRTOS/FreeRTOS/Source/timers.c,68,68,56,-1,-1,
CONVERT_TO_INTERNAL_INDEX,/home/zwz/FreeRTOS/FreeRTOS/Source/portable/Common/mpu_wrappers_v2.c:CONVERT_TO_INTERNAL_INDEX:ANY(1),ANY(1),/home/zwz/FreeRTOS/FreeRTOS/Source/portable/Common/mpu_wrappers_v2.c,114,114,5,-1,-1,ANY p1
queueMUTEX_GIVE_BLOCK_TIME,/home/zwz/FreeRTOS/FreeRTOS/Source/queue.c:queueMUTEX_GIVE_BLOCK_TIME:ANY(0),ANY(0),/home/zwz/FreeRTOS/FreeRTOS/Source/queue.c,83,83,1,-1,-1,
portSTACK_REGION,/home/zwz/FreeRTOS/FreeRTOS/Source/portable/GCC/ARM_CM3_MPU/portmacro.h:portSTACK_REGION:ANY(0),ANY(0),/home/zwz/FreeRTOS/FreeRTOS/Source/portable/GCC/ARM_CM3_MPU/port.c,89,89,44,-1,-1,
heapADD_WILL_OVERFLOW,/home/zwz/FreeRTOS/FreeRTOS/Source/portable/MemMang/heap_4.c:heapADD_WILL_OVERFLOW:ANY(2),ANY(2),/home/zwz/FreeRTOS/FreeRTOS/Source/portable/MemMang/heap_4.c,71,71,1,-1,-1,"ANY p1, ANY p2"
configPROTECTED_KERNEL_OBJECT_POOL_SIZE,/home/zwz/FreeRTOS/FreeRTOS/Source/include/FreeRTOSConfig.h:configPROTECTED_KERNEL_OBJECT_POOL_SIZE:ANY(0),ANY(0),/home/zwz/FreeRTOS/FreeRTOS/Source/portable/Common/mpu_wrappers_v2.c,126,126,5,-1,-1,
taskEVENT_LIST_ITEM_VALUE_IN_USE,/home/zwz/FreeRTOS/FreeRTOS/Source/tasks.c:taskEVENT_LIST_ITEM_VALUE_IN_USE:ANY(0),ANY(0),/home/zwz/FreeRTOS/FreeRTOS/Source/tasks.c,312,312,5,-1,-1,
portMPU_REGION_PRIVILEGED_READ_ONLY,/home/zwz/FreeRTOS/FreeRTOS/Source/portable/GCC/ARM_CM3_MPU/portmacro.h:portMPU_REGION_PRIVILEGED_READ_ONLY:ANY(0),ANY(0),/home/zwz/FreeRTOS/FreeRTOS/Source/portable/GCC/ARM_CM3_MPU/port.c,82,82,41,-1,-1,
portRAISE_PRIVILEGE,/home/zwz/FreeRTOS/FreeRTOS/Source/portable/GCC/ARM_CM3_MPU/portmacro.h:portRAISE_PRIVILEGE:ANY(0),ANY(0),mpu_demo.c,287,287,109,-1,-1,
pdFAIL,/home/zwz/FreeRTOS/FreeRTOS/Source/include/projdefs.h:pdFAIL:ANY(0),ANY(0),/home/zwz/FreeRTOS/FreeRTOS/Source/timers.c,60,60,28,-1,-1,
listGET_ITEM_VALUE_OF_HEAD_ENTRY,/home/zwz/FreeRTOS/FreeRTOS/Source/include/list.h:listGET_ITEM_VALUE_OF_HEAD_ENTRY:ANY(1),ANY(1),/home/zwz/FreeRTOS/FreeRTOS/Source/timers.c,225,225,5,-1,-1,ANY p1
portINITIAL_CONTROL_IF_PRIVILEGED,/home/zwz/FreeRTOS/FreeRTOS/Source/portable/GCC/ARM_CM3_MPU/port.c:portINITIAL_CONTROL_IF_PRIVILEGED:ANY(0),ANY(0),/home/zwz/FreeRTOS/FreeRTOS/Source/portable/GCC/ARM_CM3_MPU/port.c,98,98,1,-1,-1,
tmrSTATUS_IS_STATICALLY_ALLOCATED,/home/zwz/FreeRTOS/FreeRTOS/Source/timers.c:tmrSTATUS_IS_STATICALLY_ALLOCATED:ANY(0),ANY(0),/home/zwz/FreeRTOS/FreeRTOS/Source/timers.c,79,79,5,-1,-1,
traceEVENT_GROUP_SYNC_END,/home/zwz/FreeRTOS/FreeRTOS/Source/include/FreeRTOS.h:traceEVENT_GROUP_SYNC_END:ANY(4),ANY(4),/home/zwz/FreeRTOS/FreeRTOS/Source/event_groups.c,908,908,4,-1,-1,"ANY p1, ANY p2, ANY p3, ANY p4"
portSCB_VTOR_REG,/home/zwz/FreeRTOS/FreeRTOS/Source/portable/GCC/ARM_CM3_MPU/port.c:portSCB_VTOR_REG:ANY(0),ANY(0),/home/zwz/FreeRTOS/FreeRTOS/Source/portable/GCC/ARM_CM3_MPU/port.c,101,101,1,-1,-1,
listGET_NEXT,/home/zwz/FreeRTOS/FreeRTOS/Source/include/list.h:listGET_NEXT:ANY(1),ANY(1),/home/zwz/FreeRTOS/FreeRTOS/Source/event_groups.c,241,241,45,-1,-1,ANY p1
taskEXIT_CRITICAL,/home/zwz/FreeRTOS/FreeRTOS/Source/include/task.h:taskEXIT_CRITICAL:ANY(0),ANY(0),main.c,249,249,8217,-1,-1,
prvSEND_COMPLETE_FROM_ISR,/home/zwz/FreeRTOS/FreeRTOS/Source/stream_buffer.c:prvSEND_COMPLETE_FROM_ISR:ANY(2),ANY(2),/home/zwz/FreeRTOS/FreeRTOS/Source/stream_buffer.c,217,218,9,-1,-1,"ANY p1, ANY p2"
portINITIAL_XPSR,/home/zwz/FreeRTOS/FreeRTOS/Source/portable/GCC/ARM_CM3_MPU/port.c:portINITIAL_XPSR:ANY(0),ANY(0),/home/zwz/FreeRTOS/FreeRTOS/Source/portable/GCC/ARM_CM3_MPU/port.c,95,95,1,-1,-1,
portOFFSET_TO_PC,/home/zwz/FreeRTOS/FreeRTOS/Source/portable/GCC/ARM_CM3_MPU/port.c:portOFFSET_TO_PC:ANY(0),ANY(0),/home/zwz/FreeRTOS/FreeRTOS/Source/portable/GCC/ARM_CM3_MPU/port.c,120,120,1,-1,-1,
tmrCOMMAND_RESET,/home/zwz/FreeRTOS/FreeRTOS/Source/include/timers.h:tmrCOMMAND_RESET:ANY(0),ANY(0),/home/zwz/FreeRTOS/FreeRTOS/Source/timers.c,59,59,80,-1,-1,
tskSTATICALLY_ALLOCATED_STACK_AND_TCB,/home/zwz/FreeRTOS/FreeRTOS/Source/tasks.c:tskSTATICALLY_ALLOCATED_STACK_AND_TCB:ANY(0),ANY(0),/home/zwz/FreeRTOS/FreeRTOS/Source/tasks.c,125,125,1,-1,-1,
portEXPECTED_MPU_TYPE_VALUE,/home/zwz/FreeRTOS/FreeRTOS/Source/portable/GCC/ARM_CM3_MPU/port.c:portEXPECTED_MPU_TYPE_VALUE:ANY(0),ANY(0),/home/zwz/FreeRTOS/FreeRTOS/Source/portable/GCC/ARM_CM3_MPU/port.c,78,78,1,-1,-1,
taskVALID_CORE_ID,/home/zwz/FreeRTOS/FreeRTOS/Source/include/task.h:taskVALID_CORE_ID:ANY(1),ANY(1),/home/zwz/FreeRTOS/FreeRTOS/Source/tasks.c,284,284,63,-1,-1,ANY p1
vQueueDelete,/home/zwz/FreeRTOS/FreeRTOS/Source/include/mpu_wrappers.h:vQueueDelete:ANY(0),ANY(0),fuzz_harness.c,144,144,31,-1,-1,
configTIMER_QUEUE_LENGTH,/home/zwz/FreeRTOS/FreeRTOS/Source/include/FreeRTOSConfig.h:configTIMER_QUEUE_LENGTH:int(0),int(0),/home/zwz/FreeRTOS/FreeRTOS/Source/timers.c,70,70,7,-1,-1,
configASSERT,/home/zwz/FreeRTOS/FreeRTOS/Source/include/FreeRTOSConfig.h:configASSERT:ANY(1),ANY(1),/home/zwz/FreeRTOS/FreeRTOS/Source/event_groups.c,44,44,61,-1,-1,ANY p1
portGENERAL_PERIPHERALS_REGION,/home/zwz/FreeRTOS/FreeRTOS/Source/portable/GCC/ARM_CM3_MPU/portmacro.h:portGENERAL_PERIPHERALS_REGION:ANY(0),ANY(0),/home/zwz/FreeRTOS/FreeRTOS/Source/portable/GCC/ARM_CM3_MPU/port.c,90,90,23,-1,-1,
MPU_GetQueueHandleAtIndex,/home/zwz/FreeRTOS/FreeRTOS/Source/portable/Common/mpu_wrappers_v2.c:MPU_GetQueueHandleAtIndex:ANY(1),ANY(1),/home/zwz/FreeRTOS/FreeRTOS/Source/portable/Common/mpu_wrappers_v2.c,201,201,5,-1,-1,ANY p1
UART_DR,syscall.c:UART_DR:ANY(1),ANY(1),syscall.c,42,42,1,-1,-1,ANY p1
SHARED_MEMORY_SIZE,mpu_demo.c:SHARED_MEMORY_SIZE:int(0),int(0),mpu_demo.c,46,46,1,-1,-1,
portSVC_START_SCHEDULER,/home/zwz/FreeRTOS/FreeRTOS/Source/portable/GCC/ARM_CM3_MPU/portmacro.h:portSVC_START_SCHEDULER:int(0),int(0),/home/zwz/FreeRTOS/FreeRTOS/Source/portable/GCC/ARM_CM3_MPU/port.c,168,168,46,-1,-1,
queueQUEUE_TYPE_COUNTING_SEMAPHORE,/home/zwz/FreeRTOS/FreeRTOS/Source/include/queue.h:queueQUEUE_TYPE_COUNTING_SEMAPHORE:ANY(0),ANY(0),/home/zwz/FreeRTOS/FreeRTOS/Source/queue.c,75,75,17,-1,-1,
tmrCOMMAND_START_FROM_ISR,/home/zwz/FreeRTOS/FreeRTOS/Source/include/timers.h:tmrCOMMAND_START_FROM_ISR:ANY(0),ANY(0),/home/zwz/FreeRTOS/FreeRTOS/Source/timers.c,65,65,28,-1,-1,
portMPU_REGION_ATTRIBUTE_REG,/home/zwz/FreeRTOS/FreeRTOS/Source/portable/GCC/ARM_CM3_MPU/port.c:portMPU_REGION_ATTRIBUTE_REG:ANY(0),ANY(0),/home/zwz/FreeRTOS/FreeRTOS/Source/portable/GCC/ARM_CM3_MPU/port.c,76,76,1,-1,-1,
taskRESERVED_TASK_NAME_LENGTH,/home/zwz/FreeRTOS/FreeRTOS/Source/tasks.c:taskRESERVED_TASK_NAME_LENGTH:unsigned int(0),unsigned int(0),/home/zwz/FreeRTOS/FreeRTOS/Source/tasks.c,172,172,5,-1,-1,
MPU_StoreQueueHandleAtIndex,/home/zwz/FreeRTOS/FreeRTOS/Source/portable/Common/mpu_wrappers_v2.c:MPU_StoreQueueHandleAtIndex:ANY(2),ANY(2),/home/zwz/FreeRTOS/FreeRTOS/Source/portable/Common/mpu_wrappers_v2.c,200,200,5,-1,-1,"ANY p1, ANY p2"
listGET_OWNER_OF_HEAD_ENTRY,/home/zwz/FreeRTOS/FreeRTOS/Source/include/list.h:listGET_OWNER_OF_HEAD_ENTRY:ANY(1),ANY(1),/home/zwz/FreeRTOS/FreeRTOS/Source/timers.c,403,403,64,-1,-1,ANY p1
tmrNO_DELAY,/home/zwz/FreeRTOS/FreeRTOS/Source/timers.c:tmrNO_DELAY:ANY(0),ANY(0),/home/zwz/FreeRTOS/FreeRTOS/Source/timers.c,59,59,5,-1,-1,
MPU_GetStreamBufferHandleAtIndex,/home/zwz/FreeRTOS/FreeRTOS/Source/portable/Common/mpu_wrappers_v2.c:MPU_GetStreamBufferHandleAtIndex:ANY(1),ANY(1),/home/zwz/FreeRTOS/FreeRTOS/Source/portable/Common/mpu_wrappers_v2.c,233,233,9,-1,-1,ANY p1
queueLOCKED_UNMODIFIED,/home/zwz/FreeRTOS/FreeRTOS/Source/queue.c:queueLOCKED_UNMODIFIED:ANY(0),ANY(0),/home/zwz/FreeRTOS/FreeRTOS/Source/queue.c,53,53,1,-1,-1,
prvRECEIVE_COMPLETED,/home/zwz/FreeRTOS/FreeRTOS/Source/stream_buffer.c:prvRECEIVE_COMPLETED:ANY(1),ANY(1),/home/zwz/FreeRTOS/FreeRTOS/Source/stream_buffer.c,99,99,9,-1,-1,ANY p1
portNVIC_IP_REGISTERS_OFFSET_16,/home/zwz/FreeRTOS/FreeRTOS/Source/portable/GCC/ARM_CM3_MPU/port.c:portNVIC_IP_REGISTERS_OFFSET_16:ANY(0),ANY(0),/home/zwz/FreeRTOS/FreeRTOS/Source/portable/GCC/ARM_CM3_MPU/port.c,107,107,1,-1,-1,
portPRIVILEGED_RAM_REGION,/home/zwz/FreeRTOS/FreeRTOS/Source/portable/GCC/ARM_CM3_MPU/portmacro.h:portPRIVILEGED_RAM_REGION:ANY(0),ANY(0),/home/zwz/FreeRTOS/FreeRTOS/Source/portable/GCC/ARM_CM3_MPU/port.c,93,93,54,-1,-1,
tskSTATICALLY_ALLOCATED_STACK_ONLY,/home/zwz/FreeRTOS/FreeRTOS/Source/tasks.c:tskSTATICALLY_ALLOCATED_STACK_ONLY:ANY(0),ANY(0),/home/zwz/FreeRTOS/FreeRTOS/Source/tasks.c,124,124,1,-1,-1,
KERNEL_OBJECT_TYPE_TIMER,/home/zwz/FreeRTOS/FreeRTOS/Source/portable/Common/mpu_wrappers_v2.c:KERNEL_OBJECT_TYPE_TIMER:ANY(0),ANY(0),/home/zwz/FreeRTOS/FreeRTOS/Source/portable/Common/mpu_wrappers_v2.c,90,90,5,-1,-1,
portNVIC_SYSTICK_ENABLE,/home/zwz/FreeRTOS/FreeRTOS/Source/portable/GCC/ARM_CM3_MPU/port.c:portNVIC_SYSTICK_ENABLE:ANY(0),ANY(0),/home/zwz/FreeRTOS/FreeRTOS/Source/portable/GCC/ARM_CM3_MPU/port.c,89,89,1,-1,-1,
taskEXIT_CRITICAL_FROM_ISR,/home/zwz/FreeRTOS/FreeRTOS/Source/include/task.h:taskEXIT_CRITICAL_FROM_ISR:ANY(1),ANY(1),/home/zwz/FreeRTOS/FreeRTOS/Source/event_groups.c,251,251,9,-1,-1,ANY p1
taskTASK_IS_RUNNING_OR_SCHEDULED_TO_YIELD,/home/zwz/FreeRTOS/FreeRTOS/Source/tasks.c:taskTASK_IS_RUNNING_OR_SCHEDULED_TO_YIELD:ANY(1),ANY(1),/home/zwz/FreeRTOS/FreeRTOS/Source/tasks.c,326,326,5,-1,-1,ANY p1
listGET_LIST_ITEM_VALUE,/home/zwz/FreeRTOS/FreeRTOS/Source/include/list.h:listGET_LIST_ITEM_VALUE:ANY(1),ANY(1),/home/zwz/FreeRTOS/FreeRTOS/Source/event_groups.c,216,216,32,-1,-1,ANY p1
listIS_CONTAINED_WITHIN,/home/zwz/FreeRTOS/FreeRTOS/Source/include/list.h:listIS_CONTAINED_WITHIN:ANY(2),ANY(2),/home/zwz/FreeRTOS/FreeRTOS/Source/timers.c,414,414,51,-1,-1,"ANY p1, ANY p2"
tskSTACK_FILL_BYTE,/home/zwz/FreeRTOS/FreeRTOS/Source/tasks.c:tskSTACK_FILL_BYTE:ANY(0),ANY(0),/home/zwz/FreeRTOS/FreeRTOS/Source/tasks.c,120,120,1,-1,-1,
xQueueSendFromISR,/home/zwz/FreeRTOS/FreeRTOS/Source/include/queue.h:xQueueSendFromISR:ANY(3),ANY(3),/home/zwz/FreeRTOS/FreeRTOS/Source/timers.c,1278,1279,64,-1,-1,"ANY p1, ANY p2, ANY p3"
MPU_StoreTimerHandleAtIndex,/home/zwz/FreeRTOS/FreeRTOS/Source/portable/Common/mpu_wrappers_v2.c:MPU_StoreTimerHandleAtIndex:ANY(3),ANY(3),/home/zwz/FreeRTOS/FreeRTOS/Source/portable/Common/mpu_wrappers_v2.c,242,242,9,-1,-1,"ANY p1, ANY p2, ANY p3"
prvLockQueue,/home/zwz/FreeRTOS/FreeRTOS/Source/queue.c:prvLockQueue:ANY(1),ANY(1),/home/zwz/FreeRTOS/FreeRTOS/Source/queue.c,258,270,1,-1,-1,ANY p1
taskYIELD_TASK_CORE_IF_USING_PREEMPTION,/home/zwz/FreeRTOS/FreeRTOS/Source/tasks.c:taskYIELD_TASK_CORE_IF_USING_PREEMPTION:ANY(1),ANY(1),/home/zwz/FreeRTOS/FreeRTOS/Source/tasks.c,81,85,9,-1,-1,ANY p1
listINSERT_END,/home/zwz/FreeRTOS/FreeRTOS/Source/include/list.h:listINSERT_END:ANY(2),ANY(2),/home/zwz/FreeRTOS/FreeRTOS/Source/tasks.c,362,385,102,-1,-1,"ANY p1, ANY p2"
portTASK_IS_PRIVILEGED_FLAG,/home/zwz/FreeRTOS/FreeRTOS/Source/portable/GCC/ARM_CM3_MPU/portmacro.h:portTASK_IS_PRIVILEGED_FLAG:ANY(0),ANY(0),/home/zwz/FreeRTOS/FreeRTOS/Source/portable/GCC/ARM_CM3_MPU/port.c,143,143,65,-1,-1,
portSET_INTERRUPT_MASK_FROM_ISR,/home/zwz/FreeRTOS/FreeRTOS/Source/portable/GCC/ARM_CM3_MPU/portmacro.h:portSET_INTERRUPT_MASK_FROM_ISR:ANY(0),ANY(0),/home/zwz/FreeRTOS/FreeRTOS/Source/portable/GCC/ARM_CM3_MPU/port.c,208,208,21,-1,-1,
portIS_ADDRESS_WITHIN_RANGE,/home/zwz/FreeRTOS/FreeRTOS/Source/portable/GCC/ARM_CM3_MPU/port.c:portIS_ADDRESS_WITHIN_RANGE:ANY(3),ANY(3),/home/zwz/FreeRTOS/FreeRTOS/Source/portable/GCC/ARM_CM3_MPU/port.c,128,129,1,-1,-1,"ANY p1, ANY p2, ANY p3"
queueSEND_TO_BACK,/home/zwz/FreeRTOS/FreeRTOS/Source/include/queue.h:queueSEND_TO_BACK:ANY(0),ANY(0),/home/zwz/FreeRTOS/FreeRTOS/Source/queue.c,68,68,32,-1,-1,
taskYIELD,/home/zwz/FreeRTOS/FreeRTOS/Source/include/task.h:taskYIELD:ANY(0),ANY(0),/home/zwz/FreeRTOS/FreeRTOS/Source/tasks.c,216,216,91,-1,-1,
PRIVILEGED_DATA,/home/zwz/FreeRTOS/FreeRTOS/Source/include/mpu_wrappers.h:PRIVILEGED_DATA:ANY(0),ANY(0),/home/zwz/FreeRTOS/FreeRTOS/Source/timers.c,280,280,21,-1,-1,
tmrCOMMAND_DELETE,/home/zwz/FreeRTOS/FreeRTOS/Source/include/timers.h:tmrCOMMAND_DELETE:ANY(0),ANY(0),/home/zwz/FreeRTOS/FreeRTOS/Source/timers.c,62,62,29,-1,-1,
portTOP_BIT_OF_BYTE,/home/zwz/FreeRTOS/FreeRTOS/Source/portable/GCC/ARM_CM3_MPU/port.c:portTOP_BIT_OF_BYTE:ANY(0),ANY(0),/home/zwz/FreeRTOS/FreeRTOS/Source/portable/GCC/ARM_CM3_MPU/port.c,110,110,1,-1,-1,
portIS_TASK_PRIVILEGED,/home/zwz/FreeRTOS/FreeRTOS/Source/portable/GCC/ARM_CM3_MPU/portmacro.h:portIS_TASK_PRIVILEGED:ANY(0),ANY(0),/home/zwz/FreeRTOS/FreeRTOS/Source/portable/Common/mpu_wrappers_v2.c,311,311,58,-1,-1,
portBASE_TYPE_EXIT_CRITICAL,/home/zwz/FreeRTOS/FreeRTOS/Source/include/portable.h:portBASE_TYPE_EXIT_CRITICAL:ANY(0),ANY(0),/home/zwz/FreeRTOS/FreeRTOS/Source/timers.c,93,93,80,-1,-1,
tmrSTATUS_IS_AUTORELOAD,/home/zwz/FreeRTOS/FreeRTOS/Source/timers.c:tmrSTATUS_IS_AUTORELOAD:unsigned int(0),unsigned int(0),/home/zwz/FreeRTOS/FreeRTOS/Source/timers.c,80,80,5,-1,-1,
taskWAITING_NOTIFICATION,/home/zwz/FreeRTOS/FreeRTOS/Source/tasks.c:taskWAITING_NOTIFICATION:ANY(0),ANY(0),/home/zwz/FreeRTOS/FreeRTOS/Source/tasks.c,113,113,1,-1,-1,
portMPU_REGION_PRIVILEGED_READ_WRITE,/home/zwz/FreeRTOS/FreeRTOS/Source/portable/GCC/ARM_CM3_MPU/portmacro.h:portMPU_REGION_PRIVILEGED_READ_WRITE:ANY(0),ANY(0),/home/zwz/FreeRTOS/FreeRTOS/Source/portable/GCC/ARM_CM3_MPU/port.c,84,84,21,-1,-1,
xQueueCreate,/home/zwz/FreeRTOS/FreeRTOS/Source/include/queue.h:xQueueCreate:ANY(2),ANY(2),fuzz_harness.c,149,149,145,-1,-1,"ANY p1, ANY p2"
tskDEFAULT_INDEX_TO_NOTIFY,/home/zwz/FreeRTOS/FreeRTOS/Source/include/task.h:tskDEFAULT_INDEX_TO_NOTIFY:ANY(0),ANY(0),/home/zwz/FreeRTOS/FreeRTOS/Source/stream_buffer.c,82,82,88,-1,-1,
heapMULTIPLY_WILL_OVERFLOW,/home/zwz/FreeRTOS/FreeRTOS/Source/portable/MemMang/heap_4.c:heapMULTIPLY_WILL_OVERFLOW:ANY(2),ANY(2),/home/zwz/FreeRTOS/FreeRTOS/Source/portable/MemMang/heap_4.c,68,68,1,-1,-1,"ANY p1, ANY p2"
configTOTAL_HEAP_SIZE,/home/zwz/FreeRTOS/FreeRTOS/Source/include/FreeRTOSConfig.h:configTOTAL_HEAP_SIZE:ANY(0),ANY(0),/home/zwz/FreeRTOS/FreeRTOS/Source/portable/MemMang/heap_4.c,61,61,49,-1,-1,
tmrSTATUS_IS_AUTORELOAD,/home/zwz/FreeRTOS/FreeRTOS/Source/timers.c:tmrSTATUS_IS_AUTORELOAD:ANY(0),ANY(0),/home/zwz/FreeRTOS/FreeRTOS/Source/timers.c,80,80,5,-1,-1,
prvGetTCBFromHandle,/home/zwz/FreeRTOS/FreeRTOS/Source/tasks.c:prvGetTCBFromHandle:ANY(1),ANY(1),/home/zwz/FreeRTOS/FreeRTOS/Source/tasks.c,299,299,1,-1,-1,ANY p1
MPU_GetEventGroupHandleAtIndex,/home/zwz/FreeRTOS/FreeRTOS/Source/portable/Common/mpu_wrappers_v2.c:MPU_GetEventGroupHandleAtIndex:ANY(1),ANY(1),/home/zwz/FreeRTOS/FreeRTOS/Source/portable/Common/mpu_wrappers_v2.c,223,223,9,-1,-1,ANY p1
portBYTE_ALIGNMENT,/home/zwz/FreeRTOS/FreeRTOS/Source/portable/GCC/ARM_CM3_MPU/portmacro.h:portBYTE_ALIGNMENT:int(0),int(0),/home/zwz/FreeRTOS/FreeRTOS/Source/portable/MemMang/heap_4.c,163,163,12,-1,-1,
tmrCOMMAND_CHANGE_PERIOD,/home/zwz/FreeRTOS/FreeRTOS/Source/include/timers.h:tmrCOMMAND_CHANGE_PERIOD:ANY(0),ANY(0),/home/zwz/FreeRTOS/FreeRTOS/Source/timers.c,61,61,25,-1,-1,
heapBLOCK_IS_ALLOCATED,/home/zwz/FreeRTOS/FreeRTOS/Source/portable/MemMang/heap_4.c:heapBLOCK_IS_ALLOCATED:ANY(1),ANY(1),/home/zwz/FreeRTOS/FreeRTOS/Source/portable/MemMang/heap_4.c,82,82,1,-1,-1,ANY p1
heapFREE_BLOCK,/home/zwz/FreeRTOS/FreeRTOS/Source/portable/MemMang/heap_4.c:heapFREE_BLOCK:ANY(1),ANY(1),/home/zwz/FreeRTOS/FreeRTOS/Source/portable/MemMang/heap_4.c,84,84,1,-1,-1,ANY p1
portACL_ENTRY_SIZE_BITS,/home/zwz/FreeRTOS/FreeRTOS/Source/portable/GCC/ARM_CM3_MPU/portmacro.h:portACL_ENTRY_SIZE_BITS:ANY(0),ANY(0),/home/zwz/FreeRTOS/FreeRTOS/Source/portable/GCC/ARM_CM3_MPU/port.c,139,139,40,-1,-1,
listREMOVE_ITEM,/home/zwz/FreeRTOS/FreeRTOS/Source/include/list.h:listREMOVE_ITEM:ANY(1),ANY(1),/home/zwz/FreeRTOS/FreeRTOS/Source/tasks.c,322,338,64,-1,-1,ANY p1
tmrCOMMAND_EXECUTE_CALLBACK_FROM_ISR,/home/zwz/FreeRTOS/FreeRTOS/Source/include/timers.h:tmrCOMMAND_EXECUTE_CALLBACK_FROM_ISR:ANY(0),ANY(0),/home/zwz/FreeRTOS/FreeRTOS/Source/timers.c,55,55,10,-1,-1,
traceEVENT_GROUP_WAIT_BITS_END,/home/zwz/FreeRTOS/FreeRTOS/Source/include/FreeRTOS.h:traceEVENT_GROUP_WAIT_BITS_END:ANY(3),ANY(3),/home/zwz/FreeRTOS/FreeRTOS/Source/event_groups.c,916,916,15,-1,-1,"ANY p1, ANY p2, ANY p3"
configSYSTEM_CALL_STACK_SIZE,/home/zwz/FreeRTOS/FreeRTOS/Source/include/FreeRTOSConfig.h:configSYSTEM_CALL_STACK_SIZE:ANY(0),ANY(0),/home/zwz/FreeRTOS/FreeRTOS/Source/portable/GCC/ARM_CM3_MPU/port.c,128,128,7,-1,-1,
