FUZZ_INPUT @ 0x20000064
main address = 0x3940
Breakpoint address = 0x3a36
[2025-12-24T10:23:39Z INFO  libafl::events::launcher] spawning on cores: Cores { cmdline: "1", ids: [CoreId(1)] }
[2025-12-24T10:23:39Z INFO  libafl::events::launcher] child spawned with id 1 and bound to core CoreId(1)
[2025-12-24T10:23:39Z INFO  libafl::events::launcher] I am broker!!.
[2025-12-24T10:23:39Z INFO  libafl_bolts::llmp] Successfully setup signal handlers
[2025-12-24T10:23:39Z INFO  libafl::events::launcher] 2376973 PostFork
[2025-12-24T10:23:39Z INFO  libafl_bolts::llmp] Connected to port 1337
[2025-12-24T10:23:39Z INFO  libafl_bolts::llmp] New connection: 127.0.0.1:38060/127.0.0.1:38060
[2025-12-24T10:23:39Z INFO  libafl::events::llmp::restarting] Setting core affinity to CoreId(1)
[2025-12-24T10:23:39Z INFO  libafl::events::llmp::restarting] Spawning next client (id 0)
[2025-12-24T10:23:39Z INFO  libafl::events::llmp::restarting] First run. Let's set it all up
qemu_baremetal: warning: nic lan9118.0 has no peer
Devices = ["timer", "cpu_common", "cpu", "armv7m_nvic", "armv7m_systick", "armv7m", "or-irq", "cmsdk-apb-uart", "cmsdk-apb-uart", "cmsdk-apb-uart", "cmsdk-apb-uart", "cmsdk-apb-uart", "cmsdk-apb-timer", "cmsdk-apb-timer", "cmsdk-apb-dualtimer", "cmsdk-apb-watchdog", "led", "led", "led", "led", "led", "led", "led", "led", "mps2-scc", "led", "led", "mps2-fpgaio", "pl022_ssp", "or-irq", "pl022_ssp", "pl022_ssp", "or-irq", "pl022_ssp", "pl022_ssp", "i2c_bus", "i2c_bus", "i2c_bus", "i2c_bus", "lan9118-phy", "lan9118"]
qemu_baremetal: warning: icount sleep disabled and no active timers
[2025-12-24T10:23:39Z INFO  libafl_qemu::command::lqemu] Fuzzing starts @ PC 3940
[2025-12-24T10:23:39Z INFO  libafl::state] Loading file /home/zwz/Libafl/fuzzers/full_system/qemu_baremetal/corpus/golden_seed ...
Hello from FreeRTOS fuzz demo!
[TEST_CASE_COMPLETED]
[UserStats   #1]  (GLOBAL) run time: 0s, clients: 1, corpus: 0, objectives: 0, executions: 1, exec/sec: 0.000, edges: 100.000%
                  (CLIENT) corpus: 0, objectives: 0, executions: 1, exec/sec: 0.000, edges: 370/370 (100%)
[Testcase    #1]  (GLOBAL) run time: 0s, clients: 1, corpus: 1, objectives: 0, executions: 1, exec/sec: 0.000, edges: 100.000%
                  (CLIENT) corpus: 1, objectives: 0, executions: 1, exec/sec: 0.000, edges: 370/370 (100%)
We imported 1 inputs from disk.
Hello from FreeRTOS fuzz demo!
[TEST_CASE_COMPLETED]
Hello from FreeRTOS fuzz demo!
[TEST_CASE_COMPLETED]
Hello from FreeRTOS fuzz demo!
[TEST_CASE_COMPLETED]
Hello from FreeRTOS fuzz demo!
[TEST_CASE_COMPLETED]
Hello from FreeRTOS fuzz demo!
[TEST_CASE_COMPLETED]
Hello from FreeRTOS fuzz demo!
[TEST_CASE_COMPLETED]
Hello from FreeRTOS fuzz demo!
[[UserStats   #1]  (GLOBAL) run time: 0s, clients: 1, corpus: 1, objectives: 0, executions: 2, exec/sec: 0.000, edges: 100.000%
TEST                  (CLIENT) corpus: 1, objectives: 0, executions: 2, exec/sec: 0.000, edges: 371/371 (100%)
_CASE_COMPLETED]
[Testcase    #1]  (GLOBAL) run time: 0s, clients: 1, corpus: 2, objectives: 0, executions: 2, exec/sec: 0.000, edges: 100.000%
                  (CLIENT) corpus: 2, objectives: 0, executions: 2, exec/sec: 0.000, edges: 371/371 (100%)
[UserStats   #1]  (GLOBAL) run time: 0s, clients: 1, corpus: 2, objectives: 0, executions: 4, exec/sec: 0.000, edges: 100.000%
                  (CLIENT) corpus: 2, objectives: 0, executions: 4, exec/sec: 0.000, edges: 372/372 (100%)
[Testcase    #1]  (GLOBAL) run time: 0s, clients: 1, corpus: 3, objectives: 0, executions: 4, exec/sec: 0.000, edges: 100.000%
Hel                  (CLIENT) corpus: 3, objectives: 0, executions: 4, exec/sec: 0.000, edges: 372/372 (100%)
lo from FreeRTOS [UserStats   #1]  (GLOBAL) run time: 0s, clients: 1, corpus: 3, objectives: 0, executions: 7, exec/sec: 0.000, edges: 100.000%
fu                  (CLIENT) corpus: 3, objectives: 0, executions: 7, exec/sec: 0.000, edges: 374/374 (100%)
zz demo!
[TEST_CASE_COMPLETED]
[Testcase    #1]  (GLOBAL) run time: 0s, clients: 1, corpus: 4, objectives: 0, executions: 7, exec/sec: 0.000, edges: 100.000%
                  (CLIENT) corpus: 4, objectives: 0, executions: 7, exec/sec: 0.000, edges: 374/374 (100%)
[UserStats   #1]  (GLOBAL) run time: 0s, clients: 1, corpus: 4, objectives: 0, executions: 8, exec/sec: 0.000, edges: 100.000%
                  (CLIENT) corpus: 4, objectives: 0, executions: 8, exec/sec: 0.000, edges: 374/374 (100%)
[Testcase    #1]  (GLOBAL) run time: 0s, clients: 1, corpus: 5, objectives: 0, executions: 8, exec/sec: 0.000, edges: 100.000%
                  (CLIENT) corpus: 5, objectives: 0, executions: 8, exec/sec: 0.000, edges: 374/374 (100%)
Hello from FreeRTOS fuzz demo!
[TEST_CASE_COMPLETED]
Hello from FreeRTOS fuzz demo!
[TEST_CASE_COMPLETED]
Hello from FreeRTOS fuzz demo!
[TEST_CASE_COMPLETED]
Hello from FreeRTOS fuzz demo!
[TEST_CASE_COMPLETED]
Hello from FreeRTOS fuzz demo!
[TEST_CASE_COMPLETED]
Hello from FreeRTOS fuzz demo!
[TEST_CASE_COMPLETED]
Hello from FreeRTOS fuzz demo!
[TEST_CASE_COMPLETED]
Hello from FreeRTOS fuzz demo!
[TEST_CASE_COMPLETED]
Hello from FreeRTOS fuzz demo!
[TEST_CASE_COMPLETED[UserStats   #1]  (GLOBAL) run time: 0s, clients: 1, corpus: 5, objectives: 0, executions: 13, exec/sec: 0.000, edges: 100.000%
]
                  (CLIENT) corpus: 5, objectives: 0, executions: 13, exec/sec: 0.000, edges: 374/374 (100%)
[Testcase    #1]  (GLOBAL) run time: 0s, clients: 1, corpus: 6, objectives: 0, executions: 13, exec/sec: 0.000, edges: 100.000%
                  (CLIENT) corpus: 6, objectives: 0, executions: 13, exec/sec: 0.000, edges: 374/374 (100%)
Hello from FreeRTOS fuzz demo!
[TEST_CASE_COMPLETED]
Hello from FreeRTOS fuzz demo!
[TEST_CASE_COMPLETED]
Hello from FreeRTOS fuzz demo!
[TEST_CASE_COMPLETED]
Hello from FreeRTOS fuzz demo!
[TEST_CASE_COMPLETED]
Hello from FreeRTOS fuzz demo!
[TEST_CASE_COMPLETED]
Hello from FreeRTOS fuzz demo!
[TEST_CASE_COMPLETED]
Hello from FreeRTOS fuzz demo!
[TEST_CASE_COMPLETED]
Hello from FreeRTOS fuzz demo!
[TEST_CASE_COMPLETED]
[UserStats   #1]  (GLOBAL) run time: 0s, clients: 1, corpus: 6, objectives: 0, executions: 19, exec/sec: 0.000, edges: 100.000%, stability: 100.000%
                  (CLIENT) corpus: 6, objectives: 0, executions: 19, exec/sec: 0.000, edges: 374/374 (100%), stability: 374/374 (100%)
[UserStats   #1]  (GLOBAL) run time: 0s, clients: 1, corpus: 6, objectives: 0, executions: 21, exec/sec: 0.000, edges: 100.000%, stability: 100.000%
H                  (CLIENT) corpus: 6, objectives: 0, executions: 21, exec/sec: 0.000, edges: 374/374 (100%), stability: 374/374 (100%)
ello from FreeRTOS fuzz demo!
[TEST_CASE_COMPLETED]
[Testcase    #1]  (GLOBAL) run time: 0s, clients: 1, corpus: 7, objectives: 0, executions: 21, exec/sec: 0.000, edges: 100.000%, stability: 100.000%
                  (CLIENT) corpus: 7, objectives: 0, executions: 21, exec/sec: 0.000, edges: 374/374 (100%), stability: 374/374 (100%)
[UserStats   #1]  (GLOBAL) run time: 0s, clients: 1, corpus: 7, objectives: 0, executions: 22, exec/sec: 0.000, edges: 100.000%, stability: 100.000%
                  (CLIENT) corpus: 7, objectives: 0, executions: 22, exec/sec: 0.000, edges: 374/374 (100%), stability: 374/374 (100%)
[Testcase    #1]  (GLOBAL) run time: 0s, clients: 1, corpus: 8, objectives: 0, executions: 22, exec/sec: 0.000, edges: 100.000%, stability: 100.000%
                  (CLIENT) corpus: 8, objectives: 0, executions: 22, exec/sec: 0.000, edges: 374/374 (100%), stability: 374/374 (100%)
[UserStats   #1]  (GLOBAL) run time: 0s, clients: 1, corpus: 8, objectives: 0, executions: 23, exec/sec: 0.000, edges: 100.000%, stability: 100.000%
                  (CLIENT) corpus: 8, objectives: 0, executions: 23, exec/sec: 0.000, edges: 375/375 (100%), stability: 374/374 (100%)
Hello from FreeRTOS fuzz demo!
[TEST_CASE_COMPLETED]
[Testcase    #1]  (GLOBAL) run time: 0s, clients: 1, corpus: 9, objectives: 0, executions: 23, exec/sec: 0.000, edges: 100.000%, stability: 100.000%
                  (CLIENT) corpus: 9, objectives: 0, executions: 23, exec/sec: 0.000, edges: 375/375 (100%), stability: 374/374 (100%)
Hello from FreeRTOS fuzz demo!
[TEST_CASE_COMPLETED]
Hello from FreeRTOS fuzz demo!
[TEST_CASE_COMPLETED]
Hello from FreeRTOS fuzz demo!
[TEST_CASE_COMPLETED]
Hello from FreeRTOS fuzz demo!
[TEST_CASE_COMPLETED]
Hello from FreeRTOS fuzz demo!
[TEST_CASE_COMPLETED]
Hello from FreeRTOS fuzz demo!
[TEST_CASE_COMPLETED]
Hello from FreeRTOS fuzz demo!
[TEST_CASE_COMPLETED]
Hello from FreeRTOS fuzz demo!
[TEST_CASE_COMPLETED]
Hello from FreeRTOS fuzz demo!
[UserStats   #1]  (GLOBAL) run time: 0s, clients: 1, corpus: 9, objectives: 0, executions: 29, exec/sec: 0.000, edges: 100.000%, stability: 100.000%
                  (CLIENT) corpus: 9, objectives: 0, executions: 29, exec/sec: 0.000, edges: 375/375 (100%), stability: 374/374 (100%)
[TEST_CASE_COMPLETED]
[Testcase    #1]  (GLOBAL) run time: 0s, clients: 1, corpus: 10, objectives: 0, executions: 29, exec/sec: 0.000, edges: 100.000%, stability: 100.000%
                  (CLIENT) corpus: 10, objectives: 0, executions: 29, exec/sec: 0.000, edges: 375/375 (100%), stability: 374/374 (100%)
Hello from FreeRTOS fuzz demo!
[TEST_CASE_COMPLETED]
Hello from FreeRTOS fuzz demo!
[TEST_CASE_COMPLETED]
Hello from FreeRTOS fuzz demo!
[TEST_CASE_COMPLETED]
Hello from FreeRTOS fuzz demo!
[TEST_CASE_COMPLETED]
Hello from FreeRTOS fuzz demo!
[TEST_CASE_COMPLETED]
Hello from FreeRTOS fuzz demo!
[TEST_CASE_COMPLETED]
Hello from FreeRTOS fuzz demo!
[TEST_CASE_COMPLETED]
Hello from FreeRTOS fuzz demo!
[TEST_CASE_COMPLETED]
Hello from FreeRTOS fuzz demo!
[TEST_CASE_COMPLETED]
Hello from FreeRTOS fuzz demo!
[TEST_CASE_COMPLETED]
Hello from FreeRTOS fuzz demo!
[TEST_CASE_COMPLETED]
Hello from FreeRTOS fuzz demo!
[TEST_CASE_COMPLETED]
Hello from FreeRTOS fuzz demo!
[TEST_CASE_COMPLETED]
Hello from FreeRTOS fuzz demo!
[TEST_CASE_COMPLETED]
Hello from FreeRTOS fuzz demo!
[TEST_CASE_COMPLETED]
Hello from FreeRTOS fuzz demo!
[TEST_CASE_COMPLETED]
Hello from FreeRTOS fuzz demo!
[TEST_CASE_COMPLETED]
Hello from FreeRTOS fuzz demo!
[TEST_CASE_COMPLETED]
Hello from FreeRTOS fuzz demo!
[TEST_CASE_COMPLETED]
Hello from FreeRTOS fuzz demo!
[TEST_CASE_COMPLETED]
Hello from FreeRTOS fuzz demo!
[TEST_CASE_COMPLETED]
Hello from FreeRTOS fuzz demo!
[TEST_CASE_COMPLETED]
Hello from FreeRTOS fuzz demo!
[TEST_CASE_COMPLETED]
Hello from FreeRTOS fuzz demo!
[TEST_CASE_COMPLETED]
Hello from FreeRTOS fuzz demo!
[TEST_CASE_COMPLETED]
Hello from FreeRTOS fuzz demo!
[TEST_CASE_COMPLETED]
Hello from FreeRTOS fuzz demo!
[TEST_CASE_COMPLETED]
Hello from FreeRTOS fuzz demo!
[TEST_CASE_COMPLETED]
Hello from FreeRTOS fuzz demo!
[TEST_CASE_COMPLETED]
Hello from FreeRTOS fuzz demo!
[TEST_CASE_COMPLETED]
Hello from FreeRTOS fuzz demo!
[TEST_CASE_COMPLETED]
Hello from FreeRTOS fuzz demo!
[TEST_CASE_COMPLETED]
Hello from FreeRTOS fuzz demo!
[TEST_CASE_COMPLETED]
Hello from FreeRTOS fuzz demo!
[TEST_CASE_COMPLETED]
Hello from FreeRTOS fuzz demo!
[TEST_CASE_COMPLETED]
Hello from FreeRTOS fuzz demo!
[TEST_CASE_COMPLETED]
Hello from FreeRTOS fuzz demo!
[TEST_CASE_COMPLETED]
Hello from FreeRTOS fuzz demo!
[TEST_CASE_COMPLETED]
Hello from FreeRTOS fuzz demo!
[TEST_CASE_COMPLETED]
Hello from FreeRTOS fuzz demo!
[TEST_CASE_COMPLETED]
Hello from FreeRTOS fuzz demo!
[TEST_CASE_COMPLETED]
Hello from FreeRTOS fuzz demo!
[TEST_CASE_COMPLETED]
Hello from FreeRTOS fuzz demo!
[TEST_CASE_COMPLETED]
Hello from FreeRTOS fuzz demo!
[TEST_CASE_COMPLETED]
Hello from FreeRTOS fuzz demo!
[TEST_CASE_COMPLETED]
Hello from FreeRTOS fuzz demo!
[TEST_CASE_COMPLETED]
Hello from FreeRTOS fuzz demo!
[TEST_CASE_COMPLETED]
[UserStats   #1]  (GLOBAL) run time: 0s, clients: 1, corpus: 10, objectives: 0, executions: 78, exec/sec: 0.000, edges: 100.000%, stability: 100.000%
                  (CLIENT) corpus: 10, objectives: 0, executions: 78, exec/sec: 0.000, edges: 375/375 (100%), stability: 374/374 (100%)
[Testcase    #1]  (GLOBAL) run time: 0s, clients: 1, corpus: 11, objectives: 0, executions: 78, exec/sec: 0.000, edges: 100.000%, stability: 100.000%
                  (CLIENT) corpus: 11, objectives: 0, executions: 78, exec/sec: 0.000, edges: 375/375 (100%), stability: 374/374 (100%)
Hello from FreeRTOS fuzz demo!
[TEST_CASE_COMPLETED]
Hello from FreeRTOS fuzz demo!
[TEST_CASE_COMPLETED]
Hello from FreeRTOS fuzz demo!
[TEST_CASE_COMPLETED]
Hello from FreeRTOS fuzz demo!
[TEST_CASE_COMPLETED]
Hello from FreeRTOS fuzz demo!
[TEST_CASE_COMPLETED]
Hello from FreeRTOS fuzz demo!
[TEST_CASE_COMPLETED]
Hello from FreeRTOS fuzz demo!
[TEST_CASE_COMPLETED]
Hello from FreeRTOS fuzz demo!
[TEST_CASE_COMPLETED]
Hello from FreeRTOS fuzz demo!
[TEST_CASE_COMPLETED]
Hello from FreeRTOS fuzz demo!
[TEST_CASE_COMPLETED]
Hello from FreeRTOS fuzz demo!
[TEST_CASE_COMPLETED]
Hello from FreeRTOS fuzz demo!
[TEST_CASE_COMPLETED]
Hello from FreeRTOS fuzz demo!
[TEST_CASE_COMPLETED]
Hello from FreeRTOS fuzz demo!
[TEST_CASE_COMPLETED]
Hello from FreeRTOS fuzz demo!
[TEST_CASE_COMPLETED]
Hello from FreeRTOS fuzz demo!
[TEST_CASE_COMPLETED]
Hello from FreeRTOS fuzz demo!
[TEST_CASE_COMPLETED]
Hello from FreeRTOS fuzz demo!
[TEST_CASE_COMPLETED]
Hello from FreeRTOS fuzz demo!
[TEST_CASE_COMPLETED]
Hello from FreeRTOS fuzz demo!
[TEST_CASE_COMPLETED]
Hello from FreeRTOS fuzz demo!
[TEST_CASE_COMPLETED]
Hello from FreeRTOS fuzz demo!
[TEST_CASE_COMPLETED]
Hello from FreeRTOS fuzz demo!
[TEST_CASE_COMPLETED]
Hello from FreeRTOS fuzz demo!
[TEST_CASE_COMPLETED]
Hello from FreeRTOS fuzz demo!
[TEST_CASE_COMPLETED]
Hello from FreeRTOS fuzz demo!
[TEST_CASE_COMPLETED]
Hello from FreeRTOS fuzz demo!
[TEST_CASE_COMPLETED]
Hello from FreeRTOS fuzz demo!
[TEST_CASE_COMPLETED]
[UserStats   #1]  (GLOBAL) run time: 0s, clients: 1, corpus: 11, objectives: 0, executions: 105, exec/sec: 0.000, edges: 100.000%, stability: 100.000%
                  (CLIENT) corpus: 11, objectives: 0, executions: 105, exec/sec: 0.000, edges: 376/376 (100%), stability: 374/374 (100%)
Hello from FreeRTOS fuzz demo!
[TEST_CASE_COMPLETED]
[Testcase    #1]  (GLOBAL) run time: 0s, clients: 1, corpus: 12, objectives: 0, executions: 105, exec/sec: 0.000, edges: 100.000%, stability: 100.000%
                  (CLIENT) corpus: 12, objectives: 0, executions: 105, exec/sec: 0.000, edges: 376/376 (100%), stability: 374/374 (100%)
Hello from FreeRTOS fuzz demo!
[TEST_CASE_COMPLETED]
Hello from FreeRTOS fuzz demo!
[TEST_CASE_COMPLETED]
Hello from FreeRTOS fuzz demo!
[TEST_CASE_COMPLETED]
Hello from FreeRTOS fuzz demo!
[TEST_CASE_COMPLETED]
Hello from FreeRTOS fuzz demo!
[TEST_CASE_COMPLETED]
Hello from FreeRTOS fuzz demo!
[TEST_CASE_COMPLETED]
Hello from FreeRTOS fuzz demo!
[TEST_CASE_COMPLETED]
Hello from FreeRTOS fuzz demo!
[TEST_CASE_COMPLETED]
Hello from FreeRTOS fuzz demo!
[TEST_CASE_COMPLETED]
Hello from FreeRTOS fuzz demo!
[TEST_CASE_COMPLETED]
Hello from FreeRTOS fuzz demo!
[TEST_CASE_COMPLETED]
Hello from FreeRTOS fuzz demo!
[TEST_CASE_COMPLETED]
Hello from FreeRTOS fuzz demo!
[TEST_CASE_COMPLETED]
Hello from FreeRTOS fuzz demo!
[TEST_CASE_COMPLETED]
Hello from FreeRTOS fuzz demo!
[TEST_CASE_COMPLETED]
Hello from FreeRTOS fuzz demo!
[TEST_CASE_COMPLETED]
Hello from FreeRTOS fuzz demo!
[TEST_CASE_COMPLETED]
Hello from FreeRTOS fuzz demo!
[TEST_CASE_COMPLETED]
Hello from FreeRTOS fuzz demo!
[TEST_CASE_COMPLETED]
Hello from FreeRTOS fuzz demo!
[TEST_CASE_COMPLETED]
Hello from FreeRTOS fuzz demo!
[TEST_CASE_COMPLETED]
Hello from FreeRTOS fuzz demo!
[TEST_CASE_COMPLETED]
Hello from FreeRTOS fuzz demo!
[TEST_CASE_COMPLETED]
Hello from FreeRTOS fuzz demo!
[TEST_CASE_COMPLETED]
Hello from FreeRTOS fuzz demo!
[TEST_CASE_COMPLETED]
Hello from FreeRTOS fuzz demo!
[TEST_CASE_COMPLETED]
Hello from FreeRTOS fuzz demo!
[TEST_CASE_COMPLETED]
Hello from FreeRTOS fuzz demo!
[TEST_CASE_COMPLETED]
Hello from FreeRTOS fuzz demo!
[TEST_CASE_COMPLETED]
Hello from FreeRTOS fuzz demo!
[TEST_CASE_COMPLETED]
Hello from FreeRTOS fuzz demo!
[TEST_CASE_COMPLETED]
Hello from FreeRTOS fuzz demo!
[TEST_CASE_COMPLETED]
Hello from FreeRTOS fuzz demo!
[TEST_CASE_COMPLETED]
Hello from FreeRTOS fuzz demo!
[TEST_CASE_COMPLETED]
Hello from FreeRTOS fuzz demo!
[TEST_CASE_COMPLETED]
Hello from FreeRTOS fuzz demo!
[TEST_CASE_COMPLETED]
Hello from FreeRTOS fuzz demo!
[TEST_CASE_COMPLETED]
Hello from FreeRTOS fuzz demo!
[TEST_CASE_COMPLETED]
Hello from FreeRTOS fuzz demo!
[TEST_CASE_COMPLETED]
Hello from FreeRTOS fuzz demo!
[TEST_CASE_COMPLETED]
Hello from FreeRTOS fuzz demo!
[TEST_CASE_COMPLETED]
Hello from FreeRTOS fuzz demo!
[TEST_CASE_COMPLETED]
Hello from FreeRTOS fuzz demo!
[TEST_CASE_COMPLETED]
Hello from FreeRTOS fuzz demo!
[TEST_CASE_COMPLETED]
Hello from FreeRTOS fuzz demo!
[TEST_CASE_COMPLETED]
Hello from FreeRTOS fuzz demo!
[TEST_CASE_COMPLETED]
Hello from FreeRTOS fuzz demo!
[TEST_CASE_COMPLETED]
Hello from FreeRTOS fuzz demo!
[TEST_CASE_COMPLETED]
Hello from FreeRTOS fuzz demo!
[TEST_CASE_COMPLETED]
Hello from FreeRTOS fuzz demo!
[TEST_CASE_COMPLETED]
Hello from FreeRTOS fuzz demo!
[TEST_CASE_COMPLETED]
Hello from FreeRTOS fuzz demo!
[TEST_CASE_COMPLETED]
Hello from FreeRTOS fuzz demo!
[TEST_CASE_COMPLETED]
Hello from FreeRTOS fuzz demo!
[TEST_CASE_COMPLETED]
Hello from FreeRTOS fuzz demo!
[TEST_CASE_COMPLETED]
Hello from FreeRTOS fuzz demo!
[TEST_CASE_COMPLETED]
Hello from FreeRTOS fuzz demo!
[TEST_CASE_COMPLETED]
Hello from FreeRTOS fuzz demo!
[TEST_CASE_COMPLETED]
Hello from FreeRTOS fuzz demo!
[TEST_CASE_COMPLETED]
Hello from FreeRTOS fuzz demo!
[TEST_CASE_COMPLETED]
Hello from FreeRTOS fuzz demo!
[TEST_CASE_COMPLETED]
Hello from FreeRTOS fuzz demo!
[TEST_CASE_COMPLETED]
Hello from FreeRTOS fuzz demo!
[UserStats   #1]  (GLOBAL) run time: 0s, clients: 1, corpus: 12, objectives: 0, executions: 174, exec/sec: 0.000, edges: 100.000%, stability: 100.000%
                  (CLIENT) corpus: 12, objectives: 0, executions: 174, exec/sec: 0.000, edges: 377/377 (100%), stability: 374/374 (100%)
[TEST_CASE_COMPLETED]
[Testcase    #1]  (GLOBAL) run time: 0s, clients: 1, corpus: 13, objectives: 0, executions: 174, exec/sec: 0.000, edges: 100.000%, stability: 100.000%
                  (CLIENT) corpus: 13, objectives: 0, executions: 174, exec/sec: 0.000, edges: 377/377 (100%), stability: 374/374 (100%)
[UserStats   #1]  (GLOBAL) run time: 0s, clients: 1, corpus: 13, objectives: 0, executions: 175, exec/sec: 0.000, edges: 100.000%, stability: 100.000%
                  (CLIENT) corpus: 13, objectives: 0, executions: 175, exec/sec: 0.000, edges: 377/377 (100%), stability: 374/374 (100%)
Hello from FreeRTOS fuzz de[Testcase    #1]  (GLOBAL) run time: 0s, clients: 1, corpus: 14, objectives: 0, executions: 175, exec/sec: 0.000, edges: 100.000%, stability: 100.000%
mo                  (CLIENT) corpus: 14, objectives: 0, executions: 175, exec/sec: 0.000, edges: 377/377 (100%), stability: 374/374 (100%)
!
[TEST_CASE_COMPLETED]
Hello from FreeRTOS fuzz demo!
[TEST_CASE_COMPLETED]
Hello from FreeRTOS fuzz demo!
[TEST_CASE_COMPLETED]
Hello from FreeRTOS fuzz demo!
[TEST_CASE_COMPLETED]
Hello from FreeRTOS fuzz demo!
[TEST_CASE_COMPLETED]
Hello from FreeRTOS fuzz demo!
[TEST_CASE_COMPLETED]
Hello from FreeRTOS fuzz demo!
[TEST_CASE_COMPLETED]
Hello from FreeRTOS fuzz demo!
[TEST_CASE_COMPLETED]
Hello from FreeRTOS fuzz demo!
[TEST_CASE_COMPLETED]
Hello from FreeRTOS fuzz demo!
[TEST_CASE_COMPLETED]
Hello from FreeRTOS fuzz demo!
[TEST_CASE_COMPLETED]
Hello from FreeRTOS fuzz demo!
[TEST_CASE_COMPLETED]
Hello from FreeRTOS fuzz demo!
[TEST_CASE_COMPLETED]
Hello from FreeRTOS fuzz demo!
[TEST_CASE_COMPLETED]
Hello from FreeRTOS fuzz demo!
[TEST_CASE_COMPLETED]
Hello from FreeRTOS fuzz demo!
[TEST_CASE_COMPLETED]
Hello from FreeRTOS fuzz demo!
[TEST_CASE_COMPLETED]
Hello from FreeRTOS fuzz demo!
[TEST_CASE_COMPLETED]
Hello from FreeRTOS fuzz demo!
[TEST_CASE_COMPLETED]
Hello from FreeRTOS fuzz demo!
[TEST_CASE_COMPLETED]
Hello from FreeRTOS fuzz demo!
[TEST_CASE_COMPLETED]
Hello from FreeRTOS fuzz demo!
[TEST_CASE_COMPLETED]
Hello from FreeRTOS fuzz demo!
[TEST_CASE_COMPLETED]
Hello from FreeRTOS fuzz demo!
[TEST_CASE_COMPLETED]
Hello from FreeRTOS fuzz demo!
[TEST_CASE_COMPLETED]
Hello from FreeRTOS fuzz demo!
[TEST_CASE_COMPLETED]
Hello from FreeRTOS fuzz demo!
[TEST_CASE_COMPLETED]
[UserStats   #1]  (GLOBAL) run time: 0s, clients: 1, corpus: 14, objectives: 0, executions: 203, exec/sec: 0.000, edges: 100.000%, stability: 100.000%
                  (CLIENT) corpus: 14, objectives: 0, executions: 203, exec/sec: 0.000, edges: 378/378 (100%), stability: 374/374 (100%)
Hello from FreeRTOS fuzz demo!
[TEST_CASE_COMPLETED]
[Testcase    #1]  (GLOBAL) run time: 0s, clients: 1, corpus: 15, objectives: 0, executions: 203, exec/sec: 0.000, edges: 100.000%, stability: 100.000%
                  (CLIENT) corpus: 15, objectives: 0, executions: 203, exec/sec: 0.000, edges: 378/378 (100%), stability: 374/374 (100%)
Hello from FreeRTOS fuzz demo!
[TEST_CASE_COMPLETED]
Hello from FreeRTOS fuzz demo!
[TEST_CASE_COMPLETED]
Hello from FreeRTOS fuzz demo!
[TEST_CASE_COMPLETED]
Hello from FreeRTOS fuzz demo!
[TEST_CASE_COMPLETED]
Hello from FreeRTOS fuzz demo!
[TEST_CASE_COMPLETED]
Hello from FreeRTOS fuzz demo!
[TEST_CASE_COMPLETED]
Hello from FreeRTOS fuzz demo!
[TEST_CASE_COMPLETED]
Hello from FreeRTOS fuzz demo!
[TEST_CASE_COMPLETED]
[UserStats   #1]  (GLOBAL) run time: 0s, clients: 1, corpus: 15, objectives: 0, executions: 206, exec/sec: 0.000, edges: 100.000%, stability: 100.000%
                  (CLIENT) corpus: 15, objectives: 0, executions: 206, exec/sec: 0.000, edges: 378/378 (100%), stability: 374/374 (100%)
Hello from FreeRTOS fuzz demo!
[Testcase    #1]  (GLOBAL) run time: 0s, clients: 1, corpus: 16, objectives: 0, executions: 206, exec/sec: 0.000, edges: 100.000%, stability: 100.000%
                  (CLIENT) corpus: 16, objectives: 0, executions: 206, exec/sec: 0.000, edges: 378/378 (100%), stability: 374/374 (100%)
[TEST_CASE_COMPLETED]
Hello from FreeRTOS fuzz demo!
[TEST_CASE_COMPLETED]
Hello from FreeRTOS fuzz demo!
[TEST_CASE_COMPLETED]
Hello from FreeRTOS fuzz demo!
[TEST_CASE_COMPLETED]
Hello from FreeRTOS fuzz demo!
[TEST_CASE_COMPLETED]
Hello from FreeRTOS fuzz demo!
[TEST_CASE_COMPLETED]
Hello from FreeRTOS fuzz demo!
[TEST_CASE_COMPLETED]
Hello from FreeRTOS fuzz demo!
[TEST_CASE_COMPLETED]
Hello from FreeRTOS fuzz demo!
[TEST_CASE_COMPLETED]
Hello from FreeRTOS fuzz demo!
[TEST_CASE_COMPLETED]
Hello from FreeRTOS fuzz demo!
[TEST_CASE_COMPLETED]
Hello from FreeRTOS fuzz demo!
[TEST_CASE_COMPLETED]
Hello from FreeRTOS fuzz demo!
[TEST_CASE_COMPLETED]
Hello from FreeRTOS fuzz demo!
[TEST_CASE_COMPLETED]
Hello from FreeRTOS fuzz demo!
[TEST_CASE_COMPLETED]
Hello from FreeRTOS fuzz demo!
[TEST_CASE_COMPLETED]
Hello from FreeRTOS fuzz demo!
[TEST_CASE_COMPLETED]
Hello from FreeRTOS fuzz demo!
[TEST_CASE_COMPLETED]
Hello from FreeRTOS fuzz demo!
[UserStats   #1]  (GLOBAL) run time: 0s, clients: 1, corpus: 16, objectives: 0, executions: 230, exec/sec: 0.000, edges: 100.000%, stability: 100.000%
                  (CLIENT) corpus: 16, objectives: 0, executions: 230, exec/sec: 0.000, edges: 379/379 (100%), stability: 374/374 (100%)
[TEST_CASE_COMPLETED]
[Testcase    #1]  (GLOBAL) run time: 0s, clients: 1, corpus: 17, objectives: 0, executions: 230, exec/sec: 0.000, edges: 100.000%, stability: 100.000%
                  (CLIENT) corpus: 17, objectives: 0, executions: 230, exec/sec: 0.000, edges: 379/379 (100%), stability: 374/374 (100%)
Hello from FreeRTOS fuzz demo!
[TEST_CASE_COMPLETED]
Hello from FreeRTOS fuzz demo!
[TEST_CASE_COMPLETED]
Hello from FreeRTOS fuzz demo!
[TEST_CASE_COMPLETED]
Hello from FreeRTOS fuzz demo!
[TEST_CASE_COMPLETED]
Hello from FreeRTOS fuzz demo!
[TEST_CASE_COMPLETED]
Hello from FreeRTOS fuzz demo!
[TEST_CASE_COMPLETED]
Hello from FreeRTOS fuzz demo!
[TEST_CASE_COMPLETED]
Hello from FreeRTOS fuzz demo!
[TEST_CASE_COMPLETED]
Hello from FreeRTOS fuzz demo!
[TEST_CASE_COMPLETED]
[UserStats   #1]  (GLOBAL) run time: 0s, clients: 1, corpus: 17, objectives: 0, executions: 231, exec/sec: 0.000, edges: 100.000%, stability: 100.000%
                  (CLIENT) corpus: 17, objectives: 0, executions: 231, exec/sec: 0.000, edges: 379/379 (100%), stability: 374/374 (100%)
[Testcase    #1]  (GLOBAL) run time: 0s, clients: 1, corpus: 18, objectives: 0, executions: 231, exec/sec: 0.000, edges: 100.000%, stability: 100.000%
                  (CLIENT) corpus: 18, objectives: 0, executions: 231, exec/sec: 0.000, edges: 379/379 (100%), stability: 374/374 (100%)
Hello from FreeRTOS fuzz demo!
[TEST_CASE_COMPLETED]
Hello from FreeRTOS fuzz demo!
[TEST_CASE_COMPLETED]
Hello from FreeRTOS fuzz demo!
[TEST_CASE_COMPLETED]
Hello from FreeRTOS fuzz demo!
[TEST_CASE_COMPLETED]
Hello from FreeRTOS fuzz demo!
[TEST_CASE_COMPLETED]
Hello from FreeRTOS fuzz demo!
[TEST_CASE_COMPLETED]
Hello from FreeRTOS fuzz demo!
[TEST_CASE_COMPLETED]
Hello from FreeRTOS fuzz demo!
[TEST_CASE_COMPLETED]
Hello from FreeRTOS fuzz demo!
[TEST_CASE_COMPLETED]
Hello from FreeRTOS fuzz demo!
[TEST_CASE_COMPLETED]
Hello from FreeRTOS fuzz demo!
[TEST_CASE_COMPLETED]
Hello from FreeRTOS fuzz demo!
[TEST_CASE_COMPLETED]
Hello from FreeRTOS fuzz demo!
[TEST_CASE_COMPLETED]
Hello from FreeRTOS fuzz demo!
[TEST_CASE_COMPLETED]
Hello from FreeRTOS fuzz demo!
[TEST_CASE_COMPLETED]
Hello from FreeRTOS fuzz demo!
[TEST_CASE_COMPLETED]
Hello from FreeRTOS fuzz demo!
[TEST_CASE_COMPLETED]
Hello from FreeRTOS fuzz demo!
[TEST_CASE_COMPLETED]
Hello from FreeRTOS fuzz demo!
[TEST_CASE_COMPLETED]
Hello from FreeRTOS fuzz demo!
[TEST_CASE_COMPLETED]
Hello from FreeRTOS fuzz demo!
[TEST_CASE_COMPLETED]
Hello from FreeRTOS fuzz demo!
[TEST_CASE_COMPLETED]
Hello from FreeRTOS fuzz demo!
[TEST_CASE_COMPLETED]
Hello from FreeRTOS fuzz demo!
[TEST_CASE_COMPLETED]
Hello from FreeRTOS fuzz demo!
[TEST_CASE_COMPLETED]
Hello from FreeRTOS fuzz demo!
[TEST_CASE_COMPLETED]
Hello from FreeRTOS fuzz demo!
[TEST_CASE_COMPLETED]
Hello from FreeRTOS fuzz demo!
[TEST_CASE_COMPLETED]
Hello from FreeRTOS fuzz demo!
[TEST_CASE_COMPLETED]
Hello from FreeRTOS fuzz demo!
[TEST_CASE_COMPLETED]
Hello from FreeRTOS fuzz demo!
[TEST_CASE_COMPLETED]
Hello from FreeRTOS fuzz demo!
[TEST_CASE_COMPLETED]
Hello from FreeRTOS fuzz demo!
[TEST_CASE_COMPLETED]
Hello from FreeRTOS fuzz demo!
[TEST_CASE_COMPLETED]
Hello from FreeRTOS fuzz demo!
[TEST_CASE_COMPLETED]
Hello from FreeRTOS fuzz demo!
[TEST_CASE_COMPLETED]
Hello from FreeRTOS fuzz demo!
[TEST_CASE_COMPLETED]
[UserStats   #1]  (GLOBAL) run time: 0s, clients: 1, corpus: 18, objectives: 0, executions: 272, exec/sec: 0.000, edges: 100.000%, stability: 100.000%
                  (CLIENT) corpus: 18, objectives: 0, executions: 272, exec/sec: 0.000, edges: 379/379 (100%), stability: 374/374 (100%)
[Testcase    #1]  (GLOBAL) run time: 0s, clients: 1, corpus: 19, objectives: 0, executions: 272, exec/sec: 0.000, edges: 100.000%, stability: 100.000%
                  (CLIENT) corpus: 19, objectives: 0, executions: 272, exec/sec: 0.000, edges: 379/379 (100%), stability: 374/374 (100%)
[UserStats   #1]  (GLOBAL) run time: 0s, clients: 1, corpus: 19, objectives: 0, executions: 275, exec/sec: 0.000, edges: 100.000%, stability: 100.000%
                  (CLIENT) corpus: 19, objectives: 0, executions: 275, exec/sec: 0.000, edges: 380/380 (100%), stability: 374/374 (100%)
Hello from FreeRTOS fuzz demo!
[TEST_C[Testcase    #1]  (GLOBAL) run time: 0s, clients: 1, corpus: 20, objectives: 0, executions: 275, exec/sec: 0.000, edges: 100.000%, stability: 100.000%
AS                  (CLIENT) corpus: 20, objectives: 0, executions: 275, exec/sec: 0.000, edges: 380/380 (100%), stability: 374/374 (100%)
E_COMPLETED]
Hello from FreeRTOS fuzz demo!
[TEST_CASE_COMPLETED]
Hello from FreeRTOS fuzz demo!
[TEST_CASE_COMPLETED]
Hello from FreeRTOS fuzz demo!
[TEST_CASE_COMPLETED]
Hello from FreeRTOS fuzz demo!
[TEST_CASE_COMPLETED]
Hello from FreeRTOS fuzz demo!
[TEST_CASE_COMPLETED]
Hello from FreeRTOS fuzz demo!
[TEST_CASE_COMPLETED]
Hello from FreeRTOS fuzz demo!
[TEST_CASE_COMPLETED]
Hello from FreeRTOS fuzz demo!
[TEST_CASE_COMPLETED]
Hello from FreeRTOS fuzz demo!
[TEST_CASE_COMPLETED]
Hello from FreeRTOS fuzz demo!
[TEST_CASE_COMPLETED]
Hello from FreeRTOS fuzz demo!
[TEST_CASE_COMPLETED]
Hello from FreeRTOS fuzz demo!
[TEST_CASE_COMPLETED]
Hello from FreeRTOS fuzz demo!
[TEST_CASE_COMPLETED]
Hello from FreeRTOS fuzz demo!
[TEST_CASE_COMPLETED]
Hello from FreeRTOS fuzz demo!
[TEST_CASE_COMPLETED]
Hello from FreeRTOS fuzz demo!
[TEST_CASE_COMPLETED]
Hello from FreeRTOS fuzz demo!
[TEST_CASE_COMPLETED]
Hello from FreeRTOS fuzz demo!
[TEST_CASE_COMPLETED]
Hello from FreeRTOS fuzz demo!
[TEST_CASE_COMPLETED]
Hello from FreeRTOS fuzz demo!
[TEST_CASE_COMPLETED]
Hello from FreeRTOS fuzz demo!
[TEST_CASE_COMPLETED]
Hello from FreeRTOS fuzz demo!
[TEST_CASE_COMPLETED]
Hello from FreeRTOS fuzz demo!
[TEST_CASE_COMPLETED]
Hello from FreeRTOS fuzz demo!
[TEST_CASE_COMPLETED]
Hello from FreeRTOS fuzz demo!
[TEST_CASE_COMPLETED]
Hello from FreeRTOS fuzz demo!
[TEST_CASE_COMPLETED]
Hello from FreeRTOS fuzz demo!
[TEST_CASE_COMPLETED]
Hello from FreeRTOS fuzz demo!
[TEST_CASE_COMPLETED]
Hello from FreeRTOS fuzz demo!
[TEST_CASE_COMPLETED]
Hello from FreeRTOS fuzz demo!
[TEST_CASE_COMPLETED]
Hello from FreeRTOS fuzz demo!
[TEST_CASE_COMPLETED]
Hello from FreeRTOS fuzz demo!
[TEST_CASE_COMPLETED]
Hello from FreeRTOS fuzz demo!
[TEST_CASE_COMPLETED]
Hello from FreeRTOS fuzz demo!
[TEST_CASE_COMPLETED]
Hello from FreeRTOS fuzz demo!
[TEST_CASE_COMPLETED]
Hello from FreeRTOS fuzz demo!
[TEST_CASE_COMPLETED]
Hello from FreeRTOS fuzz demo!
[TEST_CASE_COMPLETED]
Hello from FreeRTOS fuzz demo!
[TEST_CASE_COMPLETED]
Hello from FreeRTOS fuzz demo!
[TEST_CASE_COMPLETED]
Hello from FreeRTOS fuzz demo!
[TEST_CASE_COMPLETED]
Hello from FreeRTOS fuzz demo!
[TEST_CASE_COMPLETED]
Hello from FreeRTOS fuzz demo!
[TEST_CASE_COMPLETED]
Hello from FreeRTOS fuzz demo!
[TEST_CASE_COMPLETED]
Hello from FreeRTOS fuzz demo!
[TEST_CASE_COMPLETED]
Hello from FreeRTOS fuzz demo!
[TEST_CASE_COMPLETED]
Hello from FreeRTOS fuzz demo!
[TEST_CASE_COMPLETED]
Hello from FreeRTOS fuzz demo!
[TEST_CASE_COMPLETED]
Hello from FreeRTOS fuzz demo!
[TEST_CASE_COMPLETED]
Hello from FreeRTOS fuzz demo!
[TEST_CASE_COMPLETED]
Hello from FreeRTOS fuzz demo!
[TEST_CASE_COMPLETED]
Hello from FreeRTOS fuzz demo!
[TEST_CASE_COMPLETED]
Hello from FreeRTOS fuzz demo!
[TEST_CASE_COMPLETED]
Hello from FreeRTOS fuzz demo!
[TEST_CASE_COMPLETED]
Hello from FreeRTOS fuzz demo!
[TEST_CASE_COMPLETED]
Hello from FreeRTOS fuzz demo!
[TEST_CASE_COMPLETED]
[UserStats   #1]  (GLOBAL) run time: 0s, clients: 1, corpus: 20, objectives: 0, executions: 324, exec/sec: 0.000, edges: 100.000%, stability: 100.000%
                  (CLIENT) corpus: 20, objectives: 0, executions: 324, exec/sec: 0.000, edges: 380/380 (100%), stability: 374/374 (100%)
Hello from FreeRTOS fuzz d[Testcase    #1]  (GLOBAL) run time: 0s, clients: 1, corpus: 21, objectives: 0, executions: 324, exec/sec: 0.000, edges: 100.000%, stability: 100.000%
e                  (CLIENT) corpus: 21, objectives: 0, executions: 324, exec/sec: 0.000, edges: 380/380 (100%), stability: 374/374 (100%)
mo!
[TEST_CASE_COMPLETED]
Hello from FreeRTOS fuzz demo!
[TEST_CASE_COMPLETED]
Hello from FreeRTOS fuzz demo!
[TEST_CASE_COMPLETED]
Hello from FreeRTOS fuzz demo!
[TEST_CASE_COMPLETED]
Hello from FreeRTOS fuzz demo!
[TEST_CASE_COMPLETED]
Hello from FreeRTOS fuzz demo!
[TEST_CASE_COMPLETED]
Hello from FreeRTOS fuzz demo!
[TEST_CASE_COMPLETED]
Hello from FreeRTOS fuzz demo!
[TEST_CASE_COMPLETED]
Hello from FreeRTOS fuzz demo!
[TEST_CASE_COMPLETED]
Hello from FreeRTOS fuzz demo!
[TEST_CASE_COMPLETED]
Hello from FreeRTOS fuzz demo!
[TEST_CASE_COMPLETED]
Hello from FreeRTOS fuzz demo!
[TEST_CASE_COMPLETED]
Hello from FreeRTOS fuzz demo!
[TEST_CASE_COMPLETED]
Hello from FreeRTOS fuzz demo!
[TEST_CASE_COMPLETED]
Hello from FreeRTOS fuzz demo!
[TEST_CASE_COMPLETED]
Hello from FreeRTOS fuzz demo!
[TEST_CASE_COMPLETED]
Hello from FreeRTOS fuzz demo!
[TEST_CASE_COMPLETED]
Hello from FreeRTOS fuzz demo!
[TEST_CASE_COMPLETED]
Hello from FreeRTOS fuzz demo!
[TEST_CASE_COMPLETED]
Hello from FreeRTOS fuzz demo!
[TEST_CASE_COMPLETED]
Hello from FreeRTOS fuzz demo!
[TEST_CASE_COMPLETED]
Hello from FreeRTOS fuzz demo!
[TEST_CASE_COMPLETED]
Hello from FreeRTOS fuzz demo!
[TEST_CASE_COMPLETED]
Hello from FreeRTOS fuzz demo!
[TEST_CASE_COMPLETED]
Hello from FreeRTOS fuzz demo!
[TEST_CASE_COMPLETED]
Hello from FreeRTOS fuzz demo!
[TEST_CASE_COMPLETED]
Hello from FreeRTOS fuzz demo!
[TEST_CASE_COMPLETED]
Hello from FreeRTOS fuzz demo!
[TEST_CASE_COMPLETED]
Hello from FreeRTOS fuzz demo!
[TEST_CASE_COMPLETED]
Hello from FreeRTOS fuzz demo!
[TEST_CASE_COMPLETED]
Hello from FreeRTOS fuzz demo!
[TEST_CASE_COMPLETED]
Hello from FreeRTOS fuzz demo!
[TEST_CASE_COMPLETED]
Hello from FreeRTOS fuzz demo!
[TEST_CASE_COMPLETED]
Hello from FreeRTOS fuzz demo!
[TEST_CASE_COMPLETED]
Hello from FreeRTOS fuzz demo!
[TEST_CASE_COMPLETED]
Hello from FreeRTOS fuzz demo!
[TEST_CASE_COMPLETED]
Hello from FreeRTOS fuzz demo!
[TEST_CASE_COMPLETED]
Hello from FreeRTOS fuzz demo!
[TEST_CASE_COMPLETED]
Hello from FreeRTOS fuzz demo!
[TEST_CASE_COMPLETED]
Hello from FreeRTOS fuzz demo!
[TEST_CASE_COMPLETED]
Hello from FreeRTOS fuzz demo!
[TEST_CASE_COMPLETED]
Hello from FreeRTOS fuzz demo!
[TEST_CASE_COMPLETED]
Hello from FreeRTOS fuzz demo!
[TEST_CASE_COMPLETED]
Hello from FreeRTOS fuzz demo!
[TEST_CASE_COMPLETED]
Hello from FreeRTOS fuzz demo!
[TEST_CASE_COMPLETED]
Hello from FreeRTOS fuzz demo!
[TEST_CASE_COMPLETED]
Hello from FreeRTOS fuzz demo!
[TEST_CASE_COMPLETED]
Hello from FreeRTOS fuzz demo!
[TEST_CASE_COMPLETED]
Hello from FreeRTOS fuzz demo!
[TEST_CASE_COMPLETED]
Hello from FreeRTOS fuzz demo!
[TEST_CASE_COMPLETED]
Hello from FreeRTOS fuzz demo!
[TEST_CASE_COMPLETED]
Hello from FreeRTOS fuzz demo!
[TEST_CASE_COMPLETED]
Hello from FreeRTOS fuzz demo!
[TEST_CASE_COMPLETED]
Hello from FreeRTOS fuzz demo!
[TEST_CASE_COMPLETED]
Hello from FreeRTOS fuzz demo!
[TEST_CASE_COMPLETED]
Hello from FreeRTOS fuzz demo!
[TEST_CASE_COMPLETED]
Hello from FreeRTOS fuzz demo!
[TEST_CASE_COMPLETED]
Hello from FreeRTOS fuzz demo!
[TEST_CASE_COMPLETED]
Hello from FreeRTOS fuzz demo!
[TEST_CASE_COMPLETED]
Hello from FreeRTOS fuzz demo!
[TEST_CASE_COMPLETED]
Hello from FreeRTOS fuzz demo!
[TEST_CASE_COMPLETED]
Hello from FreeRTOS fuzz demo!
[TEST_CASE_COMPLETED]
Hello from FreeRTOS fuzz demo!
[TEST_CASE_COMPLETED]
Hello from FreeRTOS fuzz demo!
[TEST_CASE_COMPLETED]
Hello from FreeRTOS fuzz demo!
[TEST_CASE_COMPLETED]
Hello from FreeRTOS fuzz demo!
[TEST_CASE_COMPLETED]
Hello from FreeRTOS fuzz demo!
[TEST_CASE_COMPLETED]
Hello from FreeRTOS fuzz demo!
[TEST_CASE_COMPLETED]
Hello from FreeRTOS fuzz demo!
[TEST_CASE_COMPLETED]
Hello from FreeRTOS fuzz demo!
[TEST_CASE_COMPLETED]
Hello from FreeRTOS fuzz demo!
[TEST_CASE_COMPLETED]
Hello from FreeRTOS fuzz demo!
[TEST_CASE_COMPLETED]
Hello from FreeRTOS fuzz demo!
[TEST_CASE_COMPLETED]
Hello from FreeRTOS fuzz demo!
[TEST_CASE_COMPLETED]
Hello from FreeRTOS fuzz demo!
[TEST_CASE_COMPLETED]
Hello from FreeRTOS fuzz demo!
[TEST_CASE_COMPLETED]
Hello from FreeRTOS fuzz demo!
[TEST_CASE_COMPLETED]
Hello from FreeRTOS fuzz demo!
[TEST_CASE_COMPLETED]
Hello from FreeRTOS fuzz demo!
[TEST_CASE_COMPLETED]
Hello from FreeRTOS fuzz demo!
[TEST_CASE_COMPLETED]
Hello from FreeRTOS fuzz demo!
[TEST_CASE_COMPLETED]
Hello from FreeRTOS fuzz demo!
[TEST_CASE_COMPLETED]
Hello from FreeRTOS fuzz demo!
[TEST_CASE_COMPLETED]
Hello from FreeRTOS fuzz demo!
[TEST_CASE_COMPLETED]
Hello from FreeRTOS fuzz demo!
[UserStats   #1]  (GLOBAL) run time: 0s, clients: 1, corpus: 21, objectives: 0, executions: 410, exec/sec: 0.000, edges: 100.000%, stability: 100.000%
                  (CLIENT) corpus: 21, objectives: 0, executions: 410, exec/sec: 0.000, edges: 381/381 (100%), stability: 374/374 (100%)
[TEST_CASE_COMPLETED]
[Testcase    #1]  (GLOBAL) run time: 0s, clients: 1, corpus: 22, objectives: 0, executions: 410, exec/sec: 0.000, edges: 100.000%, stability: 100.000%
                  (CLIENT) corpus: 22, objectives: 0, executions: 410, exec/sec: 0.000, edges: 381/381 (100%), stability: 374/374 (100%)
Hello from FreeRTOS fuzz demo!
[TEST_CASE_COMPLETED]
Hello from FreeRTOS fuzz demo!
[TEST_CASE_COMPLETED]
Hello from FreeRTOS fuzz demo!
[TEST_CASE_COMPLETED]
Hello from FreeRTOS fuzz demo!
[TEST_CASE_COMPLETED]
Hello from FreeRTOS fuzz demo!
[TEST_CASE_COMPLETED]
Hello from FreeRTOS fuzz demo!
[TEST_CASE_COMPLETED]
Hello from FreeRTOS fuzz demo!
[TEST_CASE_COMPLETED]
Hello from FreeRTOS fuzz demo!
[TEST_CASE_COMPLETED]
Hello from FreeRTOS fuzz demo!
[TEST_CASE_COMPLETED]
Hello from FreeRTOS fuzz demo!
[TEST_CASE_COMPLETED]
Hello from FreeRTOS fuzz demo!
[TEST_CASE_COMPLETED]
Hello from FreeRTOS fuzz demo!
[TEST_CASE_COMPLETED]
Hello from FreeRTOS fuzz demo!
[TEST_CASE_COMPLETED]
Hello from FreeRTOS fuzz demo!
[TEST_CASE_COMPLETED]
Hello from FreeRTOS fuzz demo!
[TEST_CASE_COMPLETED]
Hello from FreeRTOS fuzz demo!
[TEST_CASE_COMPLETED]
Hello from FreeRTOS fuzz demo!
[TEST_CASE_COMPLETED]
Hello from FreeRTOS fuzz demo!
[TEST_CASE_COMPLETED]
Hello from FreeRTOS fuzz demo!
[TEST_CASE_COMPLETED]
Hello from FreeRTOS fuzz demo!
[TEST_CASE_COMPLETED]
Hello from FreeRTOS fuzz demo!
[TEST_CASE_COMPLETED]
Hello from FreeRTOS fuzz demo!
[TEST_CASE_COMPLETED]
Hello from FreeRTOS fuzz demo!
[TEST_CASE_COMPLETED]
Hello from FreeRTOS fuzz demo!
[TEST_CASE_COMPLETED]
Hello from FreeRTOS fuzz demo!
[TEST_CASE_COMPLETED]
Hello from FreeRTOS fuzz demo!
[TEST_CASE_COMPLETED]
Hello from FreeRTOS fuzz demo!
[TEST_CASE_COMPLETED]
Hello from FreeRTOS fuzz demo!
[UserStats   #1]  (GLOBAL) run time: 0s, clients: 1, corpus: 22, objectives: 0, executions: 441, exec/sec: 0.000, edges: 100.000%, stability: 100.000%
                  (CLIENT) corpus: 22, objectives: 0, executions: 441, exec/sec: 0.000, edges: 381/381 (100%), stability: 374/374 (100%)
[TEST_CASE_COMPLETED]
[Testcase    #1]  (GLOBAL) run time: 0s, clients: 1, corpus: 23, objectives: 0, executions: 441, exec/sec: 0.000, edges: 100.000%, stability: 100.000%
                  (CLIENT) corpus: 23, objectives: 0, executions: 441, exec/sec: 0.000, edges: 381/381 (100%), stability: 374/374 (100%)
Hello from FreeRTOS fuzz demo!
[TEST_CASE_COMPLETED]
Hello from FreeRTOS fuzz demo!
[TEST_CASE_COMPLETED]
Hello from FreeRTOS fuzz demo!
[TEST_CASE_COMPLETED]
Hello from FreeRTOS fuzz demo!
[TEST_CASE_COMPLETED]
Hello from FreeRTOS fuzz demo!
[TEST_CASE_COMPLETED]
Hello from FreeRTOS fuzz demo!
[TEST_CASE_COMPLETED]
Hello from FreeRTOS fuzz demo!
[TEST_CASE_COMPLETED]
Hello from FreeRTOS fuzz demo!
[TEST_CASE_COMPLETED]
Hello from FreeRTOS fuzz demo!
[TEST_CASE_COMPLETED]
Hello from FreeRTOS fuzz demo!
[TEST_CASE_COMPLETED]
Hello from FreeRTOS fuzz demo!
[TEST_CASE_COMPLETED]
Hello from FreeRTOS fuzz demo!
[TEST_CASE_COMPLETED]
Hello from FreeRTOS fuzz demo!
[TEST_CASE_COMPLETED]
Hello from FreeRTOS fuzz demo!
[TEST_CASE_COMPLETED]
Hello from FreeRTOS fuzz demo!
[TEST_CASE_COMPLETED]
Hello from FreeRTOS fuzz demo!
[TEST_CASE_COMPLETED]
Hello from FreeRTOS fuzz demo!
[TEST_CASE_COMPLETED]
Hello from FreeRTOS fuzz demo!
[TEST_CASE_COMPLETED]
[UserStats   #1]  (GLOBAL) run time: 0s, clients: 1, corpus: 23, objectives: 0, executions: 458, exec/sec: 0.000, edges: 100.000%, stability: 100.000%
                  (CLIENT) corpus: 23, objectives: 0, executions: 458, exec/sec: 0.000, edges: 382/382 (100%), stability: 374/374 (100%)
Hello from FreeRTOS fuzz demo!
[TEST_CASE_COMPLETED]
[Testcase    #1]  (GLOBAL) run time: 0s, clients: 1, corpus: 24, objectives: 0, executions: 458, exec/sec: 0.000, edges: 100.000%, stability: 100.000%
                  (CLIENT) corpus: 24, objectives: 0, executions: 458, exec/sec: 0.000, edges: 382/382 (100%), stability: 374/374 (100%)
Hello from FreeRTOS fuzz demo!
[TEST_CASE_COMPLETED]
Hello from FreeRTOS fuzz demo!
[TEST_CASE_COMPLETED]
Hello from FreeRTOS fuzz demo!
[TEST_CASE_COMPLETED]
Hello from FreeRTOS fuzz demo!
[TEST_CASE_COMPLETED]
Hello from FreeRTOS fuzz demo!
[TEST_CASE_COMPLETED]
Hello from FreeRTOS fuzz demo!
[TEST_CASE_COMPLETED]
Hello from FreeRTOS fuzz demo!
[TEST_CASE_COMPLETED]
Hello from FreeRTOS fuzz demo!
[TEST_CASE_COMPLETED]
Hello from FreeRTOS fuzz demo!
[TEST_CASE_COMPLETED]
Hello from FreeRTOS fuzz demo!
[TEST_CASE_COMPLETED]
Hello from FreeRTOS fuzz demo!
[TEST_CASE_COMPLETED]
Hello from FreeRTOS fuzz demo!
[TEST_CASE_COMPLETED]
Hello from FreeRTOS fuzz demo!
[TEST_CASE_COMPLETED]
Hello from FreeRTOS fuzz demo!
[TEST_CASE_COMPLETED]
Hello from FreeRTOS fuzz demo!
[TEST_CASE_COMPLETED]
Hello from FreeRTOS fuzz demo!
[TEST_CASE_COMPLETED]
Hello from FreeRTOS fuzz demo!
[TEST_CASE_COMPLETED]
Hello from FreeRTOS fuzz demo!
[TEST_CASE_COMPLETED]
Hello from FreeRTOS fuzz demo!
[TEST_CASE_COMPLETED]
Hello from FreeRTOS fuzz demo!
[TEST_CASE_COMPLETED]
Hello from FreeRTOS fuzz demo!
[TEST_CASE_COMPLETED]
Hello from FreeRTOS fuzz demo!
[TEST_CASE_COMPLETED]
Hello from FreeRTOS fuzz demo!
[TEST_CASE_COMPLETED]
Hello from FreeRTOS fuzz demo!
[TEST_CASE_COMPLETED]
Hello from FreeRTOS fuzz demo!
[TEST_CASE_COMPLETED]
Hello from FreeRTOS fuzz demo!
[TEST_CASE_COMPLETED]
Hello from FreeRTOS fuzz demo!
[TEST_CASE_COMPLETED]
Hello from FreeRTOS fuzz demo!
[TEST_CASE_COMPLETED]
Hello from FreeRTOS fuzz demo!
[TEST_CASE_COMPLETED]
Hello from FreeRTOS fuzz demo!
[TEST_CASE_COMPLETED]
Hello from FreeRTOS fuzz demo!
[TEST_CASE_COMPLETED]
Hello from FreeRTOS fuzz demo!
[TEST_CASE_COMPLETED]
Hello from FreeRTOS fuzz demo!
[TEST_CASE_COMPLETED]
Hello from FreeRTOS fuzz demo!
[TEST_CASE_COMPLETED]
Hello from FreeRTOS fuzz demo!
[TEST_CASE_COMPLETED]
Hello from FreeRTOS fuzz demo!
[TEST_CASE_COMPLETED]
Hello from FreeRTOS fuzz demo!
[TEST_CASE_COMPLETED]
Hello from FreeRTOS fuzz demo!
[TEST_CASE_COMPLETED]
Hello from FreeRTOS fuzz demo!
[TEST_CASE_COMPLETED]
Hello from FreeRTOS fuzz demo!
[TEST_CASE_COMPLETED]
Hello from FreeRTOS fuzz demo!
[TEST_CASE_COMPLETED]
Hello from FreeRTOS fuzz demo!
[TEST_CASE_COMPLETED]
Hello from FreeRTOS fuzz demo!
[TEST_CASE_COMPLETED]
Hello from FreeRTOS fuzz demo!
[TEST_CASE_COMPLETED]
Hello from FreeRTOS fuzz demo!
[TEST_CASE_COMPLETED]
[UserStats   #1]  (GLOBAL) run time: 0s, clients: 1, corpus: 24, objectives: 0, executions: 506, exec/sec: 0.000, edges: 100.000%, stability: 100.000%
                  (CLIENT) corpus: 24, objectives: 0, executions: 506, exec/sec: 0.000, edges: 383/383 (100%), stability: 374/374 (100%)
Hello from FreeRTOS fuzz demo!
[Testcase    #1]  (GLOBAL) run time: 0s, clients: 1, corpus: 25, objectives: 0, executions: 506, exec/sec: 0.000, edges: 100.000%, stability: 100.000%
                  (CLIENT) corpus: 25, objectives: 0, executions: 506, exec/sec: 0.000, edges: 383/383 (100%), stability: 374/374 (100%)
[TEST_CASE_COMPLETED]
Hello from FreeRTOS fuzz demo!
[TEST_CASE_COMPLETED]
Hello from FreeRTOS fuzz demo!
[TEST_CASE_COMPLETED]
Hello from FreeRTOS fuzz demo!
[TEST_CASE_COMPLETED]
Hello from FreeRTOS fuzz demo!
[TEST_CASE_COMPLETED]
Hello from FreeRTOS fuzz demo!
[TEST_CASE_COMPLETED]
Hello from FreeRTOS fuzz demo!
[TEST_CASE_COMPLETED]
Hello from FreeRTOS fuzz demo!
[TEST_CASE_COMPLETED]
Hello from FreeRTOS fuzz demo!
[TEST_CASE_COMPLETED]
Hello from FreeRTOS fuzz demo!
[TEST_CASE_COMPLETED]
Hello from FreeRTOS fuzz demo!
[TEST_CASE_COMPLETED]
Hello from FreeRTOS fuzz demo!
[TEST_CASE_COMPLETED]
Hello from FreeRTOS fuzz demo!
[TEST_CASE_COMPLETED]
Hello from FreeRTOS fuzz demo!
[TEST_CASE_COMPLETED]
Hello from FreeRTOS fuzz demo!
[TEST_CASE_COMPLETED]
Hello from FreeRTOS fuzz demo!
[TEST_CASE_COMPLETED]
Hello from FreeRTOS fuzz demo!
[TEST_CASE_COMPLETED]
Hello from FreeRTOS fuzz demo!
[TEST_CASE_COMPLETED]
Hello from FreeRTOS fuzz demo!
[TEST_CASE_COMPLETED]
Hello from FreeRTOS fuzz demo!
[TEST_CASE_COMPLETED]
Hello from FreeRTOS fuzz demo!
[TEST_CASE_COMPLETED]
Hello from FreeRTOS fuzz demo!
[TEST_CASE_COMPLETED]
Hello from FreeRTOS fuzz demo!
[TEST_CASE_COMPLETED]
Hello from FreeRTOS fuzz demo!
[TEST_CASE_COMPLETED]
Hello from FreeRTOS fuzz demo!
[TEST_CASE_COMPLETED]
Hello from FreeRTOS fuzz demo!
[TEST_CASE_COMPLETED]
Hello from FreeRTOS fuzz demo!
[TEST_CASE_COMPLETED]
[UserStats   #1]  (GLOBAL) run time: 0s, clients: 1, corpus: 25, objectives: 0, executions: 534, exec/sec: 0.000, edges: 100.000%, stability: 100.000%
                  (CLIENT) corpus: 25, objectives: 0, executions: 534, exec/sec: 0.000, edges: 384/384 (100%), stability: 374/374 (100%)
Hello from FreeRTOS fuzz demo!
[Testcase    #1]  (GLOBAL) run time: 0s, clients: 1, corpus: 26, objectives: 0, executions: 534, exec/sec: 0.000, edges: 100.000%, stability: 100.000%
                  (CLIENT) corpus: 26, objectives: 0, executions: 534, exec/sec: 0.000, edges: 384/384 (100%), stability: 374/374 (100%)
[UserStats   #1]  (GLOBAL) run time: 0s, clients: 1, corpus: 26, objectives: 0, executions: 537, exec/sec: 0.000, edges: 100.000%, stability: 100.000%
                  (CLIENT) corpus: 26, objectives: 0, executions: 537, exec/sec: 0.000, edges: 385/385 (100%), stability: 374/374 (100%)
[TEST_CASE_COMPLETED]
[Testcase    #1]  (GLOBAL) run time: 0s, clients: 1, corpus: 27, objectives: 0, executions: 537, exec/sec: 0.000, edges: 100.000%, stability: 100.000%
                  (CLIENT) corpus: 27, objectives: 0, executions: 537, exec/sec: 0.000, edges: 385/385 (100%), stability: 374/374 (100%)
Hello from FreeRTOS fuzz demo!
[TEST_CASE_COMPLETED]
Hello from FreeRTOS fuzz demo!
[TEST_CASE_COMPLETED]
Hello from FreeRTOS fuzz demo!
[TEST_CASE_COMPLETED]
Hello from FreeRTOS fuzz demo!
[TEST_CASE_COMPLETED]
Hello from FreeRTOS fuzz demo!
[TEST_CASE_COMPLETED]
Hello from FreeRTOS fuzz demo!
[TEST_CASE_COMPLETED]
Hello from FreeRTOS fuzz demo!
[TEST_CASE_COMPLETED]
Hello from FreeRTOS fuzz demo!
[TEST_CASE_COMPLETED]
Hello from FreeRTOS fuzz demo!
[TEST_CASE_COMPLETED]
[UserStats   #1]  (GLOBAL) run time: 0s, clients: 1, corpus: 27, objectives: 0, executions: 538, exec/sec: 0.000, edges: 100.000%, stability: 100.000%
                  (CLIENT) corpus: 27, objectives: 0, executions: 538, exec/sec: 0.000, edges: 386/386 (100%), stability: 374/374 (100%)
Hello from Fr[Testcase    #1]  (GLOBAL) run time: 0s, clients: 1, corpus: 28, objectives: 0, executions: 538, exec/sec: 0.000, edges: 100.000%, stability: 100.000%
ee                  (CLIENT) corpus: 28, objectives: 0, executions: 538, exec/sec: 0.000, edges: 386/386 (100%), stability: 374/374 (100%)
RTOS fuzz demo!
[TEST_CASE_COMPLETED]
Hello from FreeRTOS fuzz demo!
[TEST_CASE_COMPLETED]
Hello from FreeRTOS fuzz demo!
[TEST_CASE_COMPLETED]
Hello from FreeRTOS fuzz demo!
[TEST_CASE_COMPLETED]
Hello from FreeRTOS fuzz demo!
[TEST_CASE_COMPLETED]
Hello from FreeRTOS fuzz demo!
[TEST_CASE_COMPLETED]
Hello from FreeRTOS fuzz demo!
[TEST_CASE_COMPLETED]
Hello from FreeRTOS fuzz demo!
[TEST_CASE_COMPLETED]
Hello from FreeRTOS fuzz demo!
[TEST_CASE_COMPLETED]
Hello from FreeRTOS fuzz demo!
[TEST_CASE_COMPLETED]
Hello from FreeRTOS fuzz demo!
[TEST_CASE_COMPLETED]
Hello from FreeRTOS fuzz demo!
[TEST_CASE_COMPLETED]
Hello from FreeRTOS fuzz demo!
[TEST_CASE_COMPLETED]
Hello from FreeRTOS fuzz demo!
[TEST_CASE_COMPLETED]
Hello from FreeRTOS fuzz demo!
[TEST_CASE_COMPLETED]
Hello from FreeRTOS fuzz demo!
[TEST_CASE_COMPLETED]
Hello from FreeRTOS fuzz demo!
[TEST_CASE_COMPLETED]
Hello from FreeRTOS fuzz demo!
[TEST_CASE_COMPLETED]
Hello from FreeRTOS fuzz demo!
[TEST_CASE_COMPLETED]
Hello from FreeRTOS fuzz demo!
[TEST_CASE_COMPLETED]
Hello from FreeRTOS fuzz demo!
[TEST_CASE_COMPLETED]
Hello from FreeRTOS fuzz demo!
[TEST_CASE_COMPLETED]
Hello from FreeRTOS fuzz demo!
[TEST_CASE_COMPLETED]
Hello from FreeRTOS fuzz demo!
[TEST_CASE_COMPLETED]
Hello from FreeRTOS fuzz demo!
[TEST_CASE_COMPLETED]
Hello from FreeRTOS fuzz demo!
[TEST_CASE_COMPLETED]
Hello from FreeRTOS fuzz demo!
[TEST_CASE_COMPLETED]
Hello from FreeRTOS fuzz demo!
[TEST_CASE_COMPLETED]
Hello from FreeRTOS fuzz demo!
[TEST_CASE_COMPLETED]
Hello from FreeRTOS fuzz demo!
[TEST_CASE_COMPLETED]
Hello from FreeRTOS fuzz demo!
[TEST_CASE_COMPLETED]
Hello from FreeRTOS fuzz demo!
[TEST_CASE_COMPLETED]
Hello from FreeRTOS fuzz demo!
[TEST_CASE_COMPLETED]
Hello from FreeRTOS fuzz demo!
[TEST_CASE_COMPLETED]
Hello from FreeRTOS fuzz demo!
[TEST_CASE_COMPLETED]
Hello from FreeRTOS fuzz demo!
[TEST_CASE_COMPLETED]
Hello from FreeRTOS fuzz demo!
[TEST_CASE_COMPLETED]
Hello from FreeRTOS fuzz demo!
[TEST_CASE_COMPLETED]
Hello from FreeRTOS fuzz demo!
[TEST_CASE_COMPLETED]
Hello from FreeRTOS fuzz demo!
[TEST_CASE_COMPLETED]
Hello from FreeRTOS fuzz demo!
[TEST_CASE_COMPLETED]
Hello from FreeRTOS fuzz demo!
[TEST_CASE_COMPLETED]
Hello from FreeRTOS fuzz demo!
[TEST_CASE_COMPLETED]
Hello from FreeRTOS fuzz demo!
[TEST_CASE_COMPLETED]
Hello from FreeRTOS fuzz demo!
[TEST_CASE_COMPLETED]
Hello from FreeRTOS fuzz demo!
[TEST_CASE_COMPLETED]
Hello from FreeRTOS fuzz demo!
[TEST_CASE_COMPLETED]
Hello from FreeRTOS fuzz demo!
[TEST_CASE_COMPLETED]
Hello from FreeRTOS fuzz demo!
[TEST_CASE_COMPLETED]
Hello from FreeRTOS fuzz demo!
[TEST_CASE_COMPLETED]
Hello from FreeRTOS fuzz demo!
[TEST_CASE_COMPLETED]
Hello from FreeRTOS fuzz demo!
[TEST_CASE_COMPLETED]
Hello from FreeRTOS fuzz demo!
[TEST_CASE_COMPLETED]
Hello from FreeRTOS fuzz demo!
[TEST_CASE_COMPLETED]
Hello from FreeRTOS fuzz demo!
[TEST_CASE_COMPLETED]
Hello from FreeRTOS fuzz demo!
[TEST_CASE_COMPLETED]
Hello from FreeRTOS fuzz demo!
[TEST_CASE_COMPLETED]
Hello from FreeRTOS fuzz demo!
[TEST_CASE_COMPLETED]
Hello from FreeRTOS fuzz demo!
[TEST_CASE_COMPLETED]
Hello from FreeRTOS fuzz demo!
[TEST_CASE_COMPLETED]
Hello from FreeRTOS fuzz demo!
[TEST_CASE_COMPLETED]
Hello from FreeRTOS fuzz demo!
[TEST_CASE_COMPLETED]
Hello from FreeRTOS fuzz demo!
[TEST_CASE_COMPLETED]
Hello from FreeRTOS fuzz demo!
[TEST_CASE_COMPLETED]
Hello from FreeRTOS fuzz demo!
[TEST_CASE_COMPLETED]
Hello from FreeRTOS fuzz demo!
[TEST_CASE_COMPLETED]
Hello from FreeRTOS fuzz demo!
[TEST_CASE_COMPLETED]
Hello from FreeRTOS fuzz demo!
[TEST_CASE_COMPLETED]
Hello from FreeRTOS fuzz demo!
[TEST_CASE_COMPLETED]
Hello from FreeRTOS fuzz demo!
[TEST_CASE_COMPLETED]
Hello from FreeRTOS fuzz demo!
[TEST_CASE_COMPLETED]
Hello from FreeRTOS fuzz demo!
[TEST_CASE_COMPLETED]
Hello from FreeRTOS fuzz demo!
[TEST_CASE_COMPLETED]
Hello from FreeRTOS fuzz demo!
[UserStats   #1]  (GLOBAL) run time: 0s, clients: 1, corpus: 28, objectives: 0, executions: 619, exec/sec: 0.000, edges: 100.000%, stability: 100.000%
                  (CLIENT) corpus: 28, objectives: 0, executions: 619, exec/sec: 0.000, edges: 387/387 (100%), stability: 374/374 (100%)
[TEST_CASE_COMPLETED]
[Testcase    #1]  (GLOBAL) run time: 0s, clients: 1, corpus: 29, objectives: 0, executions: 619, exec/sec: 0.000, edges: 100.000%, stability: 100.000%
                  (CLIENT) corpus: 29, objectives: 0, executions: 619, exec/sec: 0.000, edges: 387/387 (100%), stability: 374/374 (100%)
Hello from FreeRTOS fuzz demo!
[TEST_CASE_COMPLETED]
Hello from FreeRTOS fuzz demo!
[TEST_CASE_COMPLETED]
Hello from FreeRTOS fuzz demo!
[TEST_CASE_COMPLETED]
Hello from FreeRTOS fuzz demo!
[TEST_CASE_COMPLETED]
Hello from FreeRTOS fuzz demo!
[TEST_CASE_COMPLETED]
Hello from FreeRTOS fuzz demo!
[TEST_CASE_COMPLETED]
Hello from FreeRTOS fuzz demo!
[TEST_CASE_COMPLETED]
Hello from FreeRTOS fuzz demo!
[TEST_CASE_COMPLETED]
Hello from FreeRTOS fuzz demo!
[TEST_CASE_COMPLETED]
Hello from FreeRTOS fuzz demo!
[TEST_CASE_COMPLETED]
Hello from FreeRTOS fuzz demo!
[TEST_CASE_COMPLETED]
Hello from FreeRTOS fuzz demo!
[TEST_CASE_COMPLETED]
Hello from FreeRTOS fuzz demo!
[TEST_CASE_COMPLETED]
Hello from FreeRTOS fuzz demo!
[TEST_CASE_COMPLETED]
Hello from FreeRTOS fuzz demo!
[TEST_CASE_COMPLETED]
Hello from FreeRTOS fuzz demo!
[TEST_CASE_COMPLETED]
Hello from FreeRTOS fuzz demo!
[TEST_CASE_COMPLETED]
Hello from FreeRTOS fuzz demo!
[TEST_CASE_COMPLETED]
[UserStats   #1]  (GLOBAL) run time: 0s, clients: 1, corpus: 29, objectives: 0, executions: 635, exec/sec: 0.000, edges: 100.000%, stability: 100.000%
                  (CLIENT) corpus: 29, objectives: 0, executions: 635, exec/sec: 0.000, edges: 388/388 (100%), stability: 374/374 (100%)
Hello from FreeRTOS fuzz demo!
[TEST_CASE_COM[Testcase    #1]  (GLOBAL) run time: 0s, clients: 1, corpus: 30, objectives: 0, executions: 635, exec/sec: 0.000, edges: 100.000%, stability: 100.000%
PL                  (CLIENT) corpus: 30, objectives: 0, executions: 635, exec/sec: 0.000, edges: 388/388 (100%), stability: 374/374 (100%)
ETED]
Hello from FreeRTOS fuzz demo!
[TEST_CASE_COMPLETED]
Hello from FreeRTOS fuzz demo!
[TEST_CASE_COMPLETED]
Hello from FreeRTOS fuzz demo!
[TEST_CASE_COMPLETED]
Hello from FreeRTOS fuzz demo!
[TEST_CASE_COMPLETED]
Hello from FreeRTOS fuzz demo!
[TEST_CASE_COMPLETED]
Hello from FreeRTOS fuzz demo!
[TEST_CASE_COMPLETED]
Hello from FreeRTOS fuzz demo!
[TEST_CASE_COMPLETED]
Hello from FreeRTOS fuzz demo!
[TEST_CASE_COMPLETED]
Hello from FreeRTOS fuzz demo!
[TEST_CASE_COMPLETED]
Hello from FreeRTOS fuzz demo!
[TEST_CASE_COMPLETED]
Hello from FreeRTOS fuzz demo!
[TEST_CASE_COMPLETED]
Hello from FreeRTOS fuzz demo!
[TEST_CASE_COMPLETED]
Hello from FreeRTOS fuzz demo!
[TEST_CASE_COMPLETED]
Hello from FreeRTOS fuzz demo!
[TEST_CASE_COMPLETED]
Hello from FreeRTOS fuzz demo!
[TEST_CASE_COMPLETED]
Hello from FreeRTOS fuzz demo!
[TEST_CASE_COMPLETED]
Hello from FreeRTOS fuzz demo!
[TEST_CASE_COMPLETED]
Hello from FreeRTOS fuzz demo!
[TEST_CASE_COMPLETED]
Hello from FreeRTOS fuzz demo!
[TEST_CASE_COMPLETED]
Hello from FreeRTOS fuzz demo!
[TEST_CASE_COMPLETED]
Hello from FreeRTOS fuzz demo!
[TEST_CASE_COMPLETED]
Hello from FreeRTOS fuzz demo!
[TEST_CASE_COMPLETED]
Hello from FreeRTOS fuzz demo!
[TEST_CASE_COMPLETED]
Hello from FreeRTOS fuzz demo!
[TEST_CASE_COMPLETED]
Hello from FreeRTOS fuzz demo!
[TEST_CASE_COMPLETED]
Hello from FreeRTOS fuzz demo!
[TEST_CASE_COMPLETED]
Hello from FreeRTOS fuzz demo!
[TEST_CASE_COMPLETED]
Hello from FreeRTOS fuzz demo!
[TEST_CASE_COMPLETED]
Hello from FreeRTOS fuzz demo!
[TEST_CASE_COMPLETED]
Hello from FreeRTOS fuzz demo!
[TEST_CASE_COMPLETED]
Hello from FreeRTOS fuzz demo!
[TEST_CASE_COMPLETED]
Hello from FreeRTOS fuzz demo!
[TEST_CASE_COMPLETED]
Hello from FreeRTOS fuzz demo!
[TEST_CASE_COMPLETED]
Hello from FreeRTOS fuzz demo!
[TEST_CASE_COMPLETED]
Hello from FreeRTOS fuzz demo!
[TEST_CASE_COMPLETED]
[UserStats   #1]  (GLOBAL) run time: 0s, clients: 1, corpus: 30, objectives: 0, executions: 669, exec/sec: 0.000, edges: 100.000%, stability: 100.000%
                  (CLIENT) corpus: 30, objectives: 0, executions: 669, exec/sec: 0.000, edges: 389/389 (100%), stability: 374/374 (100%)
Hello from FreeRTOS fuzz demo!
[Testcase    #1]  (GLOBAL) run time: 0s, clients: 1, corpus: 31, objectives: 0, executions: 669, exec/sec: 0.000, edges: 100.000%, stability: 100.000%
                  (CLIENT) corpus: 31, objectives: 0, executions: 669, exec/sec: 0.000, edges: 389/389 (100%), stability: 374/374 (100%)
[TEST_CASE_COMPLET[UserStats   #1]  (GLOBAL) run time: 0s, clients: 1, corpus: 31, objectives: 0, executions: 672, exec/sec: 0.000, edges: 100.000%, stability: 100.000%
ED                  (CLIENT) corpus: 31, objectives: 0, executions: 672, exec/sec: 0.000, edges: 390/390 (100%), stability: 374/374 (100%)
]
[Testcase    #1]  (GLOBAL) run time: 0s, clients: 1, corpus: 32, objectives: 0, executions: 672, exec/sec: 0.000, edges: 100.000%, stability: 100.000%
                  (CLIENT) corpus: 32, objectives: 0, executions: 672, exec/sec: 0.000, edges: 390/390 (100%), stability: 374/374 (100%)
Hello from FreeRTOS fuzz demo!
[TEST_CASE_COMPLETED]
Hello from FreeRTOS fuzz demo!
[TEST_CASE_COMPLETED]
Hello from FreeRTOS fuzz demo!
[TEST_CASE_COMPLETED]
Hello from FreeRTOS fuzz demo!
[TEST_CASE_COMPLETED]
Hello from FreeRTOS fuzz demo!
[TEST_CASE_COMPLETED]
Hello from FreeRTOS fuzz demo!
[TEST_CASE_COMPLETED]
Hello from FreeRTOS fuzz demo!
[TEST_CASE_COMPLETED]
Hello from FreeRTOS fuzz demo!
[TEST_CASE_COMPLETED]
Hello from FreeRTOS fuzz demo!
[TEST_CASE_COMPLETED]
Hello from FreeRTOS fuzz demo!
[TEST_CASE_COMPLETED]
Hello from FreeRTOS fuzz demo!
[TEST_CASE_COMPLETED]
Hello from FreeRTOS fuzz demo!
[TEST_CASE_COMPLETED]
Hello from FreeRTOS fuzz demo!
[TEST_CASE_COMPLETED]
Hello from FreeRTOS fuzz demo!
[TEST_CASE_COMPLETED]
Hello from FreeRTOS fuzz demo!
[TEST_CASE_COMPLETED]
Hello from FreeRTOS fuzz demo!
[TEST_CASE_COMPLETED]
Hello from FreeRTOS fuzz demo!
[TEST_CASE_COMPLETED]
Hello from FreeRTOS fuzz demo!
[TEST_CASE_COMPLETED]
Hello from FreeRTOS fuzz demo!
[TEST_CASE_COMPLETED]
Hello from FreeRTOS fuzz demo!
[TEST_CASE_COMPLETED]
Hello from FreeRTOS fuzz demo!
[TEST_CASE_COMPLETED]
Hello from FreeRTOS fuzz demo!
[TEST_CASE_COMPLETED]
Hello from FreeRTOS fuzz demo!
[TEST_CASE_COMPLETED]
Hello from FreeRTOS fuzz demo!
[TEST_CASE_COMPLETED]
Hello from FreeRTOS fuzz demo!
[TEST_CASE_COMPLETED]
Hello from FreeRTOS fuzz demo!
[TEST_CASE_COMPLETED]
Hello from FreeRTOS fuzz demo!
[TEST_CASE_COMPLETED]
Hello from FreeRTOS fuzz demo!
[TEST_CASE_COMPLETED]
Hello from FreeRTOS fuzz demo!
[TEST_CASE_COMPLETED]
Hello from FreeRTOS fuzz demo!
[TEST_CASE_COMPLETED]
Hello from FreeRTOS fuzz demo!
[TEST_CASE_COMPLETED]
Hello from FreeRTOS fuzz demo!
[TEST_CASE_COMPLETED]
Hello from FreeRTOS fuzz demo!
[TEST_CASE_COMPLETED]
Hello from FreeRTOS fuzz demo!
[TEST_CASE_COMPLETED]
Hello from FreeRTOS fuzz demo!
[TEST_CASE_COMPLETED]
Hello from FreeRTOS fuzz demo!
[TEST_CASE_COMPLETED]
Hello from FreeRTOS fuzz demo!
[TEST_CASE_COMPLETED]
Hello from FreeRTOS fuzz demo!
[TEST_CASE_COMPLETED]
Hello from FreeRTOS fuzz demo!
[TEST_CASE_COMPLETED]
Hello from FreeRTOS fuzz demo!
[TEST_CASE_COMPLETED]
Hello from FreeRTOS fuzz demo!
[TEST_CASE_COMPLETED]
Hello from FreeRTOS fuzz demo!
[TEST_CASE_COMPLETED]
Hello from FreeRTOS fuzz demo!
[TEST_CASE_COMPLETED]
Hello from FreeRTOS fuzz demo!
[TEST_CASE_COMPLETED]
Hello from FreeRTOS fuzz demo!
[TEST_CASE_COMPLETED]
Hello from FreeRTOS fuzz demo!
[TEST_CASE_COMPLETED]
Hello from FreeRTOS fuzz demo!
[TEST_CASE_COMPLETED]
Hello from FreeRTOS fuzz demo!
[TEST_CASE_COMPLETED]
Hello from FreeRTOS fuzz demo!
[TEST_CASE_COMPLETED]
Hello from FreeRTOS fuzz demo!
[TEST_CASE_COMPLETED]
Hello from FreeRTOS fuzz demo!
[TEST_CASE_COMPLETED]
Hello from FreeRTOS fuzz demo!
[TEST_CASE_COMPLETED]
Hello from FreeRTOS fuzz demo!
[TEST_CASE_COMPLETED]
Hello from FreeRTOS fuzz demo!
[TEST_CASE_COMPLETED]
Hello from FreeRTOS fuzz demo!
[TEST_CASE_COMPLETED]
Hello from FreeRTOS fuzz demo!
[TEST_CASE_COMPLETED]
Hello from FreeRTOS fuzz demo!
[TEST_CASE_COMPLETED]
Hello from FreeRTOS fuzz demo!
[TEST_CASE_COMPLETED]
Hello from FreeRTOS fuzz demo!
[TEST_CASE_COMPLETED]
Hello from FreeRTOS fuzz demo!
[TEST_CASE_COMPLETED]
Hello from FreeRTOS fuzz demo!
[TEST_CASE_COMPLETED]
Hello from FreeRTOS fuzz demo!
[TEST_CASE_COMPLETED]
Hello from FreeRTOS fuzz demo!
[TEST_CASE_COMPLETED]
Hello from FreeRTOS fuzz demo!
[TEST_CASE_COMPLETED]
Hello from FreeRTOS fuzz demo!
[TEST_CASE_COMPLETED]
Hello from FreeRTOS fuzz demo!
[TEST_CASE_COMPLETED]
Hello from FreeRTOS fuzz demo!
[TEST_CASE_COMPLETED]
Hello from FreeRTOS fuzz demo!
[TEST_CASE_COMPLETED]
Hello from FreeRTOS fuzz demo!
[TEST_CASE_COMPLETED]
Hello from FreeRTOS fuzz demo!
[TEST_CASE_COMPLETED]
Hello from FreeRTOS fuzz demo!
[TEST_CASE_COMPLETED]
Hello from FreeRTOS fuzz demo!
[TEST_CASE_COMPLETED]
Hello from FreeRTOS fuzz demo!
[TEST_CASE_COMPLETED]
[UserStats   #1]  (GLOBAL) run time: 0s, clients: 1, corpus: 32, objectives: 0, executions: 743, exec/sec: 0.000, edges: 100.000%, stability: 100.000%
                  (CLIENT) corpus: 32, objectives: 0, executions: 743, exec/sec: 0.000, edges: 391/391 (100%), stability: 374/374 (100%)
[Testcase    #1]  (GLOBAL) run time: 0s, clients: 1, corpus: 33, objectives: 0, executions: 743, exec/sec: 0.000, edges: 100.000%, stability: 100.000%
                  (CLIENT) corpus: 33, objectives: 0, executions: 743, exec/sec: 0.000, edges: 391/391 (100%), stability: 374/374 (100%)
Hello from FreeRTOS fuzz demo!
[TEST_CASE_COMPLETED]
Hello from FreeRTOS fuzz demo!
[TEST_CASE_COMPLETED]
Hello from FreeRTOS fuzz demo!
[TEST_CASE_COMPLETED]
Hello from FreeRTOS fuzz demo!
[TEST_CASE_COMPLETED]
Hello from FreeRTOS fuzz demo!
[TEST_CASE_COMPLETED]
Hello from FreeRTOS fuzz demo!
[TEST_CASE_COMPLETED]
Hello from FreeRTOS fuzz demo!
[TEST_CASE_COMPLETED]
Hello from FreeRTOS fuzz demo!
[TEST_CASE_COMPLETED]
Hello from FreeRTOS fuzz demo!
[TEST_CASE_COMPLETED]
Hello from FreeRTOS fuzz demo!
[TEST_CASE_COMPLETED]
Hello from FreeRTOS fuzz demo!
[TEST_CASE_COMPLETED]
Hello from FreeRTOS fuzz demo!
[TEST_CASE_COMPLETED]
Hello from FreeRTOS fuzz demo!
[TEST_CASE_COMPLETED]
Hello from FreeRTOS fuzz demo!
[TEST_CASE_COMPLETED]
Hello from FreeRTOS fuzz demo!
[TEST_CASE_COMPLETED]
Hello from FreeRTOS fuzz demo!
[TEST_CASE_COMPLETED]
Hello from FreeRTOS fuzz demo!
[TEST_CASE_COMPLETED]
Hello from FreeRTOS fuzz demo!
[TEST_CASE_COMPLETED]
Hello from FreeRTOS fuzz demo!
[TEST_CASE_COMPLETED]
Hello from FreeRTOS fuzz demo!
[TEST_CASE_COMPLETED]
Hello from FreeRTOS fuzz demo!
[TEST_CASE_COMPLETED]
Hello from FreeRTOS fuzz demo!
[TEST_CASE_COMPLETED]
Hello from FreeRTOS fuzz demo!
[TEST_CASE_COMPLETED]
Hello from FreeRTOS fuzz demo!
[TEST_CASE_COMPLETED]
Hello from FreeRTOS fuzz demo!
[TEST_CASE_COMPLETED]
Hello from FreeRTOS fuzz demo!
[TEST_CASE_COMPLETED]
Hello from FreeRTOS fuzz demo!
[TEST_CASE_COMPLETED]
Hello from FreeRTOS fuzz demo!
[TEST_CASE_COMPLETED]
Hello from FreeRTOS fuzz demo!
[TEST_CASE_COMPLETED]
Hello from FreeRTOS fuzz demo!
[TEST_CASE_COMPLETED]
Hello from FreeRTOS fuzz demo!
[TEST_CASE_COMPLETED]
Hello from FreeRTOS fuzz demo!
[TEST_CASE_COMPLETED]
Hello from FreeRTOS fuzz demo!
[TEST_CASE_COMPLETED]
Hello from FreeRTOS fuzz demo!
[TEST_CASE_COMPLETED]
Hello from FreeRTOS fuzz demo!
[TEST_CASE_COMPLETED]
Hello from FreeRTOS fuzz demo!
[TEST_CASE_COMPLETED]
Hello from FreeRTOS fuzz demo!
[TEST_CASE_COMPLETED]
Hello from FreeRTOS fuzz demo!
[TEST_CASE_COMPLETED]
Hello from FreeRTOS fuzz demo!
[TEST_CASE_COMPLETED]
Hello from FreeRTOS fuzz demo!
[TEST_CASE_COMPLETED]
Hello from FreeRTOS fuzz demo!
[TEST_CASE_COMPLETED]
Hello from FreeRTOS fuzz demo!
[TEST_CASE_COMPLETED]
Hello from FreeRTOS fuzz demo!
[TEST_CASE_COMPLETED]
Hello from FreeRTOS fuzz demo!
[TEST_CASE_COMPLETED]
Hello from FreeRTOS fuzz demo!
[TEST_CASE_COMPLETED]
Hello from FreeRTOS fuzz demo!
[TEST_CASE_COMPLETED]
Hello from FreeRTOS fuzz demo!
[TEST_CASE_COMPLETED]
Hello from FreeRTOS fuzz demo!
[TEST_CASE_COMPLETED]
Hello from FreeRTOS fuzz demo!
[TEST_CASE_COMPLETED]
Hello from FreeRTOS fuzz demo!
[TEST_CASE_COMPLETED]
Hello from FreeRTOS fuzz demo!
[TEST_CASE_COMPLETED]
Hello from FreeRTOS fuzz demo!
[TEST_CASE_COMPLETED]
Hello from FreeRTOS fuzz demo!
[TEST_CASE_COMPLETED]
Hello from FreeRTOS fuzz demo!
[TEST_CASE_COMPLETED]
Hello from FreeRTOS fuzz demo!
[TEST_CASE_COMPLETED]
Hello from FreeRTOS fuzz demo!
[TEST_CASE_COMPLETED]
Hello from FreeRTOS fuzz demo!
[TEST_CASE_COMPLETED]
Hello from FreeRTOS fuzz demo!
[TEST_CASE_COMPLETED]
Hello from FreeRTOS fuzz demo!
[TEST_CASE_COMPLETED]
Hello from FreeRTOS fuzz demo!
[TEST_CASE_COMPLETED]
Hello from FreeRTOS fuzz demo!
[TEST_CASE_COMPLETED]
Hello from FreeRTOS fuzz demo!
[TEST_CASE_COMPLETED]
Hello from FreeRTOS fuzz demo!
[TEST_CASE_COMPLETED]
Hello from FreeRTOS fuzz demo!
[TEST_CASE_COMPLETED]
Hello from FreeRTOS fuzz demo!
[TEST_CASE_COMPLETED]
Hello from FreeRTOS fuzz demo!
[TEST_CASE_COMPLETED]
Hello from FreeRTOS fuzz demo!
[TEST_CASE_COMPLETED]
Hello from FreeRTOS fuzz demo!
[TEST_CASE_COMPLETED]
Hello from FreeRTOS fuzz demo!
[TEST_CASE_COMPLETED]
Hello from FreeRTOS fuzz demo!
[TEST_CASE_COMPLETED]
Hello from FreeRTOS fuzz demo!
[TEST_CASE_COMPLETED]
Hello from FreeRTOS fuzz demo!
[TEST_CASE_COMPLETED]
Hello from FreeRTOS fuzz demo!
[TEST_CASE_COMPLETED]
Hello from FreeRTOS fuzz demo!
[TEST_CASE_COMPLETED]
Hello from FreeRTOS fuzz demo!
[TEST_CASE_COMPLETED]
Hello from FreeRTOS fuzz demo!
[TEST_CASE_COMPLETED]
Hello from FreeRTOS fuzz demo!
[TEST_CASE_COMPLETED]
Hello from FreeRTOS fuzz demo!
[TEST_CASE_COMPLETED]
Hello from FreeRTOS fuzz demo!
[TEST_CASE_COMPLETED]
Hello from FreeRTOS fuzz demo!
[TEST_CASE_COMPLETED]
Hello from FreeRTOS fuzz demo!
[TEST_CASE_COMPLETED]
Hello from FreeRTOS fuzz demo!
[TEST_CASE_COMPLETED]
Hello from FreeRTOS fuzz demo!
[TEST_CASE_COMPLETED]
Hello from FreeRTOS fuzz demo!
[TEST_CASE_COMPLETED]
Hello from FreeRTOS fuzz demo!
[TEST_CASE_COMPLETED]
Hello from FreeRTOS fuzz demo!
[TEST_CASE_COMPLETED]
Hello from FreeRTOS fuzz demo!
[TEST_CASE_COMPLETED]
Hello from FreeRTOS fuzz demo!
[TEST_CASE_COMPLETED]
Hello from FreeRTOS fuzz demo!
[TEST_CASE_COMPLETED]
Hello from FreeRTOS fuzz demo!
[TEST_CASE_COMPLETED]
Hello from FreeRTOS fuzz demo!
[TEST_CASE_COMPLETED]
Hello from FreeRTOS fuzz demo!
[TEST_CASE_COMPLETED]
Hello from FreeRTOS fuzz demo!
[TEST_CASE_COMPLETED]
Hello from FreeRTOS fuzz demo!
[TEST_CASE_COMPLETED]
Hello from FreeRTOS fuzz demo!
[TEST_CASE_COMPLETED]
Hello from FreeRTOS fuzz demo!
[TEST_CASE_COMPLETED]
Hello from FreeRTOS fuzz demo!
[TEST_CASE_COMPLETED]
Hello from FreeRTOS fuzz demo!
[TEST_CASE_COMPLETED]
Hello from FreeRTOS fuzz demo!
[TEST_CASE_COMPLETED]
Hello from FreeRTOS fuzz demo!
[TEST_CASE_COMPLETED]
Hello from FreeRTOS fuzz demo!
[TEST_CASE_COMPLETED]
Hello from FreeRTOS fuzz demo!
[TEST_CASE_COMPLETED]
Hello from FreeRTOS fuzz demo!
[TEST_CASE_COMPLETED]
Hello from FreeRTOS fuzz demo!
[TEST_CASE_COMPLETED]
Hello from FreeRTOS fuzz demo!
[TEST_CASE_COMPLETED]
Hello from FreeRTOS fuzz demo!
[TEST_CASE_COMPLETED]
Hello from FreeRTOS fuzz demo!
[TEST_CASE_COMPLETED]
Hello from FreeRTOS fuzz demo!
[TEST_CASE_COMPLETED]
Hello from FreeRTOS fuzz demo!
[TEST_CASE_COMPLETED]
Hello from FreeRTOS fuzz demo!
[TEST_CASE_COMPLETED]
Hello from FreeRTOS fuzz demo!
[TEST_CASE_COMPLETED]
Hello from FreeRTOS fuzz demo!
[TEST_CASE_COMPLETED]
Hello from FreeRTOS fuzz demo!
[TEST_CASE_COMPLETED]
Hello from FreeRTOS fuzz demo!
[TEST_CASE_COMPLETED]
Hello from FreeRTOS fuzz demo!
[TEST_CASE_COMPLETED]
Hello from FreeRTOS fuzz demo!
[TEST_CASE_COMPLETED]
Hello from FreeRTOS fuzz demo!
[TEST_CASE_COMPLETED]
Hello from FreeRTOS fuzz demo!
[TEST_CASE_COMPLETED]
Hello from FreeRTOS fuzz demo!
[TEST_CASE_COMPLETED]
[UserStats   #1]  (GLOBAL) run time: 0s, clients: 1, corpus: 33, objectives: 0, executions: 865, exec/sec: 0.000, edges: 100.000%, stability: 100.000%
                  (CLIENT) corpus: 33, objectives: 0, executions: 865, exec/sec: 0.000, edges: 392/392 (100%), stability: 374/374 (100%)
Hello from FreeRTOS fuzz demo!
[TEST_CASE_COMPLETED]
[Testcase    #1]  (GLOBAL) run time: 0s, clients: 1, corpus: 34, objectives: 0, executions: 865, exec/sec: 0.000, edges: 100.000%, stability: 100.000%
                  (CLIENT) corpus: 34, objectives: 0, executions: 865, exec/sec: 0.000, edges: 392/392 (100%), stability: 374/374 (100%)
Hello from FreeRTOS fuzz demo!
[TEST_CASE_COMPLETED]
Hello from FreeRTOS fuzz demo!
[TEST_CASE_COMPLETED]
Hello from FreeRTOS fuzz demo!
[TEST_CASE_COMPLETED]
Hello from FreeRTOS fuzz demo!
[TEST_CASE_COMPLETED]
Hello from FreeRTOS fuzz demo!
[TEST_CASE_COMPLETED]
Hello from FreeRTOS fuzz demo!
[TEST_CASE_COMPLETED]
Hello from FreeRTOS fuzz demo!
[TEST_CASE_COMPLETED]
Hello from FreeRTOS fuzz demo!
[TEST_CASE_COMPLETED]
Hello from FreeRTOS fuzz demo!
[TEST_CASE_COMPLETED]
Hello from FreeRTOS fuzz demo!
[TEST_CASE_COMPLETED]
Hello from FreeRTOS fuzz demo!
[TEST_CASE_COMPLETED]
Hello from FreeRTOS fuzz demo!
[TEST_CASE_COMPLETED]
Hello from FreeRTOS fuzz demo!
[TEST_CASE_COMPLETED]
Hello from FreeRTOS fuzz demo!
[TEST_CASE_COMPLETED]
Hello from FreeRTOS fuzz demo!
[TEST_CASE_COMPLETED]
Hello from FreeRTOS fuzz demo!
[TEST_CASE_COMPLETED]
Hello from FreeRTOS fuzz demo!
[TEST_CASE_COMPLETED]
Hello from FreeRTOS fuzz demo!
[TEST_CASE_COMPLETED]
Hello from FreeRTOS fuzz demo!
[TEST_CASE_COMPLETED]
Hello from FreeRTOS fuzz demo!
[TEST_CASE_COMPLETED]
Hello from FreeRTOS fuzz demo!
[TEST_CASE_COMPLETED]
Hello from FreeRTOS fuzz demo!
[TEST_CASE_COMPLETED]
Hello from FreeRTOS fuzz demo!
[TEST_CASE_COMPLETED]
Hello from FreeRTOS fuzz demo!
[TEST_CASE_COMPLETED]
Hello from FreeRTOS fuzz demo!
[TEST_CASE_COMPLETED]
Hello from FreeRTOS fuzz demo!
[TEST_CASE_COMPLETED]
Hello from FreeRTOS fuzz demo!
[TEST_CASE_COMPLETED]
Hello from FreeRTOS fuzz demo!
[TEST_CASE_COMPLETED]
Hello from FreeRTOS fuzz demo!
[TEST_CASE_COMPLETED]
Hello from FreeRTOS fuzz demo!
[TEST_CASE_COMPLETED]
Hello from FreeRTOS fuzz demo!
[TEST_CASE_COMPLETED]
Hello from FreeRTOS fuzz demo!
[TEST_CASE_COMPLETED]
Hello from FreeRTOS fuzz demo!
[TEST_CASE_COMPLETED]
Hello from FreeRTOS fuzz demo!
[TEST_CASE_COMPLETED]
Hello from FreeRTOS fuzz demo!
[TEST_CASE_COMPLETED]
Hello from FreeRTOS fuzz demo!
[TEST_CASE_COMPLETED]
Hello from FreeRTOS fuzz demo!
[TEST_CASE_COMPLETED]
Hello from FreeRTOS fuzz demo!
[TEST_CASE_COMPLETED]
Hello from FreeRTOS fuzz demo!
[TEST_CASE_COMPLETED]
Hello from FreeRTOS fuzz demo!
[TEST_CASE_COMPLETED]
Hello from FreeRTOS fuzz demo!
[TEST_CASE_COMPLETED]
Hello from FreeRTOS fuzz demo!
[TEST_CASE_COMPLETED]
Hello from FreeRTOS fuzz demo!
[TEST_CASE_COMPLETED]
Hello from FreeRTOS fuzz demo!
[TEST_CASE_COMPLETED]
Hello from FreeRTOS fuzz demo!
[TEST_CASE_COMPLETED]
Hello from FreeRTOS fuzz demo!
[TEST_CASE_COMPLETED]
[UserStats   #1]  (GLOBAL) run time: 0s, clients: 1, corpus: 34, objectives: 0, executions: 909, exec/sec: 0.000, edges: 100.000%, stability: 100.000%
                  (CLIENT) corpus: 34, objectives: 0, executions: 909, exec/sec: 0.000, edges: 392/392 (100%), stability: 374/374 (100%)
Hello from FreeRTOS fuzz demo!
[[Testcase    #1]  (GLOBAL) run time: 0s, clients: 1, corpus: 35, objectives: 0, executions: 909, exec/sec: 0.000, edges: 100.000%, stability: 100.000%
TE                  (CLIENT) corpus: 35, objectives: 0, executions: 909, exec/sec: 0.000, edges: 392/392 (100%), stability: 374/374 (100%)
ST_CASE_COMPLETED]
Hello from FreeRTOS fuzz demo!
[TEST_CASE_COMPLETED]
Hello from FreeRTOS fuzz demo!
[TEST_CASE_COMPLETED]
Hello from FreeRTOS fuzz demo!
[TEST_CASE_COMPLETED]
Hello from FreeRTOS fuzz demo!
[TEST_CASE_COMPLETED]
Hello from FreeRTOS fuzz demo!
[TEST_CASE_COMPLETED]
Hello from FreeRTOS fuzz demo!
[TEST_CASE_COMPLETED]
Hello from FreeRTOS fuzz demo!
[TEST_CASE_COMPLETED]
Hello from FreeRTOS fuzz demo!
[TEST_CASE_COMPLETED]
Hello from FreeRTOS fuzz demo!
[TEST_CASE_COMPLETED]
Hello from FreeRTOS fuzz demo!
[TEST_CASE_COMPLETED]
Hello from FreeRTOS fuzz demo!
[TEST_CASE_COMPLETED]
Hello from FreeRTOS fuzz demo!
[TEST_CASE_COMPLETED]
Hello from FreeRTOS fuzz demo!
[TEST_CASE_COMPLETED]
Hello from FreeRTOS fuzz demo!
[TEST_CASE_COMPLETED]
Hello from FreeRTOS fuzz demo!
[TEST_CASE_COMPLETED]
Hello from FreeRTOS fuzz demo!
[TEST_CASE_COMPLETED]
Hello from FreeRTOS fuzz demo!
[TEST_CASE_COMPLETED]
Hello from FreeRTOS fuzz demo!
[TEST_CASE_COMPLETED]
Hello from FreeRTOS fuzz demo!
[TEST_CASE_COMPLETED]
Hello from FreeRTOS fuzz demo!
[TEST_CASE_COMPLETED]
Hello from FreeRTOS fuzz demo!
[TEST_CASE_COMPLETED]
Hello from FreeRTOS fuzz demo!
[TEST_CASE_COMPLETED]
Hello from FreeRTOS fuzz demo!
[TEST_CASE_COMPLETED]
Hello from FreeRTOS fuzz demo!
[TEST_CASE_COMPLETED]
Hello from FreeRTOS fuzz demo!
[TEST_CASE_COMPLETED]
Hello from FreeRTOS fuzz demo!
[TEST_CASE_COMPLETED]
Hello from FreeRTOS fuzz demo!
[TEST_CASE_COMPLETED]
[UserStats   #1]  (GLOBAL) run time: 0s, clients: 1, corpus: 35, objectives: 0, executions: 942, exec/sec: 0.000, edges: 100.000%, stability: 100.000%
                  (CLIENT) corpus: 35, objectives: 0, executions: 942, exec/sec: 0.000, edges: 393/393 (100%), stability: 374/374 (100%)
[Testcase    #1]  (GLOBAL) run time: 0s, clients: 1, corpus: 36, objectives: 0, executions: 942, exec/sec: 0.000, edges: 100.000%, stability: 100.000%
                  (CLIENT) corpus: 36, objectives: 0, executions: 942, exec/sec: 0.000, edges: 393/393 (100%), stability: 374/374 (100%)
Hello from FreeRTOS fuzz demo!
[TEST_CASE_COMPLETED]
Hello from FreeRTOS fuzz demo!
[TEST_CASE_COMPLETED]
Hello from FreeRTOS fuzz demo!
[TEST_CASE_COMPLETED]
Hello from FreeRTOS fuzz demo!
[TEST_CASE_COMPLETED]
Hello from FreeRTOS fuzz demo!
[TEST_CASE_COMPLETED]
Hello from FreeRTOS fuzz demo!
[TEST_CASE_COMPLETED]
Hello from FreeRTOS fuzz demo!
[TEST_CASE_COMPLETED]
Hello from FreeRTOS fuzz demo!
[TEST_CASE_COMPLETED]
Hello from FreeRTOS fuzz demo!
[TEST_CASE_COMPLETED]
Hello from FreeRTOS fuzz demo!
[TEST_CASE_COMPLETED]
Hello from FreeRTOS fuzz demo!
[TEST_CASE_COMPLETED]
Hello from FreeRTOS fuzz demo!
[TEST_CASE_COMPLETED]
Hello from FreeRTOS fuzz demo!
[TEST_CASE_COMPLETED]
Hello from FreeRTOS fuzz demo!
[TEST_CASE_COMPLETED]
Hello from FreeRTOS fuzz demo!
[TEST_CASE_COMPLETED]
Hello from FreeRTOS fuzz demo!
[TEST_CASE_COMPLETED]
Hello from FreeRTOS fuzz demo!
[TEST_CASE_COMPLETED]
Hello from FreeRTOS fuzz demo!
[TEST_CASE_COMPLETED]
Hello from FreeRTOS fuzz demo!
[TEST_CASE_COMPLETED]
Hello from FreeRTOS fuzz demo!
[TEST_CASE_COMPLETED]
Hello from FreeRTOS fuzz demo!
[TEST_CASE_COMPLETED]
Hello from FreeRTOS fuzz demo!
[TEST_CASE_COMPLETED]
Hello from FreeRTOS fuzz demo!
[TEST_CASE_COMPLETED]
Hello from FreeRTOS fuzz demo!
[TEST_CASE_COMPLETED]
Hello from FreeRTOS fuzz demo!
[TEST_CASE_COMPLETED]
Hello from FreeRTOS fuzz demo!
[TEST_CASE_COMPLETED]
Hello from FreeRTOS fuzz demo!
[TEST_CASE_COMPLETED]
Hello from FreeRTOS fuzz demo!
[TEST_CASE_COMPLETED]
Hello from FreeRTOS fuzz demo!
[TEST_CASE_COMPLETED]
Hello from FreeRTOS fuzz demo!
[TEST_CASE_COMPLETED]
Hello from FreeRTOS fuzz demo!
[TEST_CASE_COMPLETED]
Hello from FreeRTOS fuzz demo!
[TEST_CASE_COMPLETED]
Hello from FreeRTOS fuzz demo!
[TEST_CASE_COMPLETED]
Hello from FreeRTOS fuzz demo!
[TEST_CASE_COMPLETED]
Hello from FreeRTOS fuzz demo!
[TEST_CASE_COMPLETED]
Hello from FreeRTOS fuzz demo!
[TEST_CASE_COMPLETED]
Hello from FreeRTOS fuzz demo!
[TEST_CASE_COMPLETED]
Hello from FreeRTOS fuzz demo!
[TEST_CASE_COMPLETED]
Hello from FreeRTOS fuzz demo!
[TEST_CASE_COMPLETED]
Hello from FreeRTOS fuzz demo!
[TEST_CASE_COMPLETED]
Hello from FreeRTOS fuzz demo!
[TEST_CASE_COMPLETED]
Hello from FreeRTOS fuzz demo!
[TEST_CASE_COMPLETED]
Hello from FreeRTOS fuzz demo!
[TEST_CASE_COMPLETED]
Hello from FreeRTOS fuzz demo!
[TEST_CASE_COMPLETED]
Hello from FreeRTOS fuzz demo!
[TEST_CASE_COMPLETED]
Hello from FreeRTOS fuzz demo!
[TEST_CASE_COMPLETED]
Hello from FreeRTOS fuzz demo!
[TEST_CASE_COMPLETED]
Hello from FreeRTOS fuzz demo!
[TEST_CASE_COMPLETED]
Hello from FreeRTOS fuzz demo!
[TEST_CASE_COMPLETED]
Hello from FreeRTOS fuzz demo!
[TEST_CASE_COMPLETED]
Hello from FreeRTOS fuzz demo!
[TEST_CASE_COMPLETED]
Hello from FreeRTOS fuzz demo!
[TEST_CASE_COMPLETED]
Hello from FreeRTOS fuzz demo!
[TEST_CASE_COMPLETED]
Hello from FreeRTOS fuzz demo!
[TEST_CASE_COMPLETED]
Hello from FreeRTOS fuzz demo!
[UserStats   #1]  (GLOBAL) run time: 0s, clients: 1, corpus: 36, objectives: 0, executions: 991, exec/sec: 0.000, edges: 100.000%, stability: 100.000%
                  (CLIENT) corpus: 36, objectives: 0, executions: 991, exec/sec: 0.000, edges: 394/394 (100%), stability: 374/374 (100%)
[TEST_CASE_COMPLETED]
[Testcase    #1]  (GLOBAL) run time: 0s, clients: 1, corpus: 37, objectives: 0, executions: 991, exec/sec: 0.000, edges: 100.000%, stability: 100.000%
                  (CLIENT) corpus: 37, objectives: 0, executions: 991, exec/sec: 0.000, edges: 394/394 (100%), stability: 374/374 (100%)
[UserStats   #1]  (GLOBAL) run time: 0s, clients: 1, corpus: 37, objectives: 0, executions: 996, exec/sec: 0.000, edges: 100.000%, stability: 100.000%
                  (CLIENT) corpus: 37, objectives: 0, executions: 996, exec/sec: 0.000, edges: 395/395 (100%), stability: 374/374 (100%)
H[Testcase    #1]  (GLOBAL) run time: 0s, clients: 1, corpus: 38, objectives: 0, executions: 996, exec/sec: 0.000, edges: 100.000%, stability: 100.000%
el                  (CLIENT) corpus: 38, objectives: 0, executions: 996, exec/sec: 0.000, edges: 395/395 (100%), stability: 374/374 (100%)
lo from FreeRTOS fuzz demo!
[TEST_CASE_COMPLETED]
Hello from FreeRTOS fuzz demo!
[TEST_CASE_COMPLETED]
Hello from FreeRTOS fuzz demo!
[TEST_CASE_COMPLETED]
Hello from FreeRTOS fuzz demo!
[TEST_CASE_COMPLETED]
Hello from FreeRTOS fuzz demo!
[TEST_CASE_COMPLETED]
Hello from FreeRTOS fuzz demo!
[TEST_CASE_COMPLETED]
Hello from FreeRTOS fuzz demo!
[TEST_CASE_COMPLETED]
Hello from FreeRTOS fuzz demo!
[TEST_CASE_COMPLETED]
Hello from FreeRTOS fuzz demo!
[TEST_CASE_COMPLETED]
Hello from FreeRTOS fuzz demo!
[TEST_CASE_COMPLETED]
Hello from FreeRTOS fuzz demo!
[TEST_CASE_COMPLETED]
Hello from FreeRTOS fuzz demo!
[TEST_CASE_COMPLETED]
Hello from FreeRTOS fuzz demo!
[TEST_CASE_COMPLETED]
Hello from FreeRTOS fuzz demo!
[TEST_CASE_COMPLETED]
Hello from FreeRTOS fuzz demo!
[TEST_CASE_COMPLETED]
Hello from FreeRTOS fuzz demo!
[TEST_CASE_COMPLETED]
Hello from FreeRTOS fuzz demo!
[TEST_CASE_COMPLETED]
Hello from FreeRTOS fuzz demo!
[TEST_CASE_COMPLETED]
Hello from FreeRTOS fuzz demo!
[TEST_CASE_COMPLETED]
Hello from FreeRTOS fuzz demo!
[TEST_CASE_COMPLETED]
Hello from FreeRTOS fuzz demo!
[TEST_CASE_COMPLETED]
Hello from FreeRTOS fuzz demo!
[TEST_CASE_COMPLETED]
Hello from FreeRTOS fuzz demo!
[TEST_CASE_COMPLETED]
Hello from FreeRTOS fuzz demo!
[TEST_CASE_COMPLETED]
Hello from FreeRTOS fuzz demo!
[TEST_CASE_COMPLETED]
Hello from FreeRTOS fuzz demo!
[TEST_CASE_COMPLETED]
Hello from FreeRTOS fuzz demo!
[TEST_CASE_COMPLETED]
Hello from FreeRTOS fuzz demo!
[TEST_CASE_COMPLETED]
Hello from FreeRTOS fuzz demo!
[TEST_CASE_COMPLETED]
Hello from FreeRTOS fuzz demo!
[TEST_CASE_COMPLETED]
Hello from FreeRTOS fuzz demo!
[TEST_CASE_COMPLETED]
Hello from FreeRTOS fuzz demo!
[TEST_CASE_COMPLETED]
Hello from FreeRTOS fuzz demo!
[TEST_CASE_COMPLETED]
Hello from FreeRTOS fuzz demo!
[TEST_CASE_COMPLETED]
Hello from FreeRTOS fuzz demo!
[TEST_CASE_COMPLETED]
Hello from FreeRTOS fuzz demo!
[TEST_CASE_[UserStats   #1]  (GLOBAL) run time: 0s, clients: 1, corpus: 38, objectives: 0, executions: 1033, exec/sec: 0.000, edges: 100.000%, stability: 100.000%
                  (CLIENT) corpus: 38, objectives: 0, executions: 1033, exec/sec: 0.000, edges: 396/396 (100%), stability: 374/374 (100%)
COMPLETED]
[Testcase    #1]  (GLOBAL) run time: 0s, clients: 1, corpus: 39, objectives: 0, executions: 1033, exec/sec: 0.000, edges: 100.000%, stability: 100.000%
                  (CLIENT) corpus: 39, objectives: 0, executions: 1033, exec/sec: 0.000, edges: 396/396 (100%), stability: 374/374 (100%)
Hello from FreeRTOS fuzz demo!
[TEST_CASE_COMPLETED]
Hello from FreeRTOS fuzz demo!
[TEST_CASE_COMPLETED]
Hello from FreeRTOS fuzz demo!
[TEST_CASE_COMPLETED]
Hello from FreeRTOS fuzz demo!
[TEST_CASE_COMPLETED]
Hello from FreeRTOS fuzz demo!
[TEST_CASE_COMPLETED]
Hello from FreeRTOS fuzz demo!
[TEST_CASE_COMPLETED]
Hello from FreeRTOS fuzz demo!
[TEST_CASE_COMPLETED]
Hello from FreeRTOS fuzz demo!
[TEST_CASE_COMPLETED]
Hello from FreeRTOS fuzz demo!
[TEST_CASE_COMPLETED]
Hello from FreeRTOS fuzz demo!
[TEST_CASE_COMPLETED]
Hello from FreeRTOS fuzz demo!
[TEST_CASE_COMPLETED]
Hello from FreeRTOS fuzz demo!
[TEST_CASE_COMPLETED]
Hello from FreeRTOS fuzz demo!
[TEST_CASE_COMPLETED]
Hello from FreeRTOS fuzz demo!
[TEST_CASE_COMPLETED]
Hello from FreeRTOS fuzz demo!
[TEST_CASE_COMPLETED]
Hello from FreeRTOS fuzz demo!
[TEST_CASE_COMPLETED]
Hello from FreeRTOS fuzz demo!
[TEST_CASE_COMPLETED]
Hello from FreeRTOS fuzz demo!
[TEST_CASE_COMPLETED]
Hello from FreeRTOS fuzz demo!
[TEST_CASE_COMPLETED]
Hello from FreeRTOS fuzz demo!
[TEST_CASE_COMPLETED]
Hello from FreeRTOS fuzz demo!
[TEST_CASE_COMPLETED]
Hello from FreeRTOS fuzz demo!
[TEST_CASE_COMPLETED]
Hello from FreeRTOS fuzz demo!
[TEST_CASE_COMPLETED]
Hello from FreeRTOS fuzz demo!
[TEST_CASE_COMPLETED]
Hello from FreeRTOS fuzz demo!
[TEST_CASE_COMPLETED]
Hello from FreeRTOS fuzz demo!
[TEST_CASE_COMPLETED]
Hello from FreeRTOS fuzz demo!
[TEST_CASE_COMPLETED]
[UserStats   #1]  (GLOBAL) run time: 0s, clients: 1, corpus: 39, objectives: 0, executions: 1059, exec/sec: 0.000, edges: 100.000%, stability: 100.000%
                  (CLIENT) corpus: 39, objectives: 0, executions: 1059, exec/sec: 0.000, edges: 397/397 (100%), stability: 374/374 (100%)
[Testcase    #1]  (GLOBAL) run time: 0s, clients: 1, corpus: 40, objectives: 0, executions: 1059, exec/sec: 0.000, edges: 100.000%, stability: 100.000%
                  (CLIENT) corpus: 40, objectives: 0, executions: 1059, exec/sec: 0.000, edges: 397/397 (100%), stability: 374/374 (100%)
Hello from FreeRTOS fuzz demo!
[TEST_CASE_COMPLETED]
Hello from FreeRTOS fuzz demo!
[TEST_CASE_COMPLETED]
Hello from FreeRTOS fuzz demo!
[TEST_CASE_COMPLETED]
Hello from FreeRTOS fuzz demo!
[TEST_CASE_COMPLETED]
Hello from FreeRTOS fuzz demo!
[TEST_CASE_COMPLETED]
Hello from FreeRTOS fuzz demo!
[TEST_CASE_COMPLETED]
Hello from FreeRTOS fuzz demo!
[TEST_CASE_COMPLETED]
Hello from FreeRTOS fuzz demo!
[TEST_CASE_COMPLETED]
Hello from FreeRTOS fuzz demo!
[TEST_CASE_COMPLETED]
Hello from FreeRTOS fuzz demo!
[TEST_CASE_COMPLETED]
Hello from FreeRTOS fuzz demo!
[TEST_CASE_COMPLETED]
Hello from FreeRTOS fuzz demo!
[TEST_CASE_COMPLETED]
Hello from FreeRTOS fuzz demo!
[TEST_CASE_COMPLETED]
Hello from FreeRTOS fuzz demo!
[TEST_CASE_COMPLETED]
Hello from FreeRTOS fuzz demo!
[TEST_CASE_COMPLETED]
Hello from FreeRTOS fuzz demo!
[TEST_CASE_COMPLETED]
Hello from FreeRTOS fuzz demo!
[TEST_CASE_COMPLETED]
Hello from FreeRTOS fuzz demo!
[TEST_CASE_COMPLETED]
Hello from FreeRTOS fuzz demo!
[TEST_CASE_COMPLETED]
Hello from FreeRTOS fuzz demo!
[TEST_CASE_COMPLETED]
Hello from FreeRTOS fuzz demo!
[TEST_CASE_COMPLETED]
Hello from FreeRTOS fuzz demo!
[TEST_CASE_COMPLETED]
Hello from FreeRTOS fuzz demo!
[TEST_CASE_COMPLETED]
Hello from FreeRTOS fuzz demo!
[TEST_CASE_COMPLETED]
Hello from FreeRTOS fuzz demo!
[TEST_CASE_COMPLETED]
Hello from FreeRTOS fuzz demo!
[TEST_CASE_COMPLETED]
Hello from FreeRTOS fuzz demo!
[TEST_CASE_COMPLETED]
Hello from FreeRTOS fuzz demo!
[TEST_CASE_COMPLETED]
Hello from FreeRTOS fuzz demo!
[TEST_CASE_COMPLETED]
Hello from FreeRTOS fuzz demo!
[TEST_CASE_COMPLETED]
Hello from FreeRTOS fuzz demo!
[TEST_CASE_COMPLETED]
Hello from FreeRTOS fuzz demo!
[TEST_CASE_COMPLETED]
Hello from FreeRTOS fuzz demo!
[TEST_CASE_COMPLETED]
Hello from FreeRTOS fuzz demo!
[TEST_CASE_COMPLETED]
Hello from FreeRTOS fuzz demo!
[TEST_CASE_COMPLETED]
Hello from FreeRTOS fuzz demo!
[TEST_CASE_COMPLETED]
Hello from FreeRTOS fuzz demo!
[TEST_CASE_COMPLETED]
Hello from FreeRTOS fuzz demo!
[TEST_CASE_COMPLETED]
Hello from FreeRTOS fuzz demo!
[TEST_CASE_COMPLETED]
Hello from FreeRTOS fuzz demo!
[TEST_CASE_COMPLETED]
Hello from FreeRTOS fuzz demo!
[TEST_CASE_COMPLETED]
Hello from FreeRTOS fuzz demo!
[TEST_CASE_COMPLETED]
Hello from FreeRTOS fuzz demo!
[TEST_CASE_COMPLETED]
Hello from FreeRTOS fuzz demo!
[TEST_CASE_COMPLETED]
Hello from FreeRTOS fuzz demo!
[TEST_CASE_COMPLETED]
Hello from FreeRTOS fuzz demo!
[TEST_CASE_COMPLETED]
Hello from FreeRTOS fuzz demo!
[TEST_CASE_COMPLETED]
Hello from FreeRTOS fuzz demo!
[TEST_CASE_COMPLETED]
Hello from FreeRTOS fuzz demo!
[TEST_CASE_COMPLETED]
Hello from FreeRTOS fuzz demo!
[TEST_CASE_COMPLETED]
Hello from FreeRTOS fuzz demo!
[TEST_CASE_COMPLETED]
Hello from FreeRTOS fuzz demo!
[TEST_CASE_COMPLETED]
Hello from FreeRTOS fuzz demo!
[TEST_CASE_COMPLETED]
Hello from FreeRTOS fuzz demo!
[TEST_CASE_COMPLETED]
Hello from FreeRTOS fuzz demo!
[TEST_CASE_COMPLETED]
Hello from FreeRTOS fuzz demo!
[TEST_CASE_COMPLETED]
Hello from FreeRTOS fuzz demo!
[TEST_CASE_COMPLETED]
Hello from FreeRTOS fuzz demo!
[TEST_CASE_COMPLETED]
Hello from FreeRTOS fuzz demo!
[TEST_CASE_COMPLETED]
Hello from FreeRTOS fuzz demo!
[TEST_CASE_COMPLETED]
Hello from FreeRTOS fuzz demo!
[TEST_CASE_COMPLETED]
Hello from FreeRTOS fuzz demo!
[TEST_CASE_COMPLETED]
Hello from FreeRTOS fuzz demo!
[TEST_CASE_COMPLETED]
Hello from FreeRTOS fuzz demo!
[TEST_CASE_COMPLETED]
Hello from FreeRTOS fuzz demo!
[TEST_CASE_COMPLETED]
Hello from FreeRTOS fuzz demo!
[TEST_CASE_COMPLETED]
Hello from FreeRTOS fuzz demo!
[TEST_CASE_COMPLETED]
Hello from FreeRTOS fuzz demo!
[TEST_CASE_COMPLETED]
Hello from FreeRTOS fuzz demo!
[TEST_CASE_COMPLETED]
Hello from FreeRTOS fuzz demo!
[TEST_CASE_COMPLETED]
Hello from FreeRTOS fuzz demo!
[TEST_CASE_COMPLETED]
Hello from FreeRTOS fuzz demo!
[TEST_CASE_COMPLETED]
Hello from FreeRTOS fuzz demo!
[TEST_CASE_COMPLETED]
Hello from FreeRTOS fuzz demo!
[TEST_CASE_COMPLETED]
Hello from FreeRTOS fuzz demo!
[TEST_CASE_COMPLETED]
Hello from FreeRTOS fuzz demo!
[TEST_CASE_COMPLETED]
Hello from FreeRTOS fuzz demo!
[TEST_CASE_COMPLETED]
Hello from FreeRTOS fuzz demo!
[TEST_CASE_COMPLETED]
Hello from FreeRTOS fuzz demo!
[TEST_CASE_COMPLETED]
Hello from FreeRTOS fuzz demo!
[TEST_CASE_COMPLETED]
Hello from FreeRTOS fuzz demo!
[TEST_CASE_COMPLETED]
Hello from FreeRTOS fuzz demo!
[TEST_CASE_COMPLETED]
Hello from FreeRTOS fuzz demo!
[TEST_CASE_COMPLETED]
Hello from FreeRTOS fuzz demo!
[TEST_CASE_COMPLETED]
Hello from FreeRTOS fuzz demo!
[TEST_CASE_COMPLETED]
Hello from FreeRTOS fuzz demo!
[TEST_CASE_COMPLETED]
Hello from FreeRTOS fuzz demo!
[TEST_CASE_COMPLETED]
Hello from FreeRTOS fuzz demo!
[TEST_CASE_COMPLETED]
Hello from FreeRTOS fuzz demo!
[TEST_CASE_COMPLETED]
Hello from FreeRTOS fuzz demo!
[TEST_CASE_COMPLETED]
Hello from FreeRTOS fuzz demo!
[TEST_CASE_COMPLETED]
Hello from FreeRTOS fuzz demo!
[TEST_CASE_COMPLETED]
Hello from FreeRTOS fuzz demo!
[TEST_CASE_COMPLETED]
Hello from FreeRTOS fuzz demo!
[TEST_CASE_COMPLETED]
Hello from FreeRTOS fuzz demo!
[TEST_CASE_COMPLETED]
Hello from FreeRTOS fuzz demo!
[TEST_CASE_COMPLETED]
Hello from FreeRTOS fuzz demo!
[TEST_CASE_COMPLETED]
Hello from FreeRTOS fuzz demo!
[TEST_CASE_COMPLETED]
Hello from FreeRTOS fuzz demo!
[TEST_CASE_COMPLETED]
Hello from FreeRTOS fuzz demo!
[TEST_CASE_COMPLETED]
Hello from FreeRTOS fuzz demo!
[TEST_CASE_COMPLETED]
Hello from FreeRTOS fuzz demo!
[TEST_CASE_COMPLETED]
Hello from FreeRTOS fuzz demo!
[TEST_CASE_COMPLETED]
Hello from FreeRTOS fuzz demo!
[TEST_CASE_COMPLETED]
Hello from FreeRTOS fuzz demo!
[TEST_CASE_COMPLETED]
Hello from FreeRTOS fuzz demo!
[TEST_CASE_COMPLETED]
Hello from FreeRTOS fuzz demo!
[TEST_CASE_COMPLETED]
Hello from FreeRTOS fuzz demo!
[TEST_CASE_COMPLETED]
Hello from FreeRTOS fuzz demo!
[TEST_CASE_COMPLETED]
Hello from FreeRTOS fuzz demo!
[TEST_CASE_COMPLETED]
Hello from FreeRTOS fuzz demo!
[TEST_CASE_COMPLETED]
Hello from FreeRTOS fuzz demo!
[TEST_CASE_COMPLETED]
Hello from FreeRTOS fuzz demo!
[TEST_CASE_COMPLETED]
Hello from FreeRTOS fuzz demo!
[TEST_CASE_COMPLETED]
Hello from FreeRTOS fuzz demo!
[TEST_CASE_COMPLETED]
Hello from FreeRTOS fuzz demo!
[TEST_CASE_COMPLETED]
Hello from FreeRTOS fuzz demo!
[TEST_CASE_COMPLETED]
Hello from FreeRTOS fuzz demo!
[TEST_CASE_COMPLETED]
Hello from FreeRTOS fuzz demo!
[TEST_CASE_COMPLETED]
Hello from FreeRTOS fuzz demo!
[TEST_CASE_COMPLETED]
Hello from FreeRTOS fuzz demo!
[TEST_CASE_COMPLETED]
Hello from FreeRTOS fuzz demo!
[TEST_CASE_COMPLETED]
Hello from FreeRTOS fuzz demo!
[TEST_CASE_COMPLETED]
Hello from FreeRTOS fuzz demo!
[TEST_CASE_COMPLETED]
Hello from FreeRTOS fuzz demo!
[TEST_CASE_COMPLETED]
Hello from FreeRTOS fuzz demo!
[TEST_CASE_COMPLETED]
Hello from FreeRTOS fuzz demo!
[TEST_CASE_COMPLETED]
Hello from FreeRTOS fuzz demo!
[TEST_CASE_COMPLETED]
Hello from FreeRTOS fuzz demo!
[TEST_CASE_COMPLETED]
Hello from FreeRTOS fuzz demo!
[TEST_CASE_COMPLETED]
Hello from FreeRTOS fuzz demo!
[TEST_CASE_COMPLETED]
Hello from FreeRTOS fuzz demo!
[TEST_CASE_COMPLETED]
Hello from FreeRTOS fuzz demo!
[TEST_CASE_COMPLETED]
Hello from FreeRTOS fuzz demo!
[TEST_CASE_COMPLETED]
Hello from FreeRTOS fuzz demo!
[TEST_CASE_COMPLETED]
Hello from FreeRTOS fuzz demo!
[TEST_CASE_COMPLETED]
Hello from FreeRTOS fuzz demo!
[TEST_CASE_COMPLETED]
Hello from FreeRTOS fuzz demo!
[TEST_CASE_COMPLETED]
Hello from FreeRTOS fuzz demo!
[TEST_CASE_COMPLETED]
Hello from FreeRTOS fuzz demo!
[TEST_CASE_COMPLETED]
Hello from FreeRTOS fuzz demo!
[TEST_CASE_COMPLETED]
Hello from FreeRTOS fuzz demo!
[TEST_CASE_COMPLETED]
Hello from FreeRTOS fuzz demo!
[TEST_CASE_COMPLETED]
Hello from FreeRTOS fuzz demo!
[TEST_CASE_COMPLETED]
Hello from FreeRTOS fuzz demo!
[TEST_CASE_COMPLETED]
Hello from FreeRTOS fuzz demo!
[TEST_CASE_COMPLETED]
Hello from FreeRTOS fuzz demo!
[TEST_CASE_COMPLETED]
Hello from FreeRTOS fuzz demo!
[TEST_CASE_COMPLETED]
Hello from FreeRTOS fuzz demo!
[TEST_CASE_COMPLETED]
Hello from FreeRTOS fuzz demo!
[TEST_CASE_COMPLETED]
Hello from FreeRTOS fuzz demo!
[TEST_CASE_COMPLETED]
Hello from FreeRTOS fuzz demo!
[TEST_CASE_COMPLETED]
Hello from FreeRTOS fuzz demo!
[TEST_CASE_COMPLETED]
Hello from FreeRTOS fuzz demo!
[TEST_CASE_COMPLETED]
Hello from FreeRTOS fuzz demo!
[TEST_CASE_COMPLETED]
Hello from FreeRTOS fuzz demo!
[TEST_CASE_COMPLETED]
Hello from FreeRTOS fuzz demo!
[TEST_CASE_COMPLETED]
Hello from FreeRTOS fuzz demo!
[TEST_CASE_COMPLETED]
Hello from FreeRTOS fuzz demo!
[TEST_CASE_COMPLETED]
Hello from FreeRTOS fuzz demo!
[TEST_CASE_COMPLETED]
Hello from FreeRTOS fuzz demo!
[TEST_CASE_COMPLETED]
Hello from FreeRTOS fuzz demo!
[TEST_CASE_COMPLETED]
Hello from FreeRTOS fuzz demo!
[TEST_CASE_COMPLETED]
Hello from FreeRTOS fuzz demo!
[TEST_CASE_COMPLETED]
Hello from FreeRTOS fuzz demo!
[TEST_CASE_COMPLETED]
Hello from FreeRTOS fuzz demo!
[TEST_CASE_COMPLETED]
Hello from FreeRTOS fuzz demo!
[TEST_CASE_COMPLETED]
Hello from FreeRTOS fuzz demo!
[TEST_CASE_COMPLETED]
Hello from FreeRTOS fuzz demo!
[TEST_CASE_COMPLETED]
Hello from FreeRTOS fuzz demo!
[TEST_CASE_COMPLETED]
Hello from FreeRTOS fuzz demo!
[TEST_CASE_COMPLETED]
Hello from FreeRTOS fuzz demo!
[TEST_CASE_COMPLETED]
Hello from FreeRTOS fuzz demo!
[TEST_CASE_COMPLETED]
Hello from FreeRTOS fuzz demo!
[TEST_CASE_COMPLETED]
Hello from FreeRTOS fuzz demo!
[TEST_CASE_COMPLETED]
Hello from FreeRTOS fuzz demo!
[TEST_CASE_COMPLETED]
Hello from FreeRTOS fuzz demo!
[TEST_CASE_COMPLETED]
Hello from FreeRTOS fuzz demo!
[TEST_CASE_COMPLETED]
Hello from FreeRTOS fuzz demo!
[TEST_CASE_COMPLETED]
Hello from FreeRTOS fuzz demo!
[TEST_CASE_COMPLETED]
Hello from FreeRTOS fuzz demo!
[TEST_CASE_COMPLETED]
Hello from FreeRTOS fuzz demo!
[TEST_CASE_COMPLETED]
Hello from FreeRTOS fuzz demo!
[TEST_CASE_COMPLETED]
[UserStats   #1]  (GLOBAL) run time: 0s, clients: 1, corpus: 40, objectives: 0, executions: 1239, exec/sec: 0.000, edges: 100.000%, stability: 100.000%
                  (CLIENT) corpus: 40, objectives: 0, executions: 1239, exec/sec: 0.000, edges: 398/398 (100%), stability: 374/374 (100%)
Hello from FreeRTOS fuzz demo!
[Testcase    #1]  (GLOBAL) run time: 0s, clients: 1, corpus: 41, objectives: 0, executions: 1239, exec/sec: 0.000, edges: 100.000%, stability: 100.000%
                  (CLIENT) corpus: 41, objectives: 0, executions: 1239, exec/sec: 0.000, edges: 398/398 (100%), stability: 374/374 (100%)
[TEST_CASE_COMPLETED]
Hello from FreeRTOS fuzz demo!
[TEST_CASE_COMPLETED]
Hello from FreeRTOS fuzz demo!
[TEST_CASE_COMPLETED]
Hello from FreeRTOS fuzz demo!
[TEST_CASE_COMPLETED]
Hello from FreeRTOS fuzz demo!
[TEST_CASE_COMPLETED]
Hello from FreeRTOS fuzz demo!
[TEST_CASE_COMPLETED]
Hello from FreeRTOS fuzz demo!
[TEST_CASE_COMPLETED]
Hello from FreeRTOS fuzz demo!
[TEST_CASE_COMPLETED]
Hello from FreeRTOS fuzz demo!
[TEST_CASE_COMPLETED]
Hello from FreeRTOS fuzz demo!
[TEST_CASE_COMPLETED]
Hello from FreeRTOS fuzz demo!
[TEST_CASE_COMPLETED]
Hello from FreeRTOS fuzz demo!
[TEST_CASE_COMPLETED]
Hello from FreeRTOS fuzz demo!
[TEST_CASE_COMPLETED]
Hello from FreeRTOS fuzz demo!
[TEST_CASE_COMPLETED]
Hello from FreeRTOS fuzz demo!
[TEST_CASE_COMPLETED]
Hello from FreeRTOS fuzz demo!
[TEST_CASE_COMPLETED]
Hello from FreeRTOS fuzz demo!
[TEST_CASE_COMPLETED]
Hello from FreeRTOS fuzz demo!
[TEST_CASE_COMPLETED]
Hello from FreeRTOS fuzz demo!
[TEST_CASE_COMPLETED]
Hello from FreeRTOS fuzz demo!
[TEST_CASE_COMPLETED]
Hello from FreeRTOS fuzz demo!
[TEST_CASE_COMPLETED]
Hello from FreeRTOS fuzz demo!
[TEST_CASE_COMPLETED]
Hello from FreeRTOS fuzz demo!
[TEST_CASE_COMPLETED]
Hello from FreeRTOS fuzz demo!
[TEST_CASE_COMPLETED]
Hello from FreeRTOS fuzz demo!
[TEST_CASE_COMPLETED]
Hello from FreeRTOS fuzz demo!
[TEST_CASE_COMPLETED]
Hello from FreeRTOS fuzz demo!
[TEST_CASE_COMPLETED]
Hello from FreeRTOS fuzz demo!
[TEST_CASE_COMPLETED]
Hello from FreeRTOS fuzz demo!
[TEST_CASE_COMPLETED]
Hello from FreeRTOS fuzz demo!
[TEST_CASE_COMPLETED]
Hello from FreeRTOS fuzz demo!
[TEST_CASE_COMPLETED]
Hello from FreeRTOS fuzz demo!
[TEST_CASE_COMPLETED]
Hello from FreeRTOS fuzz demo!
[TEST_CASE_COMPLETED]
Hello from FreeRTOS fuzz demo!
[TEST_CASE_COMPLETED]
Hello from FreeRTOS fuzz demo!
[TEST_CASE_COMPLETED]
Hello from FreeRTOS fuzz demo!
[TEST_CASE_COMPLETED]
Hello from FreeRTOS fuzz demo!
[TEST_CASE_COMPLETED]
Hello from FreeRTOS fuzz demo!
[TEST_CASE_COMPLETED]
Hello from FreeRTOS fuzz demo!
[TEST_CASE_COMPLETED]
Hello from FreeRTOS fuzz demo!
[TEST_CASE_COMPLETED]
Hello from FreeRTOS fuzz demo!
[TEST_CASE_COMPLETED]
Hello from FreeRTOS fuzz demo!
[TEST_CASE_COMPLETED]
Hello from FreeRTOS fuzz demo!
[TEST_CASE_COMPLETED]
Hello from FreeRTOS fuzz demo!
[TEST_CASE_COMPLETED]
Hello from FreeRTOS fuzz demo!
[TEST_CASE_COMPLETED]
Hello from FreeRTOS fuzz demo!
[TEST_CASE_COMPLETED]
Hello from FreeRTOS fuzz demo!
[TEST_CASE_COMPLETED]
Hello from FreeRTOS fuzz demo!
[TEST_CASE_COMPLETED]
Hello from FreeRTOS fuzz demo!
[TEST_CASE_COMPLETED]
Hello from FreeRTOS fuzz demo!
[TEST_CASE_COMPLETED]
Hello from FreeRTOS fuzz demo!
[TEST_CASE_COMPLETED]
Hello from FreeRTOS fuzz demo!
[TEST_CASE_COMPLETED]
Hello from FreeRTOS fuzz demo!
[TEST_CASE_COMPLETED]
Hello from FreeRTOS fuzz demo!
[TEST_CASE_COMPLETED]
Hello from FreeRTOS fuzz demo!
[TEST_CASE_COMPLETED]
Hello from FreeRTOS fuzz demo!
[TEST_CASE_COMPLETED]
Hello from FreeRTOS fuzz demo!
[TEST_CASE_COMPLETED]
Hello from FreeRTOS fuzz demo!
[TEST_CASE_COMPLETED]
Hello from FreeRTOS fuzz demo!
[TEST_CASE_COMPLETED]
Hello from FreeRTOS fuzz demo!
[TEST_CASE_COMPLETED]
Hello from FreeRTOS fuzz demo!
[TEST_CASE_COMPLETED]
Hello from FreeRTOS fuzz demo!
[TEST_CASE_COMPLETED]
Hello from FreeRTOS fuzz demo!
[TEST_CASE_COMPLETED]
Hello from FreeRTOS fuzz demo!
[TEST_CASE_COMPLETED]
Hello from FreeRTOS fuzz demo!
[TEST_CASE_COMPLETED]
Hello from FreeRTOS fuzz demo!
[TEST_CASE_COMPLETED]
Hello from FreeRTOS fuzz demo!
[TEST_CASE_COMPLETED]
Hello from FreeRTOS fuzz demo!
[TEST_CASE_COMPLETED]
Hello from FreeRTOS fuzz demo!
[TEST_CASE_COMPLETED]
Hello from FreeRTOS fuzz demo!
[TEST_CASE_COMPLETED]
Hello from FreeRTOS fuzz demo!
[TEST_CASE_COMPLETED]
Hello from FreeRTOS fuzz demo!
[TEST_CASE_COMPLETED]
Hello from FreeRTOS fuzz demo!
[TEST_CASE_COMPLETED]
Hello from FreeRTOS fuzz demo!
[TEST_CASE_COMPLETED]
Hello from FreeRTOS fuzz demo!
[UserStats   #1]  (GLOBAL) run time: 0s, clients: 1, corpus: 41, objectives: 0, executions: 1317, exec/sec: 0.000, edges: 100.000%, stability: 100.000%
                  (CLIENT) corpus: 41, objectives: 0, executions: 1317, exec/sec: 0.000, edges: 399/399 (100%), stability: 374/374 (100%)
[TEST_CASE_COMPLETED]
[Testcase    #1]  (GLOBAL) run time: 0s, clients: 1, corpus: 42, objectives: 0, executions: 1317, exec/sec: 0.000, edges: 100.000%, stability: 100.000%
                  (CLIENT) corpus: 42, objectives: 0, executions: 1317, exec/sec: 0.000, edges: 399/399 (100%), stability: 374/374 (100%)
Hello from FreeRTOS fuzz demo!
[TEST_CASE_COMPLETED]
Hello from FreeRTOS fuzz demo!
[TEST_CASE_COMPLETED]
Hello from FreeRTOS fuzz demo!
[TEST_CASE_COMPLETED]
Hello from FreeRTOS fuzz demo!
[TEST_CASE_COMPLETED]
Hello from FreeRTOS fuzz demo!
[TEST_CASE_COMPLETED]
Hello from FreeRTOS fuzz demo!
[TEST_CASE_COMPLETED]
Hello from FreeRTOS fuzz demo!
[TEST_CASE_COMPLETED]
Hello from FreeRTOS fuzz demo!
[TEST_CASE_COMPLETED]
Hello from FreeRTOS fuzz demo!
[TEST_CASE_COMPLETED]
Hello from FreeRTOS fuzz demo!
[TEST_CASE_COMPLETED]
Hello from FreeRTOS fuzz demo!
[TEST_CASE_COMPLETED]
Hello from FreeRTOS fuzz demo!
[TEST_CASE_COMPLETED]
Hello from FreeRTOS fuzz demo!
[TEST_CASE_COMPLETED]
Hello from FreeRTOS fuzz demo!
[TEST_CASE_COMPLETED]
Hello from FreeRTOS fuzz demo!
[TEST_CASE_COMPLETED]
Hello from FreeRTOS fuzz demo!
[TEST_CASE_COMPLETED]
Hello from FreeRTOS fuzz demo!
[TEST_CASE_COMPLETED]
Hello from FreeRTOS fuzz demo!
[TEST_CASE_COMPLETED]
Hello from FreeRTOS fuzz demo!
[TEST_CASE_COMPLETED]
Hello from FreeRTOS fuzz demo!
[TEST_CASE_COMPLETED]
Hello from FreeRTOS fuzz demo!
[TEST_CASE_COMPLETED]
Hello from FreeRTOS fuzz demo!
[TEST_CASE_COMPLETED]
Hello from FreeRTOS fuzz demo!
[TEST_CASE_COMPLETED]
Hello from FreeRTOS fuzz demo!
[TEST_CASE_COMPLETED]
Hello from FreeRTOS fuzz demo!
[TEST_CASE_COMPLETED]
Hello from FreeRTOS fuzz demo!
[TEST_CASE_COMPLETED]
Hello from FreeRTOS fuzz demo!
[TEST_CASE_COMPLETED]
Hello from FreeRTOS fuzz demo!
[TEST_CASE_COMPLETED]
Hello from FreeRTOS fuzz demo!
[TEST_CASE_COMPLETED]
Hello from FreeRTOS fuzz demo!
[TEST_CASE_COMPLETED]
Hello from FreeRTOS fuzz demo!
[TEST_CASE_COMPLETED]
Hello from FreeRTOS fuzz demo!
[TEST_CASE_COMPLETED]
Hello from FreeRTOS fuzz demo!
[TEST_CASE_COMPLETED]
Hello from FreeRTOS fuzz demo!
[TEST_CASE_COMPLETED]
Hello from FreeRTOS fuzz demo!
[TEST_CASE_COMPLETED]
Hello from FreeRTOS fuzz demo!
[TEST_CASE_COMPLETED]
Hello from FreeRTOS fuzz demo!
[TEST_CASE_COMPLETED]
Hello from FreeRTOS fuzz demo!
[TEST_CASE_COMPLETED]
Hello from FreeRTOS fuzz demo!
[TEST_CASE_COMPLETED]
Hello from FreeRTOS fuzz demo!
[TEST_CASE_COMPLETED]
Hello from FreeRTOS fuzz demo!
[TEST_CASE_COMPLETED]
Hello from FreeRTOS fuzz demo!
[TEST_CASE_COMPLETED]
Hello from FreeRTOS fuzz demo!
[TEST_CASE_COMPLETED]
Hello from FreeRTOS fuzz demo!
[TEST_CASE_COMPLETED]
Hello from FreeRTOS fuzz demo!
[TEST_CASE_COMPLETED]
Hello from FreeRTOS fuzz demo!
[TEST_CASE_COMPLETED]
Hello from FreeRTOS fuzz demo!
[TEST_CASE_COMPLETED]
Hello from FreeRTOS fuzz demo!
[TEST_CASE_COMPLETED]
Hello from FreeRTOS fuzz demo!
[TEST_CASE_COMPLETED]
Hello from FreeRTOS fuzz demo!
[TEST_CASE_COMPLETED]
Hello from FreeRTOS fuzz demo!
[TEST_CASE_COMPLETED]
Hello from FreeRTOS fuzz demo!
[TEST_CASE_COMPLETED]
Hello from FreeRTOS fuzz demo!
[TEST_CASE_COMPLETED]
Hello from FreeRTOS fuzz demo!
[TEST_CASE_COMPLETED]
Hello from FreeRTOS fuzz demo!
[TEST_CASE_COMPLETED]
Hello from FreeRTOS fuzz demo!
[TEST_CASE_COMPLETED]
Hello from FreeRTOS fuzz demo!
[TEST_CASE_COMPLETED]
Hello from FreeRTOS fuzz demo!
[TEST_CASE_COMPLETED]
Hello from FreeRTOS fuzz demo!
[TEST_CASE_COMPLETED]
Hello from FreeRTOS fuzz demo!
[TEST_CASE_COMPLETED]
Hello from FreeRTOS fuzz demo!
[TEST_CASE_COMPLETED]
Hello from FreeRTOS fuzz demo!
[TEST_CASE_COMPLETED]
Hello from FreeRTOS fuzz demo!
[TEST_CASE_COMPLETED]
Hello from FreeRTOS fuzz demo!
[TEST_CASE_COMPLETED]
Hello from FreeRTOS fuzz demo!
[TEST_CASE_COMPLETED]
Hello from FreeRTOS fuzz demo!
[TEST_CASE_COMPLETED]
Hello from FreeRTOS fuzz demo!
[TEST_CASE_COMPLETED]
Hello from FreeRTOS fuzz demo!
[TEST_CASE_COMPLETED]
Hello from FreeRTOS fuzz demo!
[TEST_CASE_COMPLETED]
Hello from FreeRTOS fuzz demo!
[TEST_CASE_COMPLETED]
Hello from FreeRTOS fuzz demo!
[TEST_CASE_COMPLETED]
Hello from FreeRTOS fuzz demo!
[TEST_CASE_COMPLETED]
Hello from FreeRTOS fuzz demo!
[TEST_CASE_COMPLETED]
[UserStats   #1]  (GLOBAL) run time: 0s, clients: 1, corpus: 42, objectives: 0, executions: 1387, exec/sec: 0.000, edges: 100.000%, stability: 100.000%
                  (CLIENT) corpus: 42, objectives: 0, executions: 1387, exec/sec: 0.000, edges: 400/400 (100%), stability: 374/374 (100%)
[Testcase    #1]  (GLOBAL) run time: 0s, clients: 1, corpus: 43, objectives: 0, executions: 1387, exec/sec: 0.000, edges: 100.000%, stability: 100.000%
Hel                  (CLIENT) corpus: 43, objectives: 0, executions: 1387, exec/sec: 0.000, edges: 400/400 (100%), stability: 374/374 (100%)
lo from FreeRTOS fuzz demo!
[TEST_CASE_COMPLETED]
Hello from FreeRTOS fuzz demo!
[TEST_CASE_COMPLETED]
Hello from FreeRTOS fuzz demo!
[TEST_CASE_COMPLETED]
Hello from FreeRTOS fuzz demo!
[TEST_CASE_COMPLETED]
Hello from FreeRTOS fuzz demo!
[TEST_CASE_COMPLETED]
Hello from FreeRTOS fuzz demo!
[TEST_CASE_COMPLETED]
Hello from FreeRTOS fuzz demo!
[TEST_CASE_COMPLETED]
Hello from FreeRTOS fuzz demo!
[TEST_CASE_COMPLETED]
Hello from FreeRTOS fuzz demo!
[TEST_CASE_COMPLETED][UserStats   #1]  (GLOBAL) run time: 0s, clients: 1, corpus: 43, objectives: 0, executions: 1394, exec/sec: 0.000, edges: 100.000%, stability: 100.000%

                  (CLIENT) corpus: 43, objectives: 0, executions: 1394, exec/sec: 0.000, edges: 401/401 (100%), stability: 374/374 (100%)
[Testcase    #1]  (GLOBAL) run time: 0s, clients: 1, corpus: 44, objectives: 0, executions: 1394, exec/sec: 0.000, edges: 100.000%, stability: 100.000%
                  (CLIENT) corpus: 44, objectives: 0, executions: 1394, exec/sec: 0.000, edges: 401/401 (100%), stability: 374/374 (100%)
[UserStats   #1]  (GLOBAL) run time: 0s, clients: 1, corpus: 44, objectives: 0, executions: 1397, exec/sec: 0.000, edges: 100.000%, stability: 100.000%
                  (CLIENT) corpus: 44, objectives: 0, executions: 1397, exec/sec: 0.000, edges: 402/402 (100%), stability: 374/374 (100%)
Hello from FreeRTOS fuzz demo!
[Testcase    #1]  (GLOBAL) run time: 0s, clients: 1, corpus: 45, objectives: 0, executions: 1397, exec/sec: 0.000, edges: 100.000%, stability: 100.000%
                  (CLIENT) corpus: 45, objectives: 0, executions: 1397, exec/sec: 0.000, edges: 402/402 (100%), stability: 374/374 (100%)
[TEST_CASE_COMPLETED]
Hello from FreeRTOS fuzz demo!
[TEST_CASE_COMPLETED]
Hello from FreeRTOS fuzz demo!
[TEST_CASE_COMPLETED]
Hello from FreeRTOS fuzz demo!
[TEST_CASE_COMPLETED]
Hello from FreeRTOS fuzz demo!
[TEST_CASE_COMPLETED]
Hello from FreeRTOS fuzz demo!
[TEST_CASE_COMPLETED]
Hello from FreeRTOS fuzz demo!
[TEST_CASE_COMPLETED]
Hello from FreeRTOS fuzz demo!
[TEST_CASE_COMPLETED]
Hello from FreeRTOS fuzz demo!
[TEST_CASE_COMPLETED]
Hello from FreeRTOS fuzz demo!
[TEST_CASE_COMPLETED]
Hello from FreeRTOS fuzz demo!
[TEST_CASE_COMPLETED]
Hello from FreeRTOS fuzz demo!
[TEST_CASE_COMPLETED]
Hello from FreeRTOS fuzz demo!
[TEST_CASE_COMPLETED]
Hello from FreeRTOS fuzz demo!
[TEST_CASE_COMPLETED]
Hello from FreeRTOS fuzz demo!
[TEST_CASE_COMPLETED]
Hello from FreeRTOS fuzz demo!
[TEST_CASE_COMPLETED]
Hello from FreeRTOS fuzz demo!
[TEST_CASE_COMPLETED]
Hello from FreeRTOS fuzz demo!
[TEST_CASE_COMPLETED]
Hello from FreeRTOS fuzz demo!
[TEST_CASE_COMPLETED]
Hello from FreeRTOS fuzz demo!
[TEST_CASE_COMPLETED]
Hello from FreeRTOS fuzz demo!
[TEST_CASE_COMPLETED]
Hello from FreeRTOS fuzz demo!
[TEST_CASE_COMPLETED]
Hello from FreeRTOS fuzz demo!
[TEST_CASE_COMPLETED]
Hello from FreeRTOS fuzz demo!
[TEST_CASE_COMPLETED]
Hello from FreeRTOS fuzz demo!
[TEST_CASE_COMPLETED]
Hello from FreeRTOS fuzz demo!
[TEST_CASE_COMPLETED]
Hello from FreeRTOS fuzz demo!
[TEST_CASE_COMPLETED]
Hello from FreeRTOS fuzz demo!
[TEST_CASE_COMPLETED]
Hello from FreeRTOS fuzz demo!
[TEST_CASE_COMPLETED]
Hello from FreeRTOS fuzz demo!
[TEST_CASE_COMPLETED]
Hello from FreeRTOS fuzz demo!
[TEST_CASE_COMPLETED]
Hello from FreeRTOS fuzz demo!
[TEST_CASE_COMPLETED]
Hello from FreeRTOS fuzz demo!
[TEST_CASE_COMPLETED]
Hello from FreeRTOS fuzz demo!
[TEST_CASE_COMPLETED]
Hello from FreeRTOS fuzz demo!
[TEST_CASE_COMPLETED]
Hello from FreeRTOS fuzz demo!
[TEST_CASE_COMPLETED]
Hello from FreeRTOS fuzz demo!
[TEST_CASE_COM[UserStats   #1]  (GLOBAL) run time: 0s, clients: 1, corpus: 45, objectives: 0, executions: 1434, exec/sec: 0.000, edges: 100.000%, stability: 100.000%
PLE                  (CLIENT) corpus: 45, objectives: 0, executions: 1434, exec/sec: 0.000, edges: 403/403 (100%), stability: 374/374 (100%)
TED]
[Testcase    #1]  (GLOBAL) run time: 0s, clients: 1, corpus: 46, objectives: 0, executions: 1434, exec/sec: 0.000, edges: 100.000%, stability: 100.000%
                  (CLIENT) corpus: 46, objectives: 0, executions: 1434, exec/sec: 0.000, edges: 403/403 (100%), stability: 374/374 (100%)
Hello from FreeRTOS fuzz demo!
[TEST_CASE_COMPLETED]
Hello from FreeRTOS fuzz demo!
[TEST_CASE_COMPLETED]
Hello from FreeRTOS fuzz demo!
[TEST_CASE_COMPLETED]
Hello from FreeRTOS fuzz demo!
[TEST_CASE_COMPLETED]
Hello from FreeRTOS fuzz demo!
[TEST_CASE_COMPLETED]
Hello from FreeRTOS fuzz demo!
[TEST_CASE_COMPLETED]
Hello from FreeRTOS fuzz demo!
[TEST_CASE_COMPLETED]
Hello from FreeRTOS fuzz demo!
[TEST_CASE_COMPLETED]
Hello from FreeRTOS fuzz demo!
[TEST_CASE_COMPLETED]
[UserStats   #1]  (GLOBAL) run time: 0s, clients: 1, corpus: 46, objectives: 0, executions: 1439, exec/sec: 0.000, edges: 100.000%, stability: 100.000%
                  (CLIENT) corpus: 46, objectives: 0, executions: 1439, exec/sec: 0.000, edges: 404/404 (100%), stability: 374/374 (100%)
[Testcase    #1]  (GLOBAL) run time: 0s, clients: 1, corpus: 47, objectives: 0, executions: 1439, exec/sec: 0.000, edges: 100.000%, stability: 100.000%
                  (CLIENT) corpus: 47, objectives: 0, executions: 1439, exec/sec: 0.000, edges: 404/404 (100%), stability: 374/374 (100%)
[UserStats   #1]  (GLOBAL) run time: 0s, clients: 1, corpus: 47, objectives: 0, executions: 1441, exec/sec: 0.000, edges: 100.000%, stability: 100.000%
                  (CLIENT) corpus: 47, objectives: 0, executions: 1441, exec/sec: 0.000, edges: 405/405 (100%), stability: 374/374 (100%)
Hello from FreeRTOS fuzz demo!
[TEST_CASE_COMPLETE[Testcase    #1]  (GLOBAL) run time: 0s, clients: 1, corpus: 48, objectives: 0, executions: 1441, exec/sec: 0.000, edges: 100.000%, stability: 100.000%
D]                  (CLIENT) corpus: 48, objectives: 0, executions: 1441, exec/sec: 0.000, edges: 405/405 (100%), stability: 374/374 (100%)

Hello from FreeRTOS fuzz demo!
[TEST_CASE_COMPLETED]
Hello from FreeRTOS fuzz demo!
[TEST_CASE_COMPLETED]
Hello from FreeRTOS fuzz demo!
[TEST_CASE_COMPLETED]
Hello from FreeRTOS fuzz demo!
[TEST_CASE_COMPLETED]
Hello from FreeRTOS fuzz demo!
[TEST_CASE_COMPLETED]
Hello from FreeRTOS fuzz demo!
[TEST_CASE_COMPLETED]
Hello from FreeRTOS fuzz demo!
[TEST_CASE_COMPLETED]
Hello from FreeRTOS fuzz demo!
[TEST_CASE_COMPLETED]
Hello from FreeRTOS fuzz demo!
[TEST_CASE_COMPLETED]
Hello from FreeRTOS fuzz demo!
[TEST_CASE_COMPLETED]
Hello from FreeRTOS fuzz demo!
[TEST_CASE_COMPLETED]
Hello from FreeRTOS fuzz demo!
[TEST_CASE_COMPLETED]
Hello from FreeRTOS fuzz demo!
[TEST_CASE_COMPLETED]
Hello from FreeRTOS fuzz demo!
[TEST_CASE_COMPLETED]
Hello from FreeRTOS fuzz demo!
[TEST_CASE_COMPLETED]
Hello from FreeRTOS fuzz demo!
[TEST_CASE_COMPLETED]
Hello from FreeRTOS fuzz demo!
[TEST_CASE_COMPLETED]
Hello from FreeRTOS fuzz demo!
[UserStats   #1]  (GLOBAL) run time: 0s, clients: 1, corpus: 48, objectives: 0, executions: 1462, exec/sec: 0.000, edges: 100.000%, stability: 100.000%
                  (CLIENT) corpus: 48, objectives: 0, executions: 1462, exec/sec: 0.000, edges: 406/406 (100%), stability: 374/374 (100%)
[TEST_CASE_COMPLETED]
[Testcase    #1]  (GLOBAL) run time: 0s, clients: 1, corpus: 49, objectives: 0, executions: 1462, exec/sec: 0.000, edges: 100.000%, stability: 100.000%
                  (CLIENT) corpus: 49, objectives: 0, executions: 1462, exec/sec: 0.000, edges: 406/406 (100%), stability: 374/374 (100%)
Hello from FreeRTOS fuzz demo!
[TEST_CASE_COMPLETED]
Hello from FreeRTOS fuzz demo!
[TEST_CASE_COMPLETED]
Hello from FreeRTOS fuzz demo!
[TEST_CASE_COMPLETED]
Hello from FreeRTOS fuzz demo!
[TEST_CASE_COMPLETED]
Hello from FreeRTOS fuzz demo!
[TEST_CASE_COMPLETED]
Hello from FreeRTOS fuzz demo!
[TEST_CASE_COMPLETED]
Hello from FreeRTOS fuzz demo!
[TEST_CASE_COMPLETED]
Hello from FreeRTOS fuzz demo!
[TEST_CASE_COMPLETED]
Hello from FreeRTOS fuzz demo!
[UserStats   #1]  (GLOBAL) run time: 0s, clients: 1, corpus: 49, objectives: 0, executions: 1474, exec/sec: 0.000, edges: 100.000%, stability: 100.000%
                  (CLIENT) corpus: 49, objectives: 0, executions: 1474, exec/sec: 0.000, edges: 407/407 (100%), stability: 374/374 (100%)
[TEST_CASE_COMPLETED]
[Testcase    #1]  (GLOBAL) run time: 0s, clients: 1, corpus: 50, objectives: 0, executions: 1474, exec/sec: 0.000, edges: 100.000%, stability: 100.000%
                  (CLIENT) corpus: 50, objectives: 0, executions: 1474, exec/sec: 0.000, edges: 407/407 (100%), stability: 374/374 (100%)
Hello from FreeRTOS fuzz demo!
[TEST_CASE_COMPLETED]
Hello from FreeRTOS fuzz demo!
[TEST_CASE_COMPLETED]
Hello from FreeRTOS fuzz demo!
[TEST_CASE_COMPLETED]
Hello from FreeRTOS fuzz demo!
[TEST_CASE_COMPLETED]
Hello from FreeRTOS fuzz demo!
[TEST_CASE_COMPLETED]
Hello from FreeRTOS fuzz demo!
[TEST_CASE_COMPLETED]
Hello from FreeRTOS fuzz demo!
[TEST_CASE_COMPLETED]
Hello from FreeRTOS fuzz demo!
[TEST_CASE_COMPLETED]
Hello from FreeRTOS fuzz demo!
[TEST_CASE_COMPLETED]
Hello from FreeRTOS fuzz demo!
[TEST_CASE_COMPLETED]
Hello from FreeRTOS fuzz demo!
[TEST_CASE_COMPLETED]
Hello from FreeRTOS fuzz demo!
[TEST_CASE_COMPLETED]
Hello from FreeRTOS fuzz demo!
[TEST_CASE_COMPLETED]
Hello from FreeRTOS fuzz demo!
[TEST_CASE_COMPLETED]
Hello from FreeRTOS fuzz demo!
[TEST_CASE_COMPLETED]
Hello from FreeRTOS fuzz demo!
[TEST_CASE_COMPLETED]
Hello from FreeRTOS fuzz demo!
[TEST_CASE_COMPLETED]
Hello from FreeRTOS fuzz demo!
[TEST_CASE_COMPLETED]
Hello from FreeRTOS fuzz demo!
[TEST_CASE_COMPLETED]
Hello from FreeRTOS fuzz demo!
[TEST_CASE_COMPLETED]
Hello from FreeRTOS fuzz demo!
[TEST_CASE_COMPLETED]
Hello from FreeRTOS fuzz demo!
[TEST_CASE_COMPLETED]
Hello from FreeRTOS fuzz demo!
[TEST_CASE_COMPLETED]
Hello from FreeRTOS fuzz demo!
[TEST_CASE_COMPLETED]
Hello from FreeRTOS fuzz demo!
[TEST_CASE_COMPLETED]
Hello from FreeRTOS fuzz demo!
[TEST_CASE_COMPLETED]
Hello from FreeRTOS fuzz demo!
[TEST_CASE_COMPLETED]
Hello from FreeRTOS fuzz demo!
[TEST_CASE_COMPLETED]
Hello from FreeRTOS fuzz demo!
[TEST_CASE_COMPLETED]
Hello from FreeRTOS fuzz demo!
[TEST_CASE_COMPLETED]
Hello from FreeRTOS fuzz demo!
[TEST_CASE_COMPLETED]
Hello from FreeRTOS fuzz demo!
[TEST_CASE_COMPLETED]
Hello from FreeRTOS fuzz demo!
[TEST_CASE_COMPLETED]
Hello from FreeRTOS fuzz demo!
[TEST_CASE_COMPLETED]
Hello from FreeRTOS fuzz demo!
[TEST_CASE_COMPLETED]
Hello from FreeRTOS fuzz demo!
[TEST_CASE_COMPLETED]
Hello from FreeRTOS fuzz demo!
[TEST_CASE_COMPLETED]
Hello from FreeRTOS fuzz demo!
[TEST_CASE_COMPLETED]
Hello from FreeRTOS fuzz demo!
[TEST_CASE_COMPLETED]
Hello from FreeRTOS fuzz demo!
[TEST_CASE_COMPLETED]
Hello from FreeRTOS fuzz demo!
[TEST_CASE_COMPLETED]
Hello from FreeRTOS fuzz demo!
[TEST_CASE_COMPLETED]
Hello from FreeRTOS fuzz demo!
[TEST_CASE_COMPLETED]
Hello from FreeRTOS fuzz demo!
[TEST_CASE_COMPLETED]
Hello from FreeRTOS fuzz demo!
[TEST_CASE_COMPLETED]
Hello from FreeRTOS fuzz demo!
[TEST_CASE_COMPLETED]
Hello from FreeRTOS fuzz demo!
[TEST_CASE_COMPLETED]
Hello from FreeRTOS fuzz demo!
[TEST_CASE_COMPLETED]
Hello from FreeRTOS fuzz demo!
[TEST_CASE_COMPLETED]
Hello from FreeRTOS fuzz demo!
[TEST_CASE_COMPLETED]
Hello from FreeRTOS fuzz demo!
[TEST_CASE_COMPLETED]
Hello from FreeRTOS fuzz demo!
[TEST_CASE_COMPLETED]
Hello from FreeRTOS fuzz demo!
[TEST_CASE_COMPLETED]
Hello from FreeRTOS fuzz demo!
[TEST_CASE_COMPLETED]
Hello from FreeRTOS fuzz demo!
[TEST_CASE_COMPLETED]
Hello from FreeRTOS fuzz demo!
[TEST_CASE_COMPLETED]
Hello from FreeRTOS fuzz demo!
[TEST_CASE_COMPLETED]
Hello from FreeRTOS fuzz demo!
[TEST_CASE_COMPLETED]
Hello from FreeRTOS fuzz demo!
[TEST_CASE_COMPLETED]
Hello from FreeRTOS fuzz demo!
[TEST_CASE_COMPLETED]
Hello from FreeRTOS fuzz demo!
[TEST_CASE_COMPLETED]
Hello from FreeRTOS fuzz demo!
[TEST_CASE_COMPLETED]
Hello from FreeRTOS fuzz demo!
[TEST_CASE_COMPLETED]
Hello from FreeRTOS fuzz demo!
[TEST_CASE_COMPLETED]
Hello from FreeRTOS fuzz demo!
[TEST_CASE_COMPLETED]
Hello from FreeRTOS fuzz demo!
[TEST_CASE_COMPLETED]
Hello from FreeRTOS fuzz demo!
[TEST_CASE_COMPLETED]
Hello from FreeRTOS fuzz demo!
[TEST_CASE_COMPLETED]
Hello from FreeRTOS fuzz demo!
[TEST_CASE_COMPLETED]
Hello from FreeRTOS fuzz demo!
[TEST_CASE_COMPLETED]
Hello from FreeRTOS fuzz demo!
[TEST_CASE_COMPLETED]
Hello from FreeRTOS fuzz demo!
[TEST_CASE_COMPLETED]
Hello from FreeRTOS fuzz demo!
[TEST_CASE_COMPLETED]
Hello from FreeRTOS fuzz demo!
[TEST_CASE_COMPLETED]
Hello from FreeRTOS fuzz demo!
[TEST_CASE_COMPLETED]
Hello from FreeRTOS fuzz demo!
[TEST_CASE_COMPLETED]
Hello from FreeRTOS fuzz demo!
[TEST_CASE_COMPLETED]
Hello from FreeRTOS fuzz demo!
[TEST_CASE_COMPLETED]
Hello from FreeRTOS fuzz demo!
[TEST_CASE_COMPLETED]
Hello from FreeRTOS fuzz demo!
[TEST_CASE_COMPLETED]
Hello from FreeRTOS fuzz demo!
[TEST_CASE_COMPLETED]
Hello from FreeRTOS fuzz demo!
[TEST_CASE_COMPLETED]
Hello from FreeRTOS fuzz demo!
[TEST_CASE_COMPLETED]
Hello from FreeRTOS fuzz demo!
[TEST_CASE_COMPLETED]
Hello from FreeRTOS fuzz demo!
[TEST_CASE_COMPLETED]
Hello from FreeRTOS fuzz demo!
[TEST_CASE_COMPLETED]
Hello from FreeRTOS fuzz demo!
[TEST_CASE_COMPLETED]
Hello from FreeRTOS fuzz demo!
[TEST_CASE_COMPLETED]
Hello from FreeRTOS fuzz demo!
[TEST_CASE_COMPLETED]
Hello from FreeRTOS fuzz demo!
[TEST_CASE_COMPLETED]
Hello from FreeRTOS fuzz demo!
[TEST_CASE_COMPLETED]
Hello from FreeRTOS fuzz demo!
[TEST_CASE_COMPLETED]
Hello from FreeRTOS fuzz demo!
[TEST_CASE_COMPLETED]
Hello from FreeRTOS fuzz demo!
[TEST_CASE_COMPLETED]
Hello from FreeRTOS fuzz demo!
[TEST_CASE_COMPLETED]
Hello from FreeRTOS fuzz demo!
[TEST_CASE_COMPLETED]
Hello from FreeRTOS fuzz demo!
[TEST_CASE_COMPLETED]
Hello from FreeRTOS fuzz demo!
[TEST_CASE_COMPLETED]
Hello from FreeRTOS fuzz demo!
[TEST_CASE_COMPLETED]
Hello from FreeRTOS fuzz demo!
[TEST_CASE_COMPLETED]
Hello from FreeRTOS fuzz demo!
[TEST_CASE_COMPLETED]
Hello from FreeRTOS fuzz demo!
[TEST_CASE_COMPLETED]
Hello from FreeRTOS fuzz demo!
[TEST_CASE_COMPLETED]
Hello from FreeRTOS fuzz demo!
[TEST_CASE_COMPLETED]
Hello from FreeRTOS fuzz demo!
[TEST_CASE_COMPLETED]
Hello from FreeRTOS fuzz demo!
[TEST_CASE_COMPLETED]
Hello from FreeRTOS fuzz demo!
[TEST_CASE_COMPLETED]
Hello from FreeRTOS fuzz demo!
[TEST_CASE_COMPLETED]
Hello from FreeRTOS fuzz demo!
[TEST_CASE_COMPLETED]
Hello from FreeRTOS fuzz demo!
[TEST_CASE_COMPLETED]
Hello from FreeRTOS fuzz demo!
[TEST_CASE_COMPLETED]
Hello from FreeRTOS fuzz demo!
[TEST_CASE_COMPLETED]
Hello from FreeRTOS fuzz demo!
[TEST_CASE_COMPLETED]
Hello from FreeRTOS fuzz demo!
[TEST_CASE_COMPLETED]
Hello from FreeRTOS fuzz demo!
[TEST_CASE_COMPLETED]
Hello from FreeRTOS fuzz demo!
[TEST_CASE_COMPLETED]
Hello from FreeRTOS fuzz demo!
[TEST_CASE_COMPLETED]
Hello from FreeRTOS fuzz demo!
[TEST_CASE_COMPLETED]
Hello from FreeRTOS fuzz demo!
[TEST_CASE_COMPLETED]
Hello from FreeRTOS fuzz demo!
[TEST_CASE_COMPLETED]
Hello from FreeRTOS fuzz demo!
[TEST_CASE_COMPLETED]
Hello from FreeRTOS fuzz demo!
[TEST_CASE_COMPLETED]
Hello from FreeRTOS fuzz demo!
[TEST_CASE_COMPLETED]
Hello from FreeRTOS fuzz demo!
[TEST_CASE_COMPLETED]
Hello from FreeRTOS fuzz demo!
[TEST_CASE_COMPLETED]
Hello from FreeRTOS fuzz demo!
[TEST_CASE_COMPLETED]
Hello from FreeRTOS fuzz demo!
[TEST_CASE_COMPLETED]
Hello from FreeRTOS fuzz demo!
[TEST_CASE_COMPLETED]
Hello from FreeRTOS fuzz demo!
[TEST_CASE_COMPLETED]
Hello from FreeRTOS fuzz demo!
[TEST_CASE_COMPLETED]
Hello from FreeRTOS fuzz demo!
[TEST_CASE_COMPLETED]
Hello from FreeRTOS fuzz demo!
[TEST_CASE_COMPLETED]
Hello from FreeRTOS fuzz demo!
[TEST_CASE_COMPLETED]
Hello from FreeRTOS fuzz demo!
[TEST_CASE_COMPLETED]
Hello from FreeRTOS fuzz demo!
[TEST_CASE_COMPLETED]
Hello from FreeRTOS fuzz demo!
[TEST_CASE_COMPLETED]
Hello from FreeRTOS fuzz demo!
[TEST_CASE_COMPLETED]
Hello from FreeRTOS fuzz demo!
[TEST_CASE_COMPLETED]
Hello from FreeRTOS fuzz demo!
[TEST_CASE_COMPLETED]
Hello from FreeRTOS fuzz demo!
[TEST_CASE_COMPLETED]
Hello from FreeRTOS fuzz demo!
[TEST_CASE_COMPLETED]
Hello from FreeRTOS fuzz demo!
[TEST_CASE_COMPLETED]
Hello from FreeRTOS fuzz demo!
[TEST_CASE_COMPLETED]
Hello from FreeRTOS fuzz demo!
[TEST_CASE_COMPLETED]
Hello from FreeRTOS fuzz demo!
[TEST_CASE_COMPLETED]
Hello from FreeRTOS fuzz demo!
[TEST_CASE_COMPLETED]
Hello from FreeRTOS fuzz demo!
[TEST_CASE_COMPLETED]
Hello from FreeRTOS fuzz demo!
[TEST_CASE_COMPLETED]
Hello from FreeRTOS fuzz demo!
[TEST_CASE_COMPLETED]
Hello from FreeRTOS fuzz demo!
[TEST_CASE_COMPLETED]
Hello from FreeRTOS fuzz demo!
[TEST_CASE_COMPLETED]
Hello from FreeRTOS fuzz demo!
[TEST_CASE_COMPLETED]
Hello from FreeRTOS fuzz demo!
[TEST_CASE_COMPLETED]
Hello from FreeRTOS fuzz demo!
[TEST_CASE_COMPLETED]
Hello from FreeRTOS fuzz demo!
[TEST_CASE_COMPLETED]
Hello from FreeRTOS fuzz demo!
[TEST_CASE_COMPLETED]
Hello from FreeRTOS fuzz demo!
[TEST_CASE_COMPLETED]
Hello from FreeRTOS fuzz demo!
[TEST_CASE_COMPLETED]
Hello from FreeRTOS fuzz demo!
[TEST_CASE_COMPLETED]
Hello from FreeRTOS fuzz demo!
[TEST_CASE_COMPLETED]
Hello from FreeRTOS fuzz demo!
[TEST_CASE_COMPLETED]
Hello from FreeRTOS fuzz demo!
[TEST_CASE_COMPLETED]
Hello from FreeRTOS fuzz demo!
[TEST_CASE_COMPLETED]
Hello from FreeRTOS fuzz demo!
[TEST_CASE_COMPLETED]
Hello from FreeRTOS fuzz demo!
[TEST_CASE_COMPLETED]
Hello from FreeRTOS fuzz demo!
[TEST_CASE_COMPLETED]
Hello from FreeRTOS fuzz demo!
[TEST_CASE_COMPLETED]
Hello from FreeRTOS fuzz demo!
[TEST_CASE_COMPLETED]
Hello from FreeRTOS fuzz demo!
[TEST_CASE_COMPLETED]
Hello from FreeRTOS fuzz demo!
[TEST_CASE_COMPLETED]
Hello from FreeRTOS fuzz demo!
[TEST_CASE_COMPLETED]
Hello from FreeRTOS fuzz demo!
[TEST_CASE_COMPLETED]
Hello from FreeRTOS fuzz demo!
[TEST_CASE_COMPLETED]
Hello from FreeRTOS fuzz demo!
[TEST_CASE_COMPLETED]
Hello from FreeRTOS fuzz demo!
[TEST_CASE_COMPLETED]
Hello from FreeRTOS fuzz demo!
[TEST_CASE_COMPLETED]
Hello from FreeRTOS fuzz demo!
[TEST_CASE_COMPLETED]
Hello from FreeRTOS fuzz demo!
[TEST_CASE_COMPLETED]
Hello from FreeRTOS fuzz demo!
[TEST_CASE_COMPLETED]
Hello from FreeRTOS fuzz demo!
[TEST_CASE_COMPLETED]
Hello from FreeRTOS fuzz demo!
[TEST_CASE_COMPLETED]
Hello from FreeRTOS fuzz demo!
[TEST_CASE_COMPLETED]
Hello from FreeRTOS fuzz demo!
[TEST_CASE_COMPLETED]
Hello from FreeRTOS fuzz demo!
[TEST_CASE_COMPLETED]
Hello from FreeRTOS fuzz demo!
[TEST_CASE_COMPLETED]
Hello from FreeRTOS fuzz demo!
[TEST_CASE_COMPLETED]
Hello from FreeRTOS fuzz demo!
[TEST_CASE_COMPLETED]
Hello from FreeRTOS fuzz demo!
[TEST_CASE_COMPLETED]
Hello from FreeRTOS fuzz demo!
[TEST_CASE_COMPLETED]
Hello from FreeRTOS fuzz demo!
[TEST_CASE_COMPLETED]
Hello from FreeRTOS fuzz demo!
[TEST_CASE_COMPLETED]
Hello from FreeRTOS fuzz demo!
[TEST_CASE_COMPLETED]
Hello from FreeRTOS fuzz demo!
[TEST_CASE_COMPLETED]
Hello from FreeRTOS fuzz demo!
[TEST_CASE_COMPLETED]
Hello from FreeRTOS fuzz demo!
[TEST_CASE_COMPLETED]
Hello from FreeRTOS fuzz demo!
[TEST_CASE_COMPLETED]
Hello from FreeRTOS fuzz demo!
[TEST_CASE_COMPLETED]
Hello from FreeRTOS fuzz demo!
[TEST_CASE_COMPLETED]
Hello from FreeRTOS fuzz demo!
[TEST_CASE_COMPLETED]
Hello from FreeRTOS fuzz demo!
[TEST_CASE_COMPLETED]
Hello from FreeRTOS fuzz demo!
[TEST_CASE_COMPLETED]
Hello from FreeRTOS fuzz demo!
[TEST_CASE_COMPLETED]
Hello from FreeRTOS fuzz demo!
[TEST_CASE_COMPLETED]
Hello from FreeRTOS fuzz demo!
[TEST_CASE_COMPLETED]
Hello from FreeRTOS fuzz demo!
[TEST_CASE_COMPLETED]
Hello from FreeRTOS fuzz demo!
[TEST_CASE_COMPLETED]
Hello from FreeRTOS fuzz demo!
[TEST_CASE_COMPLETED]
Hello from FreeRTOS fuzz demo!
[TEST_CASE_COMPLETED]
Hello from FreeRTOS fuzz demo!
[TEST_CASE_COMPLETED]
Hello from FreeRTOS fuzz demo!
[TEST_CASE_COMPLETED]
Hello from FreeRTOS fuzz demo!
[TEST_CASE_COMPLETED]
Hello from FreeRTOS fuzz demo!
[TEST_CASE_COMPLETED]
Hello from FreeRTOS fuzz demo!
[TEST_CASE_COMPLETED]
Hello from FreeRTOS fuzz demo!
[TEST_CASE_COMPLETED]
Hello from FreeRTOS fuzz demo!
[TEST_CASE_COMPLETED]
Hello from FreeRTOS fuzz demo!
[TEST_CASE_COMPLETED]
Hello from FreeRTOS fuzz demo!
[TEST_CASE_COMPLETED]
Hello from FreeRTOS fuzz demo!
[TEST_CASE_COMPLETED]
Hello from FreeRTOS fuzz demo!
[TEST_CASE_COMPLETED]
Hello from FreeRTOS fuzz demo!
[TEST_CASE_COMPLETED]
Hello from FreeRTOS fuzz demo!
[TEST_CASE_COMPLETED]
Hello from FreeRTOS fuzz demo!
[TEST_CASE_COMPLETED]
Hello from FreeRTOS fuzz demo!
[TEST_CASE_COMPLETED]
Hello from FreeRTOS fuzz demo!
[TEST_CASE_COMPLETED]
Hello from FreeRTOS fuzz demo!
[TEST_CASE_COMPLETED]
Hello from FreeRTOS fuzz demo!
[TEST_CASE_COMPLETED]
Hello from FreeRTOS fuzz demo!
[TEST_CASE_COMPLETED]
Hello from FreeRTOS fuzz demo!
[TEST_CASE_COMPLETED]
Hello from FreeRTOS fuzz demo!
[TEST_CASE_COMPLETED]
Hello from FreeRTOS fuzz demo!
[TEST_CASE_COMPLETED]
[UserStats   #1]  (GLOBAL) run time: 1s, clients: 1, corpus: 50, objectives: 0, executions: 1700, exec/sec: 1.595k, edges: 100.000%, stability: 100.000%
                  (CLIENT) corpus: 50, objectives: 0, executions: 1700, exec/sec: 1.594k, edges: 407/407 (100%), stability: 374/374 (100%)
Hello from FreeRTOS fuzz demo!
[TEST_CASE_COMPLETED]
[Testcase    #1]  (GLOBAL) run time: 1s, clients: 1, corpus: 51, objectives: 0, executions: 1700, exec/sec: 1.594k, edges: 100.000%, stability: 100.000%
                  (CLIENT) corpus: 51, objectives: 0, executions: 1700, exec/sec: 1.594k, edges: 407/407 (100%), stability: 374/374 (100%)
Hello from FreeRTOS fuzz demo!
[TEST_CASE_COMPLETED]
Hello from FreeRTOS fuzz demo!
[TEST_CASE_COMPLETED]
Hello from FreeRTOS fuzz demo!
[TEST_CASE_COMPLETED]
Hello from FreeRTOS fuzz demo!
[TEST_CASE_COMPLETED]
Hello from FreeRTOS fuzz demo!
[TEST_CASE_COMPLETED]
Hello from FreeRTOS fuzz demo!
[TEST_CASE_COMPLETED]
Hello from FreeRTOS fuzz demo!
[TEST_CASE_COMPLETED]
Hello from FreeRTOS fuzz demo!
[TEST_CASE_COMPLETED]
Hello from FreeRTOS fuzz demo!
[UserStats   #1]  (GLOBAL) run time: 1s, clients: 1, corpus: 51, objectives: 0, executions: 1711, exec/sec: 1.597k, edges: 100.000%, stability: 100.000%
                  (CLIENT) corpus: 51, objectives: 0, executions: 1711, exec/sec: 1.597k, edges: 408/408 (100%), stability: 374/374 (100%)
[TEST_CASE_COMPLETED]
[Testcase    #1]  (GLOBAL) run time: 1s, clients: 1, corpus: 52, objectives: 0, executions: 1711, exec/sec: 1.596k, edges: 100.000%, stability: 100.000%
                  (CLIENT) corpus: 52, objectives: 0, executions: 1711, exec/sec: 1.596k, edges: 408/408 (100%), stability: 374/374 (100%)
Hello from FreeRTOS fuzz demo!
[TEST_CASE_COMPLETED]
Hello from FreeRTOS fuzz demo!
[TEST_CASE_COMPLETED]
Hello from FreeRTOS fuzz demo!
[TEST_CASE_COMPLETED]
Hello from FreeRTOS fuzz demo!
[TEST_CASE_COMPLETED]
Hello from FreeRTOS fuzz demo!
[TEST_CASE_COMPLETED]
Hello from FreeRTOS fuzz demo!
[TEST_CASE_COMPLETED]
Hello from FreeRTOS fuzz demo!
[TEST_CASE_COMPLETED]
Hello from FreeRTOS fuzz demo!
[TEST_CASE_COMPLETED]
Hello from FreeRTOS fuzz demo!
[TEST_CASE_COMPLETED]
Hello from FreeRTOS fuzz demo!
[TEST_CASE_COMPLETED]
Hello from FreeRTOS fuzz demo!
[TEST_CASE_COMPLETED]
Hello from FreeRTOS fuzz demo!
[TEST_CASE_COMPLETED]
Hello from FreeRTOS fuzz demo!
[TEST_CASE_COMPLETED]
Hello from FreeRTOS fuzz demo!
[TEST_CASE_COMPLETED]
Hello from FreeRTOS fuzz demo!
[TEST_CASE_COMPLETED]
Hello from FreeRTOS fuzz demo!
[TEST_CASE_COMPLETED]
Hello from FreeRTOS fuzz demo!
[TEST_CASE_COMPLETED]
Hello from FreeRTOS fuzz demo!
[UserStats   #1]  (GLOBAL) run time: 1s, clients: 1, corpus: 52, objectives: 0, executions: 1727, exec/sec: 1.596k, edges: 100.000%, stability: 100.000%
                  (CLIENT) corpus: 52, objectives: 0, executions: 1727, exec/sec: 1.596k, edges: 409/409 (100%), stability: 374/374 (100%)
[TEST_CASE_COMPLETED]
[Testcase    #1]  (GLOBAL) run time: 1s, clients: 1, corpus: 53, objectives: 0, executions: 1727, exec/sec: 1.596k, edges: 100.000%, stability: 100.000%
                  (CLIENT) corpus: 53, objectives: 0, executions: 1727, exec/sec: 1.596k, edges: 409/409 (100%), stability: 374/374 (100%)
[UserStats   #1]  (GLOBAL) run time: 1s, clients: 1, corpus: 53, objectives: 0, executions: 1730, exec/sec: 1.599k, edges: 100.000%, stability: 100.000%
                  (CLIENT) corpus: 53, objectives: 0, executions: 1730, exec/sec: 1.599k, edges: 410/410 (100%), stability: 374/374 (100%)
[Testcase    #1]  (GLOBAL) run time: 1s, clients: 1, corpus: 54, objectives: 0, executions: 1730, exec/sec: 1.598k, edges: 100.000%, stability: 100.000%
                  (CLIENT) corpus: 54, objectives: 0, executions: 1730, exec/sec: 1.598k, edges: 410/410 (100%), stability: 374/374 (100%)
Hello from Fr[UserStats   #1]  (GLOBAL) run time: 1s, clients: 1, corpus: 54, objectives: 0, executions: 1731, exec/sec: 1.599k, edges: 100.000%, stability: 100.000%
ee                  (CLIENT) corpus: 54, objectives: 0, executions: 1731, exec/sec: 1.599k, edges: 411/411 (100%), stability: 374/374 (100%)
RTOS fuzz demo!
[TEST_CASE_COMPLETED]
[Testcase    #1]  (GLOBAL) run time: 1s, clients: 1, corpus: 55, objectives: 0, executions: 1731, exec/sec: 1.599k, edges: 100.000%, stability: 100.000%
                  (CLIENT) corpus: 55, objectives: 0, executions: 1731, exec/sec: 1.599k, edges: 411/411 (100%), stability: 374/374 (100%)
Hello from FreeRTOS fuzz demo!
[TEST_CASE_COMPLETED]
Hello from FreeRTOS fuzz demo!
[TEST_CASE_COMPLETED]
Hello from FreeRTOS fuzz demo!
[TEST_CASE_COMPLETED]
Hello from FreeRTOS fuzz demo!
[TEST_CASE_COMPLETED]
Hello from FreeRTOS fuzz demo!
[TEST_CASE_COMPLETED]
Hello from FreeRTOS fuzz demo!
[TEST_CASE_COMPLETED]
Hello from FreeRTOS fuzz demo!
[TEST_CASE_COMPLETED]
Hello from FreeRTOS fuzz demo!
[TEST_CASE_COMPLETED]
Hello from FreeRTOS fuzz demo!
[TEST_CASE_COMPLETED]
Hello from FreeRTOS fuzz demo!
[TEST_CASE_COMPLETED]
Hello from FreeRTOS fuzz demo!
[TEST_CASE_COMPLETED]
Hello from FreeRTOS fuzz demo!
[TEST_CASE_COMPLETED]
Hello from FreeRTOS fuzz demo!
[TEST_CASE_COMPLETED]
Hello from FreeRTOS fuzz demo!
[TEST_CASE_COMPLETED]
Hello from FreeRTOS fuzz demo!
[TEST_CASE_COMPLETED]
Hello from FreeRTOS fuzz demo!
[TEST_CASE_COMPLETED]
Hello from FreeRTOS fuzz demo!
[TEST_CASE_COMPLETED]
Hello from FreeRTOS fuzz demo!
[TEST_CASE_COMPLETED]
[UserStats   #1]  (GLOBAL) run time: 1s, clients: 1, corpus: 55, objectives: 0, executions: 1745, exec/sec: 1.597k, edges: 100.000%, stability: 100.000%
                  (CLIENT) corpus: 55, objectives: 0, executions: 1745, exec/sec: 1.597k, edges: 412/412 (100%), stability: 374/374 (100%)
[Testcase    #1]  (GLOBAL) run time: 1s, clients: 1, corpus: 56, objectives: 0, executions: 1745, exec/sec: 1.596k, edges: 100.000%, stability: 100.000%
                  (CLIENT) corpus: 56, objectives: 0, executions: 1745, exec/sec: 1.596k, edges: 412/412 (100%), stability: 374/374 (100%)
[UserStats   #1]  (GLOBAL) run time: 1s, clients: 1, corpus: 56, objectives: 0, executions: 1746, exec/sec: 1.597k, edges: 100.000%, stability: 100.000%
                  (CLIENT) corpus: 56, objectives: 0, executions: 1746, exec/sec: 1.597k, edges: 413/413 (100%), stability: 374/374 (100%)
Hello from FreeRTOS fuzz demo!
[TEST_CASE_COMPLETED]
[Testcase    #1]  (GLOBAL) run time: 1s, clients: 1, corpus: 57, objectives: 0, executions: 1746, exec/sec: 1.597k, edges: 100.000%, stability: 100.000%
                  (CLIENT) corpus: 57, objectives: 0, executions: 1746, exec/sec: 1.597k, edges: 413/413 (100%), stability: 374/374 (100%)
Hello from FreeRTOS fuzz demo!
[TEST_CASE_COMPLETED]
Hello from FreeRTOS fuzz demo!
[TEST_CASE_COMPLETED]
Hello from FreeRTOS fuzz demo!
[TEST_CASE_COMPLETED]
Hello from FreeRTOS fuzz demo!
[TEST_CASE_COMPLETED]
Hello from FreeRTOS fuzz demo!
[TEST_CASE_COMPLETED]
Hello from FreeRTOS fuzz demo!
[TEST_CASE_COMPLETED]
Hello from FreeRTOS fuzz demo!
[TEST_CASE_COMPLETED]
Hello from FreeRTOS fuzz demo!
[TEST_CASE_COMPLETED]
Hello from FreeRTOS fuzz demo!
[TEST_CASE_COMPLETED]
Hello from FreeRTOS fuzz demo!
[TEST_CASE_COMPLETED]
Hello from FreeRTOS fuzz demo!
[TEST_CASE_COMPLETED]
Hello from FreeRTOS fuzz demo!
[TEST_CASE_COMPLETED]
Hello from FreeRTOS fuzz demo!
[TEST_CASE_COMPLETED]
Hello from FreeRTOS fuzz demo!
[TEST_CASE_COMPLETED]
Hello from FreeRTOS fuzz demo!
[TEST_CASE_COMPLETED]
Hello from FreeRTOS fuzz demo!
[TEST_CASE_COMPLETED]
Hello from FreeRTOS fuzz demo!
[TEST_CASE_COMPLETED]
Hello from FreeRTOS fuzz demo!
[TEST_CASE_COMPLETED]
[UserStats   #1]  (GLOBAL) run time: 1s, clients: 1, corpus: 57, objectives: 0, executions: 1765, exec/sec: 1.599k, edges: 100.000%, stability: 100.000%
                  (CLIENT) corpus: 57, objectives: 0, executions: 1765, exec/sec: 1.599k, edges: 414/414 (100%), stability: 374/374 (100%)
[Testcase    #1]  (GLOBAL) run time: 1s, clients: 1, corpus: 58, objectives: 0, executions: 1765, exec/sec: 1.599k, edges: 100.000%, stability: 100.000%
                  (CLIENT) corpus: 58, objectives: 0, executions: 1765, exec/sec: 1.599k, edges: 414/414 (100%), stability: 374/374 (100%)
Hello from FreeRTOS fuzz demo!
[TEST_CASE_COMPLETED]
Hello from FreeRTOS fuzz demo!
[TEST_CASE_COMPLETED]
Hello from FreeRTOS fuzz demo!
[TEST_CASE_COMPLETED]
Hello from FreeRTOS fuzz demo!
[TEST_CASE_COMPLETED]
Hello from FreeRTOS fuzz demo!
[TEST_CASE_COMPLETED]
Hello from FreeRTOS fuzz demo!
[TEST_CASE_COMPLETED]
Hello from FreeRTOS fuzz demo!
[TEST_CASE_COMPLETED]
Hello from FreeRTOS fuzz demo!
[TEST_CASE_COMPLETED]
Hello from FreeRTOS fuzz demo!
[TEST_CASE_COMPLETED]
Hello from FreeRTOS fuzz demo!
[TEST_CASE_COMPLETED]
Hello from FreeRTOS fuzz demo!
[TEST_CASE_COMPLETED]
Hello from FreeRTOS fuzz demo!
[TEST_CASE_COMPLETED]
Hello from FreeRTOS fuzz demo!
[TEST_CASE_COMPLETED]
Hello from FreeRTOS fuzz demo!
[TEST_CASE_COMPLETED]
Hello from FreeRTOS fuzz demo!
[TEST_CASE_COMPLETED]
Hello from FreeRTOS fuzz demo!
[TEST_CASE_COMPLETED]
Hello from FreeRTOS fuzz demo!
[TEST_CASE_COMPLETED]
Hello from FreeRTOS fuzz demo!
[TEST_CASE_COMPLETED]
[UserStats   #1]  (GLOBAL) run time: 1s, clients: 1, corpus: 58, objectives: 0, executions: 1789, exec/sec: 1.606k, edges: 100.000%, stability: 100.000%
                  (CLIENT) corpus: 58, objectives: 0, executions: 1789, exec/sec: 1.606k, edges: 415/415 (100%), stability: 374/374 (100%)
Hello from FreeRTOS fuzz demo!
[TEST_CASE_COMPLETED]
Hello from FreeRTOS fuzz demo!
[TEST_CASE_COMPLETED]
Hello from FreeRTOS fuzz demo!
[TEST_CASE_COMPLETED]
Hello from FreeRTOS fuzz demo!
[TEST_CASE_COMPLETED]
Hello from FreeRTOS fuzz demo!
[TEST_CASE_COMPLETED]
Hello from FreeRTOS fuzz demo!
[TEST_CASE_COMPLETED]
Hello from FreeRTOS fuzz demo!
[TEST_CASE_COMPLETED]
Hello from FreeRTOS fuzz demo!
[TEST_CASE_COMPLETED]
Hello from FreeRTOS fuzz demo!
[TEST_CASE_COMPLETED]
[Testcase    #1]  (GLOBAL) run time: 1s, clients: 1, corpus: 59, objectives: 0, executions: 1789, exec/sec: 1.598k, edges: 100.000%, stability: 100.000%
                  (CLIENT) corpus: 59, objectives: 0, executions: 1789, exec/sec: 1.598k, edges: 415/415 (100%), stability: 374/374 (100%)
[UserStats   #1]  (GLOBAL) run time: 1s, clients: 1, corpus: 59, objectives: 0, executions: 1795, exec/sec: 1.604k, edges: 100.000%, stability: 100.000%
                  (CLIENT) corpus: 59, objectives: 0, executions: 1795, exec/sec: 1.604k, edges: 415/415 (100%), stability: 374/374 (100%)
Hello from FreeRTOS fuzz demo!
[TEST_CASE_C[Testcase    #1]  (GLOBAL) run time: 1s, clients: 1, corpus: 60, objectives: 0, executions: 1795, exec/sec: 1.603k, edges: 100.000%, stability: 100.000%
OM                  (CLIENT) corpus: 60, objectives: 0, executions: 1795, exec/sec: 1.603k, edges: 415/415 (100%), stability: 374/374 (100%)
PLETED]
Hello from FreeRTOS fuzz demo!
[TEST_CASE_COMPLETED]
Hello from FreeRTOS fuzz demo!
[TEST_CASE_COMPLETED]
Hello from FreeRTOS fuzz demo!
[TEST_CASE_COMPLETED]
Hello from FreeRTOS fuzz demo!
[TEST_CASE_COMPLETED]
Hello from FreeRTOS fuzz demo!
[TEST_CASE_COMPLETED]
Hello from FreeRTOS fuzz demo!
[TEST_CASE_COMPLETED]
Hello from FreeRTOS fuzz demo!
[TEST_CASE_COMPLETED]
Hello from FreeRTOS fuzz demo!
[TEST_CASE_COMPLETED]
Hello from FreeRTOS fuzz demo!
[TEST_CASE_COMPLETED]
Hello from FreeRTOS fuzz demo!
[TEST_CASE_COMPLETED]
Hello from FreeRTOS fuzz demo!
[TEST_CASE_COMPLETED]
Hello from FreeRTOS fuzz demo!
[TEST_CASE_COMPLETED]
Hello from FreeRTOS fuzz demo!
[TEST_CASE_COMPLETED]
Hello from FreeRTOS fuzz demo!
[TEST_CASE_COMPLETED]
Hello from FreeRTOS fuzz demo!
[TEST_CASE_COMPLETED]
Hello from FreeRTOS fuzz demo!
[TEST_CASE_COMPLETED]
Hello from FreeRTOS fuzz demo!
[TEST_CASE_COMPLETED]
Hello from FreeRTOS fuzz demo!
[TEST_CASE_COMPLETED]
Hello from FreeRTOS fuzz demo!
[TEST_CASE_COMPLETED]
Hello from FreeRTOS fuzz demo!
[TEST_CASE_COMPLETED]
Hello from FreeRTOS fuzz demo!
[TEST_CASE_COMPLETED]
Hello from FreeRTOS fuzz demo!
[TEST_CASE_COMPLETED]
Hello from FreeRTOS fuzz demo!
[TEST_CASE_COMPLETED]
Hello from FreeRTOS fuzz demo!
[TEST_CASE_COMPLETED]
Hello from FreeRTOS fuzz demo!
[TEST_CASE_COMPLETED]
Hello from FreeRTOS fuzz demo!
[TEST_CASE_COMPLETED]
Hello from FreeRTOS fuzz demo!
[TEST_CASE_COMPLETED]
Hello from FreeRTOS fuzz demo!
[TEST_CASE_COMPLETED]
Hello from FreeRTOS fuzz demo!
[TEST_CASE_COMPLETED]
Hello from FreeRTOS fuzz demo!
[TEST_CASE_COMPLETED]
Hello from FreeRTOS fuzz demo!
[TEST_CASE_COMPLETED]
Hello from FreeRTOS fuzz demo!
[TEST_CASE_COMPLETED]
Hello from FreeRTOS fuzz demo!
[TEST_CASE_COMPLETED]
Hello from FreeRTOS fuzz demo!
[TEST_CASE_COMPLETED]
Hello from FreeRTOS fuzz demo!
[TEST_CASE_COMPLETED]
Hello from FreeRTOS fuzz demo!
[TEST_CASE_COMPLETED]
Hello from FreeRTOS fuzz demo!
[TEST_CASE_COMPLETED]
Hello from FreeRTOS fuzz demo!
[TEST_CASE_COMPLETED]
Hello from FreeRTOS fuzz demo!
[TEST_CASE_COMPLETED]
Hello from FreeRTOS fuzz demo!
[TEST_CASE_COMPLETED]
Hello from FreeRTOS fuzz demo!
[TEST_CASE_COMPLETED]
Hello from FreeRTOS fuzz demo!
[TEST_CASE_COMPLETED]
Hello from FreeRTOS fuzz demo!
[TEST_CASE_COMPLETED]
Hello from FreeRTOS fuzz demo!
[TEST_CASE_COMPLETED]
Hello from FreeRTOS fuzz demo!
[TEST_CASE_COMPLETED]
Hello from FreeRTOS fuzz demo!
[TEST_CASE_COMPLETED]
Hello from FreeRTOS fuzz demo!
[TEST_CASE_COMPLETED]
Hello from FreeRTOS fuzz demo!
[TEST_CASE_COMPLETED]
Hello from FreeRTOS fuzz demo!
[TEST_CASE_COMPLETED]
Hello from FreeRTOS fuzz demo!
[TEST_CASE_COMPLETED]
Hello from FreeRTOS fuzz demo!
[TEST_CASE_COMPLETED]
Hello from FreeRTOS fuzz demo!
[TEST_CASE_COMPLETED]
Hello from FreeRTOS fuzz demo!
[TEST_CASE_COMPLETED]
Hello from FreeRTOS fuzz demo!
[TEST_CASE_COMPLETED]
Hello from FreeRTOS fuzz demo!
[TEST_CASE_COMPLETED]
Hello from FreeRTOS fuzz demo!
[TEST_CASE_COMPLETED]
Hello from FreeRTOS fuzz demo!
[TEST_CASE_COMPLETED]
Hello from FreeRTOS fuzz demo!
[TEST_CASE_COMPLETED]
Hello from FreeRTOS fuzz demo!
[TEST_CASE_COMPLETED]
Hello from FreeRTOS fuzz demo!
[TEST_CASE_COMPLETED]
Hello from FreeRTOS fuzz demo!
[TEST_CASE_COMPLETED]
Hello from FreeRTOS fuzz demo!
[TEST_CASE_COMPLETED]
[UserStats   #1]  (GLOBAL) run time: 1s, clients: 1, corpus: 60, objectives: 0, executions: 1859, exec/sec: 1.609k, edges: 100.000%, stability: 100.000%
                  (CLIENT) corpus: 60, objectives: 0, executions: 1859, exec/sec: 1.609k, edges: 416/416 (100%), stability: 374/374 (100%)
Hello from FreeRTOS fuzz demo!
[TEST_CAS[Testcase    #1]  (GLOBAL) run time: 1s, clients: 1, corpus: 61, objectives: 0, executions: 1859, exec/sec: 1.609k, edges: 100.000%, stability: 100.000%
E_                  (CLIENT) corpus: 61, objectives: 0, executions: 1859, exec/sec: 1.609k, edges: 416/416 (100%), stability: 374/374 (100%)
COMPLETED]
Hello from FreeRTOS fuzz demo!
[TEST_CASE_COMPLETED]
Hello from FreeRTOS fuzz demo!
[TEST_CASE_COMPLETED]
Hello from FreeRTOS fuzz demo!
[TEST_CASE_COMPLETED]
Hello from FreeRTOS fuzz demo!
[TEST_CASE_COMPLETED]
Hello from FreeRTOS fuzz demo!
[TEST_CASE_COMPLETED]
Hello from FreeRTOS fuzz demo!
[TEST_CASE_COMPLETED]
Hello from FreeRTOS fuzz demo!
[TEST_CASE_COMPLETED]
Hello from FreeRTOS fuzz demo!
[TEST_CASE_COMPLETED]
Hello from FreeRTOS fuzz demo!
[TEST_CASE_COMPLETED]
Hello from FreeRTOS fuzz demo!
[TEST_CASE_COMPLETED]
Hello from FreeRTOS fuzz demo!
[TEST_CASE_COMPLETED]
Hello from FreeRTOS fuzz demo!
[TEST_CASE_COMPLETED]
Hello from FreeRTOS fuzz demo!
[TEST_CASE_COMPLETED]
Hello from FreeRTOS fuzz demo!
[TEST_CASE_COMPLETED]
Hello from FreeRTOS fuzz demo!
[TEST_CASE_COMPLETED]
Hello from FreeRTOS fuzz demo!
[TEST_CASE_COMPLETED]
Hello from FreeRTOS fuzz demo!
[TEST_CASE_COMPLETED]
Hello from FreeRTOS fuzz demo!
[TEST_CASE_COMPLETED]
Hello from FreeRTOS fuzz demo!
[TEST_CASE_COMPLETED]
Hello from FreeRTOS fuzz demo!
[TEST_CASE_COMPLETED]
Hello from FreeRTOS fuzz demo!
[TEST_CASE_COMPLETED]
Hello from FreeRTOS fuzz demo!
[TEST_CASE_COMPLETED]
Hello from FreeRTOS fuzz demo!
[TEST_CASE_COMPLETED]
Hello from FreeRTOS fuzz demo!
[TEST_CASE_COMPLETED]
Hello from FreeRTOS fuzz demo!
[TEST_CASE_COMPLETED]
Hello from FreeRTOS fuzz demo!
[TEST_CASE_COMPLETED]
Hello from FreeRTOS fuzz demo!
[TEST_CASE_COMPLETED]
Hello from FreeRTOS fuzz demo!
[TEST_CASE_COMPLETED]
Hello from FreeRTOS fuzz demo!
[TEST_CASE_COMPLETED]
Hello from FreeRTOS fuzz demo!
[TEST_CASE_COMPLETED]
Hello from FreeRTOS fuzz demo!
[TEST_CASE_COMPLETED]
Hello from FreeRTOS fuzz demo!
[TEST_CASE_COMPLETED]
Hello from FreeRTOS fuzz demo!
[TEST_CASE_COMPLETED]
Hello from FreeRTOS fuzz demo!
[TEST_CASE_COMPLETED]
Hello from FreeRTOS fuzz demo!
[TEST_CASE_COMPLETED]
Hello from FreeRTOS fuzz demo!
[TEST_CASE_COMPLETED]
Hello from FreeRTOS fuzz demo!
[TEST_CASE_COMPLETED]
Hello from FreeRTOS fuzz demo!
[TEST_CASE_COMPLETED]
Hello from FreeRTOS fuzz demo!
[TEST_CASE_COMPLETED]
Hello from FreeRTOS fuzz demo!
[TEST_CASE_COMPLETED]
Hello from FreeRTOS fuzz demo!
[TEST_CASE_COMPLETED]
Hello from FreeRTOS fuzz demo!
[TEST_CASE_COMPLETED]
Hello from FreeRTOS fuzz demo!
[TEST_CASE_COMPLETED]
Hello from FreeRTOS fuzz demo!
[TEST_CASE_COMPLETED]
Hello from FreeRTOS fuzz demo!
[TEST_CASE_COMPLETED]
Hello from FreeRTOS fuzz demo!
[TEST_CASE_COMPLETED]
Hello from FreeRTOS fuzz demo!
[TEST_CASE_COMPLETED]
Hello from FreeRTOS fuzz demo!
[TEST_CASE_COMPLETED]
Hello from FreeRTOS fuzz demo!
[TEST_CASE_COMPLETED]
Hello from FreeRTOS fuzz demo!
[TEST_CASE_COMPLETED]
Hello from FreeRTOS fuzz demo!
[TEST_CASE_COMPLETED]
Hello from FreeRTOS fuzz demo!
[TEST_CASE_COMPLETED]
Hello from FreeRTOS fuzz demo!
[TEST_CASE_COMPLETED]
Hello from FreeRTOS fuzz demo!
[TEST_CASE_COMPLETED]
[UserStats   #1]  (GLOBAL) run time: 1s, clients: 1, corpus: 61, objectives: 0, executions: 1909, exec/sec: 1.610k, edges: 100.000%, stability: 100.000%
                  (CLIENT) corpus: 61, objectives: 0, executions: 1909, exec/sec: 1.610k, edges: 417/417 (100%), stability: 374/374 (100%)
Hello from FreeRTOS fuzz demo!
[Testcase    #1]  (GLOBAL) run time: 1s, clients: 1, corpus: 62, objectives: 0, executions: 1909, exec/sec: 1.609k, edges: 100.000%, stability: 100.000%
                  (CLIENT) corpus: 62, objectives: 0, executions: 1909, exec/sec: 1.609k, edges: 417/417 (100%), stability: 374/374 (100%)
[TEST_CASE_COMPLETED]
Hello from FreeRTOS fuzz demo!
[TEST_CASE_COMPLETED]
Hello from FreeRTOS fuzz demo!
[TEST_CASE_COMPLETED]
Hello from FreeRTOS fuzz demo!
[TEST_CASE_COMPLETED]
Hello from FreeRTOS fuzz demo!
[TEST_CASE_COMPLETED]
Hello from FreeRTOS fuzz demo!
[TEST_CASE_COMPLETED]
Hello from FreeRTOS fuzz demo!
[TEST_CASE_COMPLETED]
Hello from FreeRTOS fuzz demo!
[TEST_CASE_COMPLETED]
Hello from FreeRTOS fuzz demo!
[TEST_CASE_COMPLETED]
Hello from FreeRTOS fuzz demo!
[TEST_CASE_COMPLETED]
Hello from FreeRTOS fuzz demo!
[TEST_CASE_COMPLETED]
Hello from FreeRTOS fuzz demo!
[TEST_CASE_COMPLETED]
Hello from FreeRTOS fuzz demo!
[TEST_CASE_COMPLETED]
Hello from FreeRTOS fuzz demo!
[TEST_CASE_COMPLETED]
Hello from FreeRTOS fuzz demo!
[TEST_CASE_COMPLETED]
Hello from FreeRTOS fuzz demo!
[TEST_CASE_COMPLETED]
Hello from FreeRTOS fuzz demo!
[TEST_CASE_COMPLETED]
Hello from FreeRTOS fuzz demo!
[TEST_CASE_COMPLETED]
[UserStats   #1]  (GLOBAL) run time: 1s, clients: 1, corpus: 62, objectives: 0, executions: 1929, exec/sec: 1.613k, edges: 100.000%, stability: 100.000%
                  (CLIENT) corpus: 62, objectives: 0, executions: 1929, exec/sec: 1.612k, edges: 418/418 (100%), stability: 374/374 (100%)
Hello from FreeRTOS fuzz demo!
[Testcase    #1]  (GLOBAL) run time: 1s, clients: 1, corpus: 63, objectives: 0, executions: 1929, exec/sec: 1.612k, edges: 100.000%, stability: 100.000%
                  (CLIENT) corpus: 63, objectives: 0, executions: 1929, exec/sec: 1.612k, edges: 418/418 (100%), stability: 374/374 (100%)
[TEST_CASE_COMPLETED]
Hello from FreeRTOS fuzz demo!
[TEST_CASE_COMPLETED]
Hello from FreeRTOS fuzz demo!
[TEST_CASE_COMPLETED]
Hello from FreeRTOS fuzz demo!
[TEST_CASE_COMPLETED]
Hello from FreeRTOS fuzz demo!
[TEST_CASE_COMPLETED]
Hello from FreeRTOS fuzz demo!
[TEST_CASE_COMPLETED]
Hello from FreeRTOS fuzz demo!
[TEST_CASE_COMPLETED]
Hello from FreeRTOS fuzz demo!
[TEST_CASE_COMPLETED]
Hello from FreeRTOS fuzz demo!
[TEST_CASE_COMPLETED]
Hello from FreeRTOS fuzz demo!
[TEST_CASE_COMPLETED]
Hello from FreeRTOS fuzz demo!
[TEST_CASE_COMPLETED]
Hello from FreeRTOS fuzz demo!
[TEST_CASE_COMPLETED]
Hello from FreeRTOS fuzz demo!
[TEST_CASE_COMPLETED]
Hello from FreeRTOS fuzz demo!
[TEST_CASE_COMPLETED]
Hello from FreeRTOS fuzz demo!
[TEST_CASE_COMPLETED]
Hello from FreeRTOS fuzz demo!
[TEST_CASE_COMPLETED]
Hello from FreeRTOS fuzz demo!
[TEST_CASE_COMPLETED]
Hello from FreeRTOS fuzz demo!
[TEST_CASE_COMPLETED]
Hello from FreeRTOS fuzz demo!
[TEST_CASE_COMPLETED]
Hello from FreeRTOS fuzz demo!
[TEST_CASE_COMPLETED]
Hello from FreeRTOS fuzz demo!
[TEST_CASE_COMPLETED]
Hello from FreeRTOS fuzz demo!
[TEST_CASE_COMPLETED]
Hello from FreeRTOS fuzz demo!
[TEST_CASE_COMPLETED]
Hello from FreeRTOS fuzz demo!
[TEST_CASE_COMPLETED]
Hello from FreeRTOS fuzz demo!
[TEST_CASE_COMPLETED]
Hello from FreeRTOS fuzz demo!
[TEST_CASE_COMPLETED]
Hello from FreeRTOS fuzz demo!
[TEST_CASE_COMPLETED]
Hello from FreeRTOS fuzz demo!
[TEST_CASE_COMPLETED]
[UserStats   #1]  (GLOBAL) run time: 1s, clients: 1, corpus: 63, objectives: 0, executions: 1955, exec/sec: 1.613k, edges: 100.000%, stability: 100.000%
                  (CLIENT) corpus: 63, objectives: 0, executions: 1955, exec/sec: 1.613k, edges: 419/419 (100%), stability: 374/374 (100%)
Hello from [Testcase    #1]  (GLOBAL) run time: 1s, clients: 1, corpus: 64, objectives: 0, executions: 1955, exec/sec: 1.613k, edges: 100.000%, stability: 100.000%
Fre                  (CLIENT) corpus: 64, objectives: 0, executions: 1955, exec/sec: 1.613k, edges: 419/419 (100%), stability: 374/374 (100%)
eRTOS fuzz demo!
[TEST_CASE_COMPLETED]
Hello from FreeRTOS fuzz demo!
[TEST_CASE_COMPLETED]
Hello from FreeRTOS fuzz demo!
[TEST_CASE_COMPLETED]
Hello from FreeRTOS fuzz demo!
[TEST_CASE_COMPLETED]
Hello from FreeRTOS fuzz demo!
[TEST_CASE_COMPLETED]
Hello from FreeRTOS fuzz demo!
[TEST_CASE_COMPLETED]
Hello from FreeRTOS fuzz demo!
[TEST_CASE_COMPLETED]
Hello from FreeRTOS fuzz demo!
[TEST_CASE_COMPLETED]
Hello from FreeRTOS fuzz demo!
[TEST_CASE_COMPLETED]
Hello from FreeRTOS fuzz demo!
[TEST_CASE_COMPLETED]
Hello from FreeRTOS fuzz demo!
[TEST_CASE_COMPLETED]
Hello from FreeRTOS fuzz demo!
[TEST_CASE_COMPLETED]
Hello from FreeRTOS fuzz demo!
[TEST_CASE_COMPLETED]
Hello from FreeRTOS fuzz demo!
[TEST_CASE_COMPLETED]
Hello from FreeRTOS fuzz demo!
[TEST_CASE_COMPLETED]
Hello from FreeRTOS fuzz demo!
[TEST_CASE_COMPLETED]
Hello from FreeRTOS fuzz demo!
[TEST_CASE_COMPLETED]
Hello from FreeRTOS fuzz demo!
[TEST_CASE_COMPLETED]
Hello from FreeRTOS fuzz demo!
[TEST_CASE_COMPLETED]
Hello from FreeRTOS fuzz demo!
[TEST_CASE_COMPLETED]
Hello from FreeRTOS fuzz demo!
[TEST_CASE_COMPLETED]
Hello from FreeRTOS fuzz demo!
[TEST_CASE_COMPLETED]
Hello from FreeRTOS fuzz demo!
[TEST_CASE_COMPLETED]
Hello from FreeRTOS fuzz demo!
[TEST_CASE_COMPLETED]
Hello from FreeRTOS fuzz demo!
[TEST_CASE_COMPLETED]
Hello from FreeRTOS fuzz demo!
[TEST_CASE_COMPLETED]
Hello from FreeRTOS fuzz demo!
[TEST_CASE_COMPLETED]
Hello from FreeRTOS fuzz demo!
[TEST_CASE_COMPLETED]
Hello from FreeRTOS fuzz demo!
[TEST_CASE_COMPLETED]
Hello from FreeRTOS fuzz demo!
[TEST_CASE_COMPLETED]
Hello from FreeRTOS fuzz demo!
[TEST_CASE_COMPLETED]
Hello from FreeRTOS fuzz demo!
[TEST_CASE_COMPLETED]
Hello from FreeRTOS fuzz demo!
[TEST_CASE_COMPLETED]
Hello from FreeRTOS fuzz demo!
[TEST_CASE_COMPLETED]
Hello from FreeRTOS fuzz demo!
[TEST_CASE_COMPLETED]
Hello from FreeRTOS fuzz demo!
[TEST_CASE_COMPLETED]
Hello from FreeRTOS fuzz demo!
[TEST_CASE_COMPLETED]
Hello from FreeRTOS fuzz demo!
[TEST_CASE_COMPLETED]
Hello from FreeRTOS fuzz demo!
[TEST_CASE_COMPLETED]
Hello from FreeRTOS fuzz demo!
[TEST_CASE_COMPLETED]
Hello from FreeRTOS fuzz demo!
[TEST_CASE_COMPLETED]
Hello from FreeRTOS fuzz demo!
[TEST_CASE_COMPLETED]
Hello from FreeRTOS fuzz demo!
[TEST_CASE_COMPLETED]
Hello from FreeRTOS fuzz demo!
[TEST_CASE_COMPLETED]
Hello from FreeRTOS fuzz demo!
[TEST_CASE_COMPLETED]
Hello from FreeRTOS fuzz demo!
[TEST_CASE_COMPLETED]
Hello from FreeRTOS fuzz demo!
[TEST_CASE_COMPLETED]
Hello from FreeRTOS fuzz demo!
[TEST_CASE_COMPLETED]
Hello from FreeRTOS fuzz demo!
[TEST_CASE_COMPLETED]
Hello from FreeRTOS fuzz demo!
[TEST_CASE_COMPLETED]
Hello from FreeRTOS fuzz demo!
[TEST_CASE_COMPLETED]
Hello from FreeRTOS fuzz demo!
[TEST_CASE_COMPLETED]
Hello from FreeRTOS fuzz demo!
[TEST_CASE_COMPLETED]
Hello from FreeRTOS fuzz demo!
[TEST_CASE_COMPLETED]
Hello from FreeRTOS fuzz demo!
[TEST_CASE_COMPLETED]
Hello from FreeRTOS fuzz demo!
[TEST_CASE_COMPLETED]
Hello from FreeRTOS fuzz demo!
[TEST_CASE_COMPLETED]
Hello from FreeRTOS fuzz demo!
[TEST_CASE_COMPLETED]
Hello from FreeRTOS fuzz demo!
[TEST_CASE_COMPLETED]
Hello from FreeRTOS fuzz demo!
[TEST_CASE_COMPLETED]
Hello from FreeRTOS fuzz demo!
[TEST_CASE_COMPLETED]
Hello from FreeRTOS fuzz demo!
[TEST_CASE_COMPLETED]
Hello from FreeRTOS fuzz demo!
[TEST_CASE_COMPLETED]
Hello from FreeRTOS fuzz demo!
[TEST_CASE_COMPLETED]
Hello from FreeRTOS fuzz demo!
[TEST_CASE_COMPLETED]
Hello from FreeRTOS fuzz demo!
[TEST_CASE_COMPLETED]
Hello from FreeRTOS fuzz demo!
[TEST_CASE_COMPLETED]
Hello from FreeRTOS fuzz demo!
[TEST_CASE_COMPLETED]
Hello from FreeRTOS fuzz demo!
[TEST_CASE_COMPLETED]
Hello from FreeRTOS fuzz demo!
[TEST_CASE_COMPLETED]
Hello from FreeRTOS fuzz demo!
[TEST_CASE_COMPLETED]
Hello from FreeRTOS fuzz demo!
[TEST_CASE_COMPLETED]
Hello from FreeRTOS fuzz demo!
[TEST_CASE_COMPLETED]
Hello from FreeRTOS fuzz demo!
[TEST_CASE_COMPLETED]
Hello from FreeRTOS fuzz demo!
[TEST_CASE_COMPLETED]
Hello from FreeRTOS fuzz demo!
[TEST_CASE_COMPLETED]
Hello from FreeRTOS fuzz demo!
[TEST_CASE_COMPLETED]
Hello from FreeRTOS fuzz demo!
[TEST_CASE_COMPLETED]
Hello from FreeRTOS fuzz demo!
[TEST_CASE_COMPLETED]
Hello from FreeRTOS fuzz demo!
[TEST_CASE_COMPLETED]
Hello from FreeRTOS fuzz demo!
[TEST_CASE_COMPLETED]
Hello from FreeRTOS fuzz demo!
[TEST_CASE_COMPLETED]
Hello from FreeRTOS fuzz demo!
[TEST_CASE_COMPLETED]
Hello from FreeRTOS fuzz demo!
[TEST_CASE_COMPLETED]
Hello from FreeRTOS fuzz demo!
[TEST_CASE_COMPLETED]
Hello from FreeRTOS fuzz demo!
[TEST_CASE_COMPLETED]
Hello from FreeRTOS fuzz demo!
[TEST_CASE_COMPLETED]
Hello from FreeRTOS fuzz demo!
[TEST_CASE_COMPLETED]
Hello from FreeRTOS fuzz demo!
[TEST_CASE_COMPLETED]
Hello from FreeRTOS fuzz demo!
[TEST_CASE_COMPLETED]
Hello from FreeRTOS fuzz demo!
[TEST_CASE_COMPLETED]
Hello from FreeRTOS fuzz demo!
[TEST_CASE_COMPLETED]
Hello from FreeRTOS fuzz demo!
[TEST_CASE_COMPLETED]
Hello from FreeRTOS fuzz demo!
[TEST_CASE_COMPLETED]
Hello from FreeRTOS fuzz demo!
[TEST_CASE_COMPLETED]
Hello from FreeRTOS fuzz demo!
[TEST_CASE_COMPLETED]
Hello from FreeRTOS fuzz demo!
[TEST_CASE_COMPLETED]
Hello from FreeRTOS fuzz demo!
[TEST_CASE_COMPLETED]
Hello from FreeRTOS fuzz demo!
[TEST_CASE_COMPLETED]
Hello from FreeRTOS fuzz demo!
[TEST_CASE_COMPLETED]
Hello from FreeRTOS fuzz demo!
[TEST_CASE_COMPLETED]
Hello from FreeRTOS fuzz demo!
[TEST_CASE_COMPLETED]
Hello from FreeRTOS fuzz demo!
[TEST_CASE_COMPLETED]
Hello from FreeRTOS fuzz demo!
[TEST_CASE_COMPLETED]
Hello from FreeRTOS fuzz demo!
[TEST_CASE_COMPLETED]
Hello from FreeRTOS fuzz demo!
[TEST_CASE_COMPLETED]
Hello from FreeRTOS fuzz demo!
[TEST_CASE_COMPLETED]
Hello from FreeRTOS fuzz demo!
[TEST_CASE_COMPLETED]
Hello from FreeRTOS fuzz demo!
[TEST_CASE_COMPLETED]
Hello from FreeRTOS fuzz demo!
[TEST_CASE_COMPLETED]
Hello from FreeRTOS fuzz demo!
[TEST_CASE_COMPLETED]
Hello from FreeRTOS fuzz demo!
[TEST_CASE_COMPLETED]
Hello from FreeRTOS fuzz demo!
[TEST_CASE_COMPLETED]
Hello from FreeRTOS fuzz demo!
[TEST_CASE_COMPLETED]
Hello from FreeRTOS fuzz demo!
[TEST_CASE_COMPLETED]
Hello from FreeRTOS fuzz demo!
[TEST_CASE_COMPLETED]
Hello from FreeRTOS fuzz demo!
[TEST_CASE_COMPLETED]
Hello from FreeRTOS fuzz demo!
[TEST_CASE_COMPLETED]
Hello from FreeRTOS fuzz demo!
[TEST_CASE_COMPLETED]
Hello from FreeRTOS fuzz demo!
[TEST_CASE_COMPLETED]
Hello from FreeRTOS fuzz demo!
[TEST_CASE_COMPLETED]
Hello from FreeRTOS fuzz demo!
[TEST_CASE_COMPLETED]
Hello from FreeRTOS fuzz demo!
[TEST_CASE_COMPLETED]
Hello from FreeRTOS fuzz demo!
[TEST_CASE_COMPLETED]
Hello from FreeRTOS fuzz demo!
[TEST_CASE_COMPLETED]
Hello from FreeRTOS fuzz demo!
[TEST_CASE_COMPLETED]
Hello from FreeRTOS fuzz demo!
[TEST_CASE_COMPLETED]
Hello from FreeRTOS fuzz demo!
[TEST_CASE_COMPLETED]
Hello from FreeRTOS fuzz demo!
[TEST_CASE_COMPLETED]
Hello from FreeRTOS fuzz demo!
[TEST_CASE_COMPLETED]
Hello from FreeRTOS fuzz demo!
[TEST_CASE_COMPLETED]
Hello from FreeRTOS fuzz demo!
[TEST_CASE_COMPLETED]
Hello from FreeRTOS fuzz demo!
[TEST_CASE_COMPLETED]
Hello from FreeRTOS fuzz demo!
[TEST_CASE_COMPLETED]
Hello from FreeRTOS fuzz demo!
[TEST_CASE_COMPLETED]
Hello from FreeRTOS fuzz demo!
[TEST_CASE_COMPLETED]
Hello from FreeRTOS fuzz demo!
[TEST_CASE_COMPLETED]
Hello from FreeRTOS fuzz demo!
[TEST_CASE_COMPLETED]
Hello from FreeRTOS fuzz demo!
[TEST_CASE_COMPLETED]
Hello from FreeRTOS fuzz demo!
[TEST_CASE_COMPLETED]
Hello from FreeRTOS fuzz demo!
[TEST_CASE_COMPLETED]
Hello from FreeRTOS fuzz demo!
[TEST_CASE_COMPLETED]
Hello from FreeRTOS fuzz demo!
[TEST_CASE_COMPLETED]
Hello from FreeRTOS fuzz demo!
[TEST_CASE_COMPLETED]
Hello from FreeRTOS fuzz demo!
[TEST_CASE_COMPLETED]
Hello from FreeRTOS fuzz demo!
[TEST_CASE_COMPLETED]
Hello from FreeRTOS fuzz demo!
[TEST_CASE_COMPLETED]
Hello from FreeRTOS fuzz demo!
[TEST_CASE_COMPLETED]
Hello from FreeRTOS fuzz demo!
[TEST_CASE_COMPLETED]
Hello from FreeRTOS fuzz demo!
[TEST_CASE_COMPLETED]
Hello from FreeRTOS fuzz demo!
[TEST_CASE_COMPLETED]
Hello from FreeRTOS fuzz demo!
[TEST_CASE_COMPLETED]
Hello from FreeRTOS fuzz demo!
[TEST_CASE_COMPLETED]
Hello from FreeRTOS fuzz demo!
[TEST_CASE_COMPLETED]
Hello from FreeRTOS fuzz demo!
[TEST_CASE_COMPLETED]
Hello from FreeRTOS fuzz demo!
[TEST_CASE_COMPLETED]
Hello from FreeRTOS fuzz demo!
[TEST_CASE_COMPLETED]
Hello from FreeRTOS fuzz demo!
[TEST_CASE_COMPLETED]
Hello from FreeRTOS fuzz demo!
[TEST_CASE_COMPLETED]
Hello from FreeRTOS fuzz demo!
[TEST_CASE_COMPLETED]
Hello from FreeRTOS fuzz demo!
[TEST_CASE_COMPLETED]
Hello from FreeRTOS fuzz demo!
[TEST_CASE_COMPLETED]
Hello from FreeRTOS fuzz demo!
[TEST_CASE_COMPLETED]
Hello from FreeRTOS fuzz demo!
[TEST_CASE_COMPLETED]
Hello from FreeRTOS fuzz demo!
[TEST_CASE_COMPLETED]
Hello from FreeRTOS fuzz demo!
[TEST_CASE_COMPLETED]
Hello from FreeRTOS fuzz demo!
[TEST_CASE_COMPLETED]
Hello from FreeRTOS fuzz demo!
[TEST_CASE_COMPLETED]
Hello from FreeRTOS fuzz demo!
[TEST_CASE_COMPLETED]
Hello from FreeRTOS fuzz demo!
[TEST_CASE_COMPLETED]
Hello from FreeRTOS fuzz demo!
[TEST_CASE_COMPLETED]
Hello from FreeRTOS fuzz demo!
[TEST_CASE_COMPLETED]
Hello from FreeRTOS fuzz demo!
[TEST_CASE_COMPLETED]
Hello from FreeRTOS fuzz demo!
[TEST_CASE_COMPLETED]
Hello from FreeRTOS fuzz demo!
[TEST_CASE_COMPLETED]
Hello from FreeRTOS fuzz demo!
[TEST_CASE_COMPLETED]
Hello from FreeRTOS fuzz demo!
[TEST_CASE_COMPLETED]
Hello from FreeRTOS fuzz demo!
[TEST_CASE_COMPLETED]
Hello from FreeRTOS fuzz demo!
[TEST_CASE_COMPLETED]
Hello from FreeRTOS fuzz demo!
[TEST_CASE_COMPLETED]
Hello from FreeRTOS fuzz demo!
[TEST_CASE_COMPLETED]
Hello from FreeRTOS fuzz demo!
[TEST_CASE_COMPLETED]
Hello from FreeRTOS fuzz demo!
[TEST_CASE_COMPLETED]
Hello from FreeRTOS fuzz demo!
[TEST_CASE_COMPLETED]
Hello from FreeRTOS fuzz demo!
[TEST_CASE_COMPLETED]
Hello from FreeRTOS fuzz demo!
[TEST_CASE_COMPLETED]
Hello from FreeRTOS fuzz demo!
[TEST_CASE_COMPLETED]
Hello from FreeRTOS fuzz demo!
[TEST_CASE_COMPLETED]
Hello from FreeRTOS fuzz demo!
[TEST_CASE_COMPLETED]
Hello from FreeRTOS fuzz demo!
[TEST_CASE_COMPLETED]
Hello from FreeRTOS fuzz demo!
[TEST_CASE_COMPLETED]
Hello from FreeRTOS fuzz demo!
[TEST_CASE_COMPLETED]
Hello from FreeRTOS fuzz demo!
[TEST_CASE_COMPLETED]
Hello from FreeRTOS fuzz demo!
[TEST_CASE_COMPLETED]
Hello from FreeRTOS fuzz demo!
[TEST_CASE_COMPLETED]
Hello from FreeRTOS fuzz demo!
[TEST_CASE_COMPLETED]
Hello from FreeRTOS fuzz demo!
[TEST_CASE_COMPLETED]
Hello from FreeRTOS fuzz demo!
[TEST_CASE_COMPLETED]
Hello from FreeRTOS fuzz demo!
[TEST_CASE_COMPLETED]
Hello from FreeRTOS fuzz demo!
[TEST_CASE_COMPLETED]
Hello from FreeRTOS fuzz demo!
[TEST_CASE_COMPLETED]
Hello from FreeRTOS fuzz demo!
[TEST_CASE_COMPLETED]
[UserStats   #1]  (GLOBAL) run time: 1s, clients: 1, corpus: 64, objectives: 0, executions: 2160, exec/sec: 1.631k, edges: 100.000%, stability: 100.000%
                  (CLIENT) corpus: 64, objectives: 0, executions: 2160, exec/sec: 1.631k, edges: 420/420 (100%), stability: 374/374 (100%)
Hello from FreeRTOS fuzz demo!
[Testcase    #1]  (GLOBAL) run time: 1s, clients: 1, corpus: 65, objectives: 0, executions: 2160, exec/sec: 1.631k, edges: 100.000%, stability: 100.000%
                  (CLIENT) corpus: 65, objectives: 0, executions: 2160, exec/sec: 1.631k, edges: 420/420 (100%), stability: 374/374 (100%)
[TEST_CASE_COMPLETED]
Hello from FreeRTOS fuzz demo!
[TEST_CASE_COMPLETED]
Hello from FreeRTOS fuzz demo!
[TEST_CASE_COMPLETED]
Hello from FreeRTOS fuzz demo!
[TEST_CASE_COMPLETED]
Hello from FreeRTOS fuzz demo!
[TEST_CASE_COMPLETED]
Hello from FreeRTOS fuzz demo!
[TEST_CASE_COMPLETED]
Hello from FreeRTOS fuzz demo!
[TEST_CASE_COMPLETED]
Hello from FreeRTOS fuzz demo!
[TEST_CASE_COMPLETED]
Hello from FreeRTOS fuzz demo!
[TEST_CASE_COMPLETED]
Hello from FreeRTOS fuzz demo!
[TEST_CASE_COMPLETED]
Hello from FreeRTOS fuzz demo!
[TEST_CASE_COMPLETED]
Hello from FreeRTOS fuzz demo!
[TEST_CASE_COMPLETED]
Hello from FreeRTOS fuzz demo!
[TEST_CASE_COMPLETED]
Hello from FreeRTOS fuzz demo!
[TEST_CASE_COMPLETED]
Hello from FreeRTOS fuzz demo!
[TEST_CASE_COMPLETED]
Hello from FreeRTOS fuzz demo!
[TEST_CASE_COMPLETED]
Hello from FreeRTOS fuzz demo!
[TEST_CASE_COMPLETED]
Hello from FreeRTOS fuzz demo!
[TEST_CASE_COMPLETED]
Hello from FreeRTOS fuzz demo!
[TEST_CASE_COMPLETED]
Hello from FreeRTOS fuzz demo!
[TEST_CASE_COMPLETED]
Hello from FreeRTOS fuzz demo!
[TEST_CASE_COMPLETED]
Hello from FreeRTOS fuzz demo!
[TEST_CASE_COMPLETED]
Hello from FreeRTOS fuzz demo!
[TEST_CASE_COMPLETED]
Hello from FreeRTOS fuzz demo!
[TEST_CASE_COMPLETED]
Hello from FreeRTOS fuzz demo!
[TEST_CASE_COMPLETED]
Hello from FreeRTOS fuzz demo!
[TEST_CASE_COMPLETED]
Hello from FreeRTOS fuzz demo!
[TEST_CASE_COMPLETED]
Hello from FreeRTOS fuzz demo!
[TEST_CASE_COMPLETED]
Hello from FreeRTOS fuzz demo!
[TEST_CASE_COMPLETED]
Hello from FreeRTOS fuzz demo!
[TEST_CASE_COMPLETED]
Hello from FreeRTOS fuzz demo!
[TEST_CASE_COMPLETED]
Hello from FreeRTOS fuzz demo!
[TEST_CASE_COMPLETED]
Hello from FreeRTOS fuzz demo!
[TEST_CASE_COMPLETED]
Hello from FreeRTOS fuzz demo!
[TEST_CASE_COMPLETED]
Hello from FreeRTOS fuzz demo!
[TEST_CASE_COMPLETED]
Hello from FreeRTOS fuzz demo!
[TEST_CASE_COMPLETED]
Hello from FreeRTOS fuzz demo!
[TEST_CASE_COMPLETED]
Hello from FreeRTOS fuzz demo!
[TEST_CASE_COMPLETED]
Hello from FreeRTOS fuzz demo!
[TEST_CASE_COMPLETED]
Hello from FreeRTOS fuzz demo!
[TEST_CASE_COMPLETED]
Hello from FreeRTOS fuzz demo!
[TEST_CASE_COMPLETED]
Hello from FreeRTOS fuzz demo!
[TEST_CASE_COMPLETED]
Hello from FreeRTOS fuzz demo!
[TEST_CASE_COMPLETED]
Hello from FreeRTOS fuzz demo!
[TEST_CASE_COMPLETED]
Hello from FreeRTOS fuzz demo!
[TEST_CASE_COMPLETED]
Hello from FreeRTOS fuzz demo!
[TEST_CASE_COMPLETED]
Hello from FreeRTOS fuzz demo!
[TEST_CASE_COMPLETED]
Hello from FreeRTOS fuzz demo!
[TEST_CASE_COMPLETED]
Hello from FreeRTOS fuzz demo!
[TEST_CASE_COMPLETED]
Hello from FreeRTOS fuzz demo!
[TEST_CASE_COMPLETED]
Hello from FreeRTOS fuzz demo!
[TEST_CASE_COMPLETED]
Hello from FreeRTOS fuzz demo!
[TEST_CASE_COMPLETED]
Hello from FreeRTOS fuzz demo!
[TEST_CASE_COMPLETED]
Hello from FreeRTOS fuzz demo!
[TEST_CASE_COMPLETED]
Hello from FreeRTOS fuzz demo!
[TEST_CASE_COMPLETED]
Hello from FreeRTOS fuzz demo!
[TEST_CASE_COMPLETED]
Hello from FreeRTOS fuzz demo!
[TEST_CASE_COMPLETED]
Hello from FreeRTOS fuzz demo!
[TEST_CASE_COMPLETED]
Hello from FreeRTOS fuzz demo!
[TEST_CASE_COMPLETED]
Hello from FreeRTOS fuzz demo!
[TEST_CASE_COMPLETED]
Hello from FreeRTOS fuzz demo!
[TEST_CASE_COMPLETED]
Hello from FreeRTOS fuzz demo!
[TEST_CASE_COMPLETED]
Hello from FreeRTOS fuzz demo!
[TEST_CASE_COMPLETED]
Hello from FreeRTOS fuzz demo!
[TEST_CASE_COMPLETED]
Hello from FreeRTOS fuzz demo!
[TEST_CASE_COMPLETED]
Hello from FreeRTOS fuzz demo!
[TEST_CASE_COMPLETED]
Hello from FreeRTOS fuzz demo!
[TEST_CASE_COMPLETED]
Hello from FreeRTOS fuzz demo!
[TEST_CASE_COMPLETED]
Hello from FreeRTOS fuzz demo!
[TEST_CASE_COMPLETED]
Hello from FreeRTOS fuzz demo!
[TEST_CASE_COMPLETED]
Hello from FreeRTOS fuzz demo!
[TEST_CASE_COMPLETED]
Hello from FreeRTOS fuzz demo!
[TEST_CASE_COMPLETED]
Hello from FreeRTOS fuzz demo!
[TEST_CASE_COMPLETED]
Hello from FreeRTOS fuzz demo!
[TEST_CASE_COMPLETED]
Hello from FreeRTOS fuzz demo!
[TEST_CASE_COMPLETED]
Hello from FreeRTOS fuzz demo!
[TEST_CASE_COMPLETED]
Hello from FreeRTOS fuzz demo!
[TEST_CASE_COMPLETED]
Hello from FreeRTOS fuzz demo!
[TEST_CASE_COMPLETED]
Hello from FreeRTOS fuzz demo!
[TEST_CASE_COMPLETED]
Hello from FreeRTOS fuzz demo!
[TEST_CASE_COMPLETED]
Hello from FreeRTOS fuzz demo!
[TEST_CASE_COMPLETED]
Hello from FreeRTOS fuzz demo!
[TEST_CASE_COMPLETED]
Hello from FreeRTOS fuzz demo!
[TEST_CASE_COMPLETED]
Hello from FreeRTOS fuzz demo!
[TEST_CASE_COMPLETED]
Hello from FreeRTOS fuzz demo!
[TEST_CASE_COMPLETED]
Hello from FreeRTOS fuzz demo!
[TEST_CASE_COMPLETED]
Hello from FreeRTOS fuzz demo!
[TEST_CASE_COMPLETED]
Hello from FreeRTOS fuzz demo!
[TEST_CASE_COMPLETED]
Hello from FreeRTOS fuzz demo!
[TEST_CASE_COMPLETED]
Hello from FreeRTOS fuzz demo!
[TEST_CASE_COMPLETED]
Hello from FreeRTOS fuzz demo!
[TEST_CASE_COMPLETED]
Hello from FreeRTOS fuzz demo!
[TEST_CASE_COMPLETED]
Hello from FreeRTOS fuzz demo!
[TEST_CASE_COMPLETED]
Hello from FreeRTOS fuzz demo!
[TEST_CASE_COMPLETED]
Hello from FreeRTOS fuzz demo!
[TEST_CASE_COMPLETED]
Hello from FreeRTOS fuzz demo!
[TEST_CASE_COMPLETED]
Hello from FreeRTOS fuzz demo!
[TEST_CASE_COMPLETED]
Hello from FreeRTOS fuzz demo!
[TEST_CASE_COMPLETED]
Hello from FreeRTOS fuzz demo!
[TEST_CASE_COMPLETED]
Hello from FreeRTOS fuzz demo!
[TEST_CASE_COMPLETED]
Hello from FreeRTOS fuzz demo!
[TEST_CASE_COMPLETED]
Hello from FreeRTOS fuzz demo!
[TEST_CASE_COMPLETED]
Hello from FreeRTOS fuzz demo!
[TEST_CASE_COMPLETED]
Hello from FreeRTOS fuzz demo!
[TEST_CASE_COMPLETED]
Hello from FreeRTOS fuzz demo!
[TEST_CASE_COMPLETED]
Hello from FreeRTOS fuzz demo!
[TEST_CASE_COMPLETED]
Hello from FreeRTOS fuzz demo!
[TEST_CASE_COMPLETED]
Hello from FreeRTOS fuzz demo!
[TEST_CASE_COMPLETED]
Hello from FreeRTOS fuzz demo!
[TEST_CASE_COMPLETED]
Hello from FreeRTOS fuzz demo!
[TEST_CASE_COMPLETED]
Hello from FreeRTOS fuzz demo!
[TEST_CASE_COMPLETED]
Hello from FreeRTOS fuzz demo!
[TEST_CASE_COMPLETED]
Hello from FreeRTOS fuzz demo!
[TEST_CASE_COMPLETED]
Hello from FreeRTOS fuzz demo!
[TEST_CASE_COMPLETED]
Hello from FreeRTOS fuzz demo!
[TEST_CASE_COMPLETED]
Hello from FreeRTOS fuzz demo!
[TEST_CASE_COMPLETED]
Hello from FreeRTOS fuzz demo!
[TEST_CASE_COMPLETED]
Hello from FreeRTOS fuzz demo!
[TEST_CASE_COMPLETED]
Hello from FreeRTOS fuzz demo!
[TEST_CASE_COMPLETED]
Hello from FreeRTOS fuzz demo!
[TEST_CASE_COMPLETED]
Hello from FreeRTOS fuzz demo!
[TEST_CASE_COMPLETED]
Hello from FreeRTOS fuzz demo!
[TEST_CASE_COMPLETED]
Hello from FreeRTOS fuzz demo!
[TEST_CASE_COMPLETED]
Hello from FreeRTOS fuzz demo!
[TEST_CASE_COMPLETED]
Hello from FreeRTOS fuzz demo!
[TEST_CASE_COMPLETED]
Hello from FreeRTOS fuzz demo!
[TEST_CASE_COMPLETED]
Hello from FreeRTOS fuzz demo!
[TEST_CASE_COMPLETED]
Hello from FreeRTOS fuzz demo!
[TEST_CASE_COMPLETED]
Hello from FreeRTOS fuzz demo!
[TEST_CASE_COMPLETED]
Hello from FreeRTOS fuzz demo!
[TEST_CASE_COMPLETED]
Hello from FreeRTOS fuzz demo!
[TEST_CASE_COMPLETED]
Hello from FreeRTOS fuzz demo!
[TEST_CASE_COMPLETED]
Hello from FreeRTOS fuzz demo!
[TEST_CASE_COMPLETED]
Hello from FreeRTOS fuzz demo!
[TEST_CASE_COMPLETED]
Hello from FreeRTOS fuzz demo!
[TEST_CASE_COMPLETED]
Hello from FreeRTOS fuzz demo!
[TEST_CASE_COMPLETED]
Hello from FreeRTOS fuzz demo!
[TEST_CASE_COMPLETED]
Hello from FreeRTOS fuzz demo!
[TEST_CASE_COMPLETED]
Hello from FreeRTOS fuzz demo!
[TEST_CASE_COMPLETED]
Hello from FreeRTOS fuzz demo!
[TEST_CASE_COMPLETED]
Hello from FreeRTOS fuzz demo!
[TEST_CASE_COMPLETED]
Hello from FreeRTOS fuzz demo!
[TEST_CASE_COMPLETED]
Hello from FreeRTOS fuzz demo!
[TEST_CASE_COMPLETED]
Hello from FreeRTOS fuzz demo!
[TEST_CASE_COMPLETED]
Hello from FreeRTOS fuzz demo!
[TEST_CASE_COMPLETED]
Hello from FreeRTOS fuzz demo!
[TEST_CASE_COMPLETED]
Hello from FreeRTOS fuzz demo!
[TEST_CASE_COMPLETED]
Hello from FreeRTOS fuzz demo!
[TEST_CASE_COMPLETED]
Hello from FreeRTOS fuzz demo!
[TEST_CASE_COMPLETED]
Hello from FreeRTOS fuzz demo!
[TEST_CASE_COMPLETED]
Hello from FreeRTOS fuzz demo!
[TEST_CASE_COMPLETED]
Hello from FreeRTOS fuzz demo!
[TEST_CASE_COMPLETED]
Hello from FreeRTOS fuzz demo!
[TEST_CASE_COMPLETED]
Hello from FreeRTOS fuzz demo!
[TEST_CASE_COMPLETED]
Hello from FreeRTOS fuzz demo!
[TEST_CASE_COMPLETED]
Hello from FreeRTOS fuzz demo!
[TEST_CASE_COMPLETED]
Hello from FreeRTOS fuzz demo!
[TEST_CASE_COMPLETED]
Hello from FreeRTOS fuzz demo!
[TEST_CASE_COMPLETED]
Hello from FreeRTOS fuzz demo!
[TEST_CASE_COMPLETED]
Hello from FreeRTOS fuzz demo!
[TEST_CASE_COMPLETED]
Hello from FreeRTOS fuzz demo!
[TEST_CASE_COMPLETED]
Hello from FreeRTOS fuzz demo!
[TEST_CASE_COMPLETED]
Hello from FreeRTOS fuzz demo!
[TEST_CASE_COMPLETED]
Hello from FreeRTOS fuzz demo!
[TEST_CASE_COMPLETED]
[UserStats   #1]  (GLOBAL) run time: 1s, clients: 1, corpus: 65, objectives: 0, executions: 2322, exec/sec: 1.640k, edges: 100.000%, stability: 100.000%
                  (CLIENT) corpus: 65, objectives: 0, executions: 2322, exec/sec: 1.639k, edges: 420/420 (100%), stability: 374/374 (100%)
Hello from FreeRTOS fuzz demo!
[TEST_CASE_COMPLETED]
[Testcase    #1]  (GLOBAL) run time: 1s, clients: 1, corpus: 66, objectives: 0, executions: 2322, exec/sec: 1.639k, edges: 100.000%, stability: 100.000%
                  (CLIENT) corpus: 66, objectives: 0, executions: 2322, exec/sec: 1.639k, edges: 420/420 (100%), stability: 374/374 (100%)
Hello from FreeRTOS fuzz demo!
[TEST_CASE_COMPLETED]
Hello from FreeRTOS fuzz demo!
[TEST_CASE_COMPLETED]
Hello from FreeRTOS fuzz demo!
[TEST_CASE_COMPLETED]
Hello from FreeRTOS fuzz demo!
[TEST_CASE_COMPLETED]
Hello from FreeRTOS fuzz demo!
[TEST_CASE_COMPLETED]
Hello from FreeRTOS fuzz demo!
[TEST_CASE_COMPLETED]
Hello from FreeRTOS fuzz demo!
[TEST_CASE_COMPLETED]
Hello from FreeRTOS fuzz demo!
[TEST_CASE_COMPLETED]
[UserStats   #1]  (GLOBAL) run time: 1s, clients: 1, corpus: 66, objectives: 0, executions: 2329, exec/sec: 1.638k, edges: 100.000%, stability: 100.000%
                  (CLIENT) corpus: 66, objectives: 0, executions: 2329, exec/sec: 1.638k, edges: 421/421 (100%), stability: 374/374 (100%)
Hello from FreeRTOS fuzz demo!
[Testcase    #1]  (GLOBAL) run time: 1s, clients: 1, corpus: 67, objectives: 0, executions: 2329, exec/sec: 1.638k, edges: 100.000%, stability: 100.000%
                  (CLIENT) corpus: 67, objectives: 0, executions: 2329, exec/sec: 1.638k, edges: 421/421 (100%), stability: 374/374 (100%)
[UserStats   #1]  (GLOBAL) run time: 1s, clients: 1, corpus: 67, objectives: 0, executions: 2331, exec/sec: 1.639k, edges: 100.000%, stability: 100.000%
                  (CLIENT) corpus: 67, objectives: 0, executions: 2331, exec/sec: 1.639k, edges: 422/422 (100%), stability: 374/374 (100%)
[TEST_CASE_COMPLETED]
[Testcase    #1]  (GLOBAL) run time: 1s, clients: 1, corpus: 68, objectives: 0, executions: 2331, exec/sec: 1.639k, edges: 100.000%, stability: 100.000%
                  (CLIENT) corpus: 68, objectives: 0, executions: 2331, exec/sec: 1.639k, edges: 422/422 (100%), stability: 374/374 (100%)
[UserStats   #1]  (GLOBAL) run time: 1s, clients: 1, corpus: 68, objectives: 0, executions: 2333, exec/sec: 1.640k, edges: 100.000%, stability: 100.000%
                  (CLIENT) corpus: 68, objectives: 0, executions: 2333, exec/sec: 1.640k, edges: 423/423 (100%), stability: 374/374 (100%)
Hello from FreeRTOS fuzz demo!
[Testcase    #1]  (GLOBAL) run time: 1s, clients: 1, corpus: 69, objectives: 0, executions: 2333, exec/sec: 1.640k, edges: 100.000%, stability: 100.000%
                  (CLIENT) corpus: 69, objectives: 0, executions: 2333, exec/sec: 1.640k, edges: 423/423 (100%), stability: 374/374 (100%)
[TEST_CASE_[UserStats   #1]  (GLOBAL) run time: 1s, clients: 1, corpus: 69, objectives: 0, executions: 2334, exec/sec: 1.641k, edges: 100.000%, stability: 100.000%
COM                  (CLIENT) corpus: 69, objectives: 0, executions: 2334, exec/sec: 1.641k, edges: 424/424 (100%), stability: 374/374 (100%)
PLETED]
[Testcase    #1]  (GLOBAL) run time: 1s, clients: 1, corpus: 70, objectives: 0, executions: 2334, exec/sec: 1.640k, edges: 100.000%, stability: 100.000%
                  (CLIENT) corpus: 70, objectives: 0, executions: 2334, exec/sec: 1.640k, edges: 424/424 (100%), stability: 374/374 (100%)
Hello from FreeRTOS fuzz demo!
[TEST_CASE_COMPLETED]
Hello from FreeRTOS fuzz demo!
[TEST_CASE_COMPLETED]
Hello from FreeRTOS fuzz demo!
[TEST_CASE_COMPLETED]
Hello from FreeRTOS fuzz demo!
[TEST_CASE_COMPLETED]
Hello from FreeRTOS fuzz demo!
[TEST_CASE_COMPLETED]
Hello from FreeRTOS fuzz demo!
[TEST_CASE_COMPLETED]
Hello from FreeRTOS fuzz demo!
[TEST_CASE_COMPLETED]
Hello from FreeRTOS fuzz demo!
[TEST_CASE_COMPLETED]
Hello from FreeRTOS fuzz demo!
[TEST_CASE_COMPLETED]
Hello from FreeRTOS fuzz demo!
[TEST_CASE_COMPLETED]
Hello from FreeRTOS fuzz demo!
[TEST_CASE_COMPLETED]
Hello from FreeRTOS fuzz demo!
[TEST_CASE_COMPLETED]
Hello from FreeRTOS fuzz demo!
[TEST_CASE_COMPLETED]
Hello from FreeRTOS fuzz demo!
[TEST_CASE_COMPLETED]
Hello from FreeRTOS fuzz demo!
[TEST_CASE_COMPLETED]
Hello from FreeRTOS fuzz demo!
[TEST_CASE_COMPLETED]
Hello from FreeRTOS fuzz demo!
[TEST_CASE_COMPLETED]
Hello from FreeRTOS fuzz demo!
[TEST_CASE_COMP[UserStats   #1]  (GLOBAL) run time: 1s, clients: 1, corpus: 70, objectives: 0, executions: 2353, exec/sec: 1.642k, edges: 100.000%, stability: 100.000%
LET                  (CLIENT) corpus: 70, objectives: 0, executions: 2353, exec/sec: 1.642k, edges: 431/431 (100%), stability: 374/374 (100%)
ED]
[Testcase    #1]  (GLOBAL) run time: 1s, clients: 1, corpus: 71, objectives: 0, executions: 2353, exec/sec: 1.642k, edges: 100.000%, stability: 100.000%
                  (CLIENT) corpus: 71, objectives: 0, executions: 2353, exec/sec: 1.642k, edges: 431/431 (100%), stability: 374/374 (100%)
[UserStats   #1]  (GLOBAL) run time: 1s, clients: 1, corpus: 71, objectives: 0, executions: 2356, exec/sec: 1.644k, edges: 100.000%, stability: 100.000%
                  (CLIENT) corpus: 71, objectives: 0, executions: 2356, exec/sec: 1.644k, edges: 432/432 (100%), stability: 374/374 (100%)
Hello from FreeRTOS fuzz demo!
[TEST_CASE_CO[Testcase    #1]  (GLOBAL) run time: 1s, clients: 1, corpus: 72, objectives: 0, executions: 2356, exec/sec: 1.643k, edges: 100.000%, stability: 100.000%
MP                  (CLIENT) corpus: 72, objectives: 0, executions: 2356, exec/sec: 1.643k, edges: 432/432 (100%), stability: 374/374 (100%)
LETED]
Hello from FreeRTOS fuzz demo!
[TEST_CASE_COMPLETED]
Hello from FreeRTOS fuzz demo!
[TEST_CASE_COMPLETED]
Hello from FreeRTOS fuzz demo!
[TEST_CASE_COMPLETED]
Hello from FreeRTOS fuzz demo!
[TEST_CASE_COMPLETED]
Hello from FreeRTOS fuzz demo!
[TEST_CASE_COMPLETED]
Hello from FreeRTOS fuzz demo!
[TEST_CASE_COMPLETED]
Hello from FreeRTOS fuzz demo!
[TEST_CASE_COMPLETED]
Hello from FreeRTOS fuzz demo!
[TEST_CASE_COMPLET[UserStats   #1]  (GLOBAL) run time: 1s, clients: 1, corpus: 72, objectives: 0, executions: 2360, exec/sec: 1.640k, edges: 100.000%, stability: 100.000%
ED]                  (CLIENT) corpus: 72, objectives: 0, executions: 2360, exec/sec: 1.640k, edges: 433/433 (100%), stability: 374/374 (100%)

[Testcase    #1]  (GLOBAL) run time: 1s, clients: 1, corpus: 73, objectives: 0, executions: 2360, exec/sec: 1.640k, edges: 100.000%, stability: 100.000%
                  (CLIENT) corpus: 73, objectives: 0, executions: 2360, exec/sec: 1.640k, edges: 433/433 (100%), stability: 374/374 (100%)
[UserStats   #1]  (GLOBAL) run time: 1s, clients: 1, corpus: 73, objectives: 0, executions: 2361, exec/sec: 1.641k, edges: 100.000%, stability: 100.000%
                  (CLIENT) corpus: 73, objectives: 0, executions: 2361, exec/sec: 1.641k, edges: 434/434 (100%), stability: 374/374 (100%)
Hello from FreeRTOS fuzz demo!
[Testcase    #1]  (GLOBAL) run time: 1s, clients: 1, corpus: 74, objectives: 0, executions: 2361, exec/sec: 1.640k, edges: 100.000%, stability: 100.000%
                  (CLIENT) corpus: 74, objectives: 0, executions: 2361, exec/sec: 1.640k, edges: 434/434 (100%), stability: 374/374 (100%)
[UserStats   #1]  (GLOBAL) run time: 1s, clients: 1, corpus: 74, objectives: 0, executions: 2363, exec/sec: 1.642k, edges: 100.000%, stability: 100.000%
                  (CLIENT) corpus: 74, objectives: 0, executions: 2363, exec/sec: 1.642k, edges: 435/435 (100%), stability: 374/374 (100%)
[TEST_CASE_COMPLETED]
[Testcase    #1]  (GLOBAL) run time: 1s, clients: 1, corpus: 75, objectives: 0, executions: 2363, exec/sec: 1.642k, edges: 100.000%, stability: 100.000%
                  (CLIENT) corpus: 75, objectives: 0, executions: 2363, exec/sec: 1.642k, edges: 435/435 (100%), stability: 374/374 (100%)
Hello from FreeRTOS fuzz demo!
[TEST_CASE_COMPLETED]
Hello from FreeRTOS fuzz demo!
[TEST_CASE_COMPLETED]
Hello from FreeRTOS fuzz demo!
[TEST_CASE_COMPLETED]
Hello from FreeRTOS fuzz demo!
[TEST_CASE_COMPLETED]
Hello from FreeRTOS fuzz demo!
[TEST_CASE_COMPLETED]
Hello from FreeRTOS fuzz demo!
[TEST_CASE_COMPLETED]
Hello from FreeRTOS fuzz demo!
[TEST_CASE_COMPLETED]
Hello from FreeRTOS fuzz demo!
[TEST_CASE_COMPLETED]
Hello from FreeRTOS fuzz demo!
[T[UserStats   #1]  (GLOBAL) run time: 1s, clients: 1, corpus: 75, objectives: 0, executions: 2369, exec/sec: 1.640k, edges: 100.000%, stability: 100.000%
ES                  (CLIENT) corpus: 75, objectives: 0, executions: 2369, exec/sec: 1.640k, edges: 436/436 (100%), stability: 374/374 (100%)
T_CASE_COMPLETED]
[Testcase    #1]  (GLOBAL) run time: 1s, clients: 1, corpus: 76, objectives: 0, executions: 2369, exec/sec: 1.640k, edges: 100.000%, stability: 100.000%
                  (CLIENT) corpus: 76, objectives: 0, executions: 2369, exec/sec: 1.640k, edges: 436/436 (100%), stability: 374/374 (100%)
[UserStats   #1]  (GLOBAL) run time: 1s, clients: 1, corpus: 76, objectives: 0, executions: 2372, exec/sec: 1.642k, edges: 100.000%, stability: 100.000%
                  (CLIENT) corpus: 76, objectives: 0, executions: 2372, exec/sec: 1.642k, edges: 437/437 (100%), stability: 374/374 (100%)
Hello fr[Testcase    #1]  (GLOBAL) run time: 1s, clients: 1, corpus: 77, objectives: 0, executions: 2372, exec/sec: 1.641k, edges: 100.000%, stability: 100.000%
om                  (CLIENT) corpus: 77, objectives: 0, executions: 2372, exec/sec: 1.641k, edges: 437/437 (100%), stability: 374/374 (100%)
 FreeRTOS fuzz dem[UserStats   #1]  (GLOBAL) run time: 1s, clients: 1, corpus: 77, objectives: 0, executions: 2376, exec/sec: 1.644k, edges: 100.000%, stability: 100.000%
o!                  (CLIENT) corpus: 77, objectives: 0, executions: 2376, exec/sec: 1.644k, edges: 438/438 (100%), stability: 374/374 (100%)

[TEST_CASE_COMPLETED]
[Testcase    #1]  (GLOBAL) run time: 1s, clients: 1, corpus: 78, objectives: 0, executions: 2376, exec/sec: 1.644k, edges: 100.000%, stability: 100.000%
                  (CLIENT) corpus: 78, objectives: 0, executions: 2376, exec/sec: 1.644k, edges: 438/438 (100%), stability: 374/374 (100%)
Hello from FreeRTOS fuzz demo!
[TEST_CASE_COMPLETED]
Hello from FreeRTOS fuzz demo!
[TEST_CASE_COMPLETED]
Hello from FreeRTOS fuzz demo!
[TEST_CASE_COMPLETED]
Hello from FreeRTOS fuzz demo!
[TEST_CASE_COMPLETED]
Hello from FreeRTOS fuzz demo!
[TEST_CASE_COMPLETED]
Hello from FreeRTOS fuzz demo!
[TEST_CASE_COMPLETED]
Hello from FreeRTOS fuzz demo!
[TEST_CASE_COMPLETED]
Hello from FreeRTOS fuzz demo!
[TEST_CASE_COMPLETED]
Hello from FreeRTOS fuzz demo!
[UserStats   #1]  (GLOBAL) run time: 1s, clients: 1, corpus: 78, objectives: 0, executions: 2381, exec/sec: 1.642k, edges: 100.000%, stability: 100.000%
                  (CLIENT) corpus: 78, objectives: 0, executions: 2381, exec/sec: 1.642k, edges: 439/439 (100%), stability: 374/374 (100%)
[TEST_CASE_COMPLETED]
[Testcase    #1]  (GLOBAL) run time: 1s, clients: 1, corpus: 79, objectives: 0, executions: 2381, exec/sec: 1.641k, edges: 100.000%, stability: 100.000%
                  (CLIENT) corpus: 79, objectives: 0, executions: 2381, exec/sec: 1.641k, edges: 439/439 (100%), stability: 374/374 (100%)
Hello from FreeRTOS fuzz demo!
[TEST_CASE_COMPLETED]
Hello from FreeRTOS fuzz demo!
[TEST_CASE_COMPLETED]
Hello from FreeRTOS fuzz demo!
[TEST_CASE_COMPLETED]
Hello from FreeRTOS fuzz demo!
[TEST_CASE_COMPLETED]
Hello from FreeRTOS fuzz demo!
[TEST_CASE_COMPLETED]
Hello from FreeRTOS fuzz demo!
[TEST_CASE_COMPLETED]
Hello from FreeRTOS fuzz demo!
[TEST_CASE_COMPLETED]
Hello from FreeRTOS fuzz demo!
[TEST_CASE_COMPLETED]
Hello from FreeRTOS fuzz demo!
[TEST_CASE_COMPLETED]
[UserStats   #1]  (GLOBAL) run time: 1s, clients: 1, corpus: 79, objectives: 0, executions: 2389, exec/sec: 1.641k, edges: 100.000%, stability: 100.000%
                  (CLIENT) corpus: 79, objectives: 0, executions: 2389, exec/sec: 1.641k, edges: 439/439 (100%), stability: 374/374 (100%)
Hello from FreeRTOS fuzz demo!
[Testcase    #1]  (GLOBAL) run time: 1s, clients: 1, corpus: 80, objectives: 0, executions: 2389, exec/sec: 1.641k, edges: 100.000%, stability: 100.000%
                  (CLIENT) corpus: 80, objectives: 0, executions: 2389, exec/sec: 1.641k, edges: 439/439 (100%), stability: 374/374 (100%)
[TEST_CASE_COMPLETED]
Hello from FreeRTOS fuzz demo!
[TEST_CASE_COMPLETED]
Hello from FreeRTOS fuzz demo!
[TEST_CASE_COMPLETED]
Hello from FreeRTOS fuzz demo!
[TEST_CASE_COMPLETED]
Hello from FreeRTOS fuzz demo!
[TEST_CASE_COMPLETED]
Hello from FreeRTOS fuzz demo!
[TEST_CASE_COMPLETED]
Hello from FreeRTOS fuzz demo!
[TEST_CASE_COMPLETED]
Hello from FreeRTOS fuzz demo!
[TEST_CASE_COMPLETED]
Hello from FreeRTOS fuzz demo!
[TEST_CASE_COMPLETED]
Hello from FreeRTOS fuzz demo!
[TEST_CASE_COMPLETED]
Hello from FreeRTOS fuzz demo!
[TEST_CASE_COMPLETED]
Hello from FreeRTOS fuzz demo!
[TEST_CASE_COMPLETED]
Hello from FreeRTOS fuzz demo!
[TEST_CASE_COMPLETED]
Hello from FreeRTOS fuzz demo!
[TEST_CASE_COMPLETED]
Hello from FreeRTOS fuzz demo!
[TEST_CASE_COMPLETED]
Hello from FreeRTOS fuzz demo!
[TEST_CASE_COMPLETED]
Hello from FreeRTOS fuzz demo!
[TEST_CASE_COMPLETED]
Hello from FreeRTOS fuzz[UserStats   #1]  (GLOBAL) run time: 1s, clients: 1, corpus: 80, objectives: 0, executions: 2411, exec/sec: 1.644k, edges: 100.000%, stability: 100.000%
 de                  (CLIENT) corpus: 80, objectives: 0, executions: 2411, exec/sec: 1.644k, edges: 440/440 (100%), stability: 374/374 (100%)
mo!
[TEST_CASE_COMPLETED]
[Testcase    #1]  (GLOBAL) run time: 1s, clients: 1, corpus: 81, objectives: 0, executions: 2411, exec/sec: 1.644k, edges: 100.000%, stability: 100.000%
                  (CLIENT) corpus: 81, objectives: 0, executions: 2411, exec/sec: 1.644k, edges: 440/440 (100%), stability: 374/374 (100%)
[UserStats   #1]  (GLOBAL) run time: 1s, clients: 1, corpus: 81, objectives: 0, executions: 2412, exec/sec: 1.645k, edges: 100.000%, stability: 100.000%
                  (CLIENT) corpus: 81, objectives: 0, executions: 2412, exec/sec: 1.645k, edges: 441/441 (100%), stability: 374/374 (100%)
[Testcase    #1]  (GLOBAL) run time: 1s, clients: 1, corpus: 82, objectives: 0, executions: 2412, exec/sec: 1.645k, edges: 100.000%, stability: 100.000%
                  (CLIENT) corpus: 82, objectives: 0, executions: 2412, exec/sec: 1.645k, edges: 441/441 (100%), stability: 374/374 (100%)
Hello from FreeRTOS fuzz demo!
[TEST_CASE_COMPLETED]
Hello from FreeRTOS fuzz demo!
[TEST_CASE_COMPLETED]
Hello from FreeRTOS fuzz demo!
[TEST_CASE_COMPLETED]
Hello from FreeRTOS fuzz demo!
[TEST_CASE_COMPLETED]
Hello from FreeRTOS fuzz demo!
[TEST_CASE_COMPLETED]
Hello from FreeRTOS fuzz demo!
[TEST_CASE_COMPLETED]
Hello from FreeRTOS fuzz demo!
[TEST_CASE_COMPLETED]
Hello from FreeRTOS fuzz demo!
[TEST_CASE_COMPLETED]
Hello from FreeRTOS fuzz demo!
[TEST_CASE_COMPLETED]
Hello from FreeRTOS fuzz demo!
[TEST_CASE_COMPLETED]
Hello from FreeRTOS fuzz demo!
[TEST_CASE_COMPLETED]
Hello from FreeRTOS fuzz demo!
[TEST_CASE_COMPLETED]
Hello from FreeRTOS fuzz demo!
[TEST_CASE_COMPLETED]
Hello from FreeRTOS fuzz demo!
[TEST_CASE_COMPLETED]
Hello from FreeRTOS fuzz demo!
[TEST_CASE_COMPLETED]
Hello from FreeRTOS fuzz demo!
[TEST_CASE_COMPLETED]
Hello from FreeRTOS fuzz demo!
[TEST_CASE_COMPLETED]
Hello from FreeRTOS fuzz demo!
[TEST_CASE_COMPLETED]
Hello from FreeRTOS fuzz demo!
[TEST_CASE_COMPLETED]
Hello from FreeRTOS fuzz demo!
[TEST_CASE_COMPLETED]
Hello from FreeRTOS fuzz demo!
[TEST_CASE_COMPLETED]
Hello from FreeRTOS fuzz demo!
[TEST_CASE_COMPLETED]
Hello from FreeRTOS fuzz demo!
[TEST_CASE_COMPLETED]
Hello from FreeRTOS fuzz demo!
[TEST_CASE_COMPLETED]
Hello from FreeRTOS fuzz demo!
[TEST_CASE_COMPLETED]
Hello from FreeRTOS fuzz demo!
[TEST_CASE_COMPLETED]
Hello from FreeRTOS fuzz demo!
[TEST_CASE_COMPLETED]
Hello from FreeRTOS fuzz demo!
[TEST_CASE_COMPLETED]
Hello from FreeRTOS fuzz demo!
[TEST_CASE_COMPLETED]
Hello from FreeRTOS fuzz demo!
[TEST_CASE_COMPLETED]
Hello from FreeRTOS fuzz demo!
[TEST_CASE_COMPLETED]
Hello from FreeRTOS fuzz demo!
[TEST_CASE_COMPLETED]
Hello from FreeRTOS fuzz demo!
[TEST_CASE_COMPLETED]
Hello from FreeRTOS fuzz demo!
[TEST_CASE_COMPLETED]
Hello from FreeRTOS fuzz demo!
[TEST_CASE_COMPLETED]
Hello from FreeRTOS fuzz demo!
[TEST_CASE_COMPLETED]
[UserStats   #1]  (GLOBAL) run time: 1s, clients: 1, corpus: 82, objectives: 0, executions: 2443, exec/sec: 1.643k, edges: 100.000%, stability: 100.000%
                  (CLIENT) corpus: 82, objectives: 0, executions: 2443, exec/sec: 1.643k, edges: 442/442 (100%), stability: 374/374 (100%)
Hello from FreeRTOS fuzz demo!
[TEST_CASE_COMPLETED]
[Testcase    #1]  (GLOBAL) run time: 1s, clients: 1, corpus: 83, objectives: 0, executions: 2443, exec/sec: 1.643k, edges: 100.000%, stability: 100.000%
                  (CLIENT) corpus: 83, objectives: 0, executions: 2443, exec/sec: 1.643k, edges: 442/442 (100%), stability: 374/374 (100%)
Hello from FreeRTOS fuzz demo!
[TEST_CASE_COMPLETED]
Hello from FreeRTOS fuzz demo!
[TEST_CASE_COMPLETED]
Hello from FreeRTOS fuzz demo!
[TEST_CASE_COMPLETED]
Hello from FreeRTOS fuzz demo!
[TEST_CASE_COMPLETED]
Hello from FreeRTOS fuzz demo!
[TEST_CASE_COMPLETED]
Hello from FreeRTOS fuzz demo!
[TEST_CASE_COMPLETED]
Hello from FreeRTOS fuzz demo!
[TEST_CASE_COMPLETED]
Hello from FreeRTOS fuzz demo!
[TEST_CASE_COMPLETED]
Hello from FreeRTOS fuzz demo!
[TEST_CASE_COMPLETED]
Hello from FreeRTOS fuzz demo!
[TEST_CASE_COMPLETED]
Hello from FreeRTOS fuzz demo!
[TEST_CASE_COMPLETED]
Hello from FreeRTOS fuzz demo!
[TEST_CASE_COMPLETED]
Hello from FreeRTOS fuzz demo!
[TEST_CASE_COMPLETED]
Hello from FreeRTOS fuzz demo!
[TEST_CASE_COMPLETED]
Hello from FreeRTOS fuzz demo!
[TEST_CASE_COMPLETED]
Hello from FreeRTOS fuzz demo!
[TEST_CASE_COMPLETED]
Hello from FreeRTOS fuzz demo!
[TEST_CASE_COMPLETED]
Hello from FreeRTOS fuzz demo!
[UserStats   #1]  (GLOBAL) run time: 1s, clients: 1, corpus: 83, objectives: 0, executions: 2459, exec/sec: 1.642k, edges: 100.000%, stability: 100.000%
                  (CLIENT) corpus: 83, objectives: 0, executions: 2459, exec/sec: 1.642k, edges: 443/443 (100%), stability: 374/374 (100%)
[TEST_CASE_COMPLETED]
[Testcase    #1]  (GLOBAL) run time: 1s, clients: 1, corpus: 84, objectives: 0, executions: 2459, exec/sec: 1.642k, edges: 100.000%, stability: 100.000%
                  (CLIENT) corpus: 84, objectives: 0, executions: 2459, exec/sec: 1.642k, edges: 443/443 (100%), stability: 374/374 (100%)
Hello from FreeRTOS fuzz demo!
[TEST_CASE_COMPLETED]
Hello from FreeRTOS fuzz demo!
[TEST_CASE_COMPLETED]
Hello from FreeRTOS fuzz demo!
[TEST_CASE_COMPLETED]
Hello from FreeRTOS fuzz demo!
[TEST_CASE_COMPLETED]
Hello from FreeRTOS fuzz demo!
[TEST_CASE_COMPLETED]
Hello from FreeRTOS fuzz demo!
[TEST_CASE_COMPLETED]
Hello from FreeRTOS fuzz demo!
[TEST_CASE_COMPLETED]
Hello from FreeRTOS fuzz demo!
[TEST_CASE_COMPLETED]
Hello from FreeRTOS fuzz demo!
[TEST_CASE_COMPLETED]
[UserStats   #1]  (GLOBAL) run time: 1s, clients: 1, corpus: 84, objectives: 0, executions: 2469, exec/sec: 1.643k, edges: 100.000%, stability: 100.000%
                  (CLIENT) corpus: 84, objectives: 0, executions: 2469, exec/sec: 1.643k, edges: 443/443 (100%), stability: 374/374 (100%)
[Testcase    #1]  (GLOBAL) run time: 1s, clients: 1, corpus: 85, objectives: 0, executions: 2469, exec/sec: 1.643k, edges: 100.000%, stability: 100.000%
                  (CLIENT) corpus: 85, objectives: 0, executions: 2469, exec/sec: 1.643k, edges: 443/443 (100%), stability: 374/374 (100%)
[UserStats   #1]  (GLOBAL) run time: 1s, clients: 1, corpus: 85, objectives: 0, executions: 2474, exec/sec: 1.646k, edges: 100.000%, stability: 100.000%
                  (CLIENT) corpus: 85, objectives: 0, executions: 2474, exec/sec: 1.646k, edges: 444/444 (100%), stability: 374/374 (100%)
Hello from FreeRTOS fuzz demo!
[T[Testcase    #1]  (GLOBAL) run time: 1s, clients: 1, corpus: 86, objectives: 0, executions: 2474, exec/sec: 1.646k, edges: 100.000%, stability: 100.000%
ES                  (CLIENT) corpus: 86, objectives: 0, executions: 2474, exec/sec: 1.646k, edges: 444/444 (100%), stability: 374/374 (100%)
T_CASE_COMPLETED]
Hello from FreeRTOS fuzz demo!
[TEST_CASE_COMPLETED]
Hello from FreeRTOS fuzz demo!
[TEST_CASE_COMPLETED]
Hello from FreeRTOS fuzz demo!
[TEST_CASE_COMPLETED]
Hello from FreeRTOS fuzz demo!
[TEST_CASE_COMPLETED]
Hello from FreeRTOS fuzz demo!
[TEST_CASE_COMPLETED]
Hello from FreeRTOS fuzz demo!
[TEST_CASE_COMPLETED]
Hello from FreeRTOS fuzz demo!
[TEST_CASE_COMPLETED]
Hello from FreeRTOS fuzz demo!
[TEST_CASE_COMPLETED]
Hello from FreeRTOS fuzz demo!
[TEST_CASE_COMPLETED]
Hello from FreeRTOS fuzz demo!
[TEST_CASE_COMPLETED]
Hello from FreeRTOS fuzz demo!
[TEST_CASE_COMPLETED]
Hello from FreeRTOS fuzz demo!
[TEST_CASE_COMPLETED]
Hello from FreeRTOS fuzz demo!
[TEST_CASE_COMPLETED]
Hello from FreeRTOS fuzz demo!
[TEST_CASE_COMPLETED]
Hello from FreeRTOS fuzz demo!
[TEST_CASE_COMPLETED]
Hello from FreeRTOS fuzz demo!
[TEST_CASE_COMPLETED]
Hello from FreeRTOS fuzz demo!
[TEST_CASE_COMPLETED]
Hello from FreeRTOS fuzz demo!
[TEST_CASE_COMPLETED]
Hello from FreeRTOS fuzz demo!
[TEST_CASE_COMPLETED]
Hello from FreeRTOS fuzz demo!
[TEST_CASE_COMPLETED]
Hello from FreeRTOS fuzz demo!
[TEST_CASE_COMPLETED]
Hello from FreeRTOS fuzz demo!
[TEST_CASE_COMPLETED]
Hello from FreeRTOS fuzz demo!
[TEST_CASE_COMPLETED]
Hello from FreeRTOS fuzz demo!
[TEST_CASE_COMPLETED]
Hello from FreeRTOS fuzz demo!
[TEST_CASE_COMPLETED]
Hello from FreeRTOS fuzz demo!
[TEST_CASE_COMPLETED]
Hello from FreeRTOS fuzz demo!
[TEST_CASE_COMPLETED]
Hello from FreeRTOS fuzz demo!
[TEST_CASE_COMPLETED]
Hello from FreeRTOS fuzz demo!
[TEST_CASE_COMPLETED]
Hello from FreeRTOS fuzz demo!
[TEST_CASE_COMPLETED]
Hello from FreeRTOS fuzz demo!
[TEST_CASE_COMPLETED]
Hello from FreeRTOS fuzz demo!
[TEST_CASE_COMPLETED]
Hello from FreeRTOS fuzz demo!
[TEST_CASE_COMPLETED]
Hello from FreeRTOS fuzz demo!
[TEST_CASE_COMPLETED]
Hello from FreeRTOS fuzz demo!
[TEST_CASE_COMPLETED]
Hello from FreeRTOS fuzz demo!
[TEST_CASE_COMPLETED]
Hello from FreeRTOS fuzz demo!
[TEST_CASE_COMPLETED]
Hello from FreeRTOS fuzz demo!
[TEST_CASE_COMPLETED]
Hello from FreeRTOS fuzz demo!
[TEST_CASE_COMPLETED]
Hello from FreeRTOS fuzz demo!
[TEST_CASE_COMPLETED]
Hello from FreeRTOS fuzz demo!
[TEST_CASE_COMPLETED]
Hello from FreeRTOS fuzz demo!
[TEST_CASE_COMPLETED]
Hello from FreeRTOS fuzz demo!
[TEST_CASE_COMPLETED]
Hello from FreeRTOS fuzz demo!
[TEST_CASE_COMPLETED]
Hello from FreeRTOS fuzz demo!
[TEST_CASE_COMPLETED]
Hello from FreeRTOS fuzz demo!
[TEST_CASE_COMPLETED]
Hello from FreeRTOS fuzz demo!
[TEST_CASE_COMPLETED]
Hello from FreeRTOS fuzz demo!
[TEST_CASE_COMPLETED]
Hello from FreeRTOS fuzz demo!
[TEST_CASE_COMPLETED]
Hello from FreeRTOS fuzz demo!
[TEST_CASE_COMPLETED]
Hello from FreeRTOS fuzz demo!
[TEST_CASE_COMPLETED]
Hello from FreeRTOS fuzz demo!
[TEST_CASE_COMPLETED]
Hello from FreeRTOS fuzz demo!
[TEST_CASE_COMPLETED]
Hello from FreeRTOS fuzz demo!
[TEST_CASE_COMPLETED]
Hello from FreeRTOS fuzz demo!
[TEST_CASE_COMPLETED]
Hello from FreeRTOS fuzz demo!
[TEST_CASE_COMPLETED]
Hello from FreeRTOS fuzz demo!
[TEST_CASE_COMPLETED]
Hello from FreeRTOS fuzz demo!
[TEST_CASE_COMPLETED]
Hello from FreeRTOS fuzz demo!
[TEST_CASE_COMPLETED]
Hello from FreeRTOS fuzz demo!
[TEST_CASE_COMPLETED]
Hello from FreeRTOS fuzz demo!
[TEST_CASE_COMPLETED]
Hello from FreeRTOS fuzz demo!
[TEST_CASE_COMPLETED]
Hello from FreeRTOS fuzz demo!
[TEST_CASE_COMPLETED]
Hello from FreeRTOS fuzz demo!
[TEST_CASE_COMPLETED]
Hello from FreeRTOS fuzz demo!
[TEST_CASE_COMPLETED]
Hello from FreeRTOS fuzz demo!
[TEST_CASE_COMPLETED]
Hello from FreeRTOS fuzz demo!
[TEST_CASE_COMPLETED]
Hello from FreeRTOS fuzz demo!
[TEST_CASE_COMPLETED]
Hello from FreeRTOS fuzz demo!
[TEST_CASE_COMPLETED]
Hello from FreeRTOS fuzz demo!
[TEST_CASE_COMPLETED]
Hello from FreeRTOS fuzz demo!
[TEST_CASE_COMPLETED]
Hello from FreeRTOS fuzz demo!
[TEST_CASE_COMPLETED]
Hello from FreeRTOS fuzz demo!
[TEST_CASE_COMPLETED]
Hello from FreeRTOS fuzz demo!
[TEST_CASE_COMPLETED]
Hello from FreeRTOS fuzz demo!
[TEST_CASE_COMPLETED]
Hello from FreeRTOS fuzz demo!
[TEST_CASE_COMPLETED]
Hello from FreeRTOS fuzz demo!
[TEST_CASE_COMPLETED]
Hello from FreeRTOS fuzz demo!
[TEST_CASE_COMPLETED]
Hello from FreeRTOS fuzz demo!
[TEST_CASE_COMPLETED]
Hello from FreeRTOS fuzz demo!
[TEST_CASE_COMPLETED]
Hello from FreeRTOS fuzz demo!
[TEST_CASE_COMPLETED]
Hello from FreeRTOS fuzz demo!
[TEST_CASE_COMPLETED]
Hello from FreeRTOS fuzz demo!
[TEST_CASE_COMPLETED]
Hello from FreeRTOS fuzz demo!
[TEST_CASE_COMPLETED]
Hello from FreeRTOS fuzz demo!
[TEST_CASE_COMPLETED]
Hello from FreeRTOS fuzz demo!
[TEST_CASE_COMPLETED]
Hello from FreeRTOS fuzz demo!
[TEST_CASE_COMPLETED]
Hello from FreeRTOS fuzz demo!
[TEST_CASE_COMPLETED]
Hello from FreeRTOS fuzz demo!
[TEST_CASE_COMPLETED]
Hello from FreeRTOS fuzz demo!
[TEST_CASE_COMPLETED]
Hello from FreeRTOS fuzz demo!
[TEST_CASE_COMPLETED]
Hello from FreeRTOS fuzz demo!
[TEST_CASE_COMPLETED]
Hello from FreeRTOS fuzz demo!
[TEST_CASE_COMPLETED]
Hello from FreeRTOS fuzz demo!
[TEST_CASE_COMPLETED]
Hello from FreeRTOS fuzz demo!
[TEST_CASE_COMPLETED]
Hello from FreeRTOS fuzz demo!
[TEST_CASE_COMPLETED]
Hello from FreeRTOS fuzz demo!
[TEST_CASE_COMPLETED]
Hello from FreeRTOS fuzz demo!
[TEST_CASE_COMPLETED]
Hello from FreeRTOS fuzz demo!
[TEST_CASE_COMPLETED]
Hello from FreeRTOS fuzz demo!
[TEST_CASE_COMPLETED]
Hello from FreeRTOS fuzz demo!
[TEST_CASE_COMPLETED]
Hello from FreeRTOS fuzz demo!
[TEST_CASE_COMPLETED]
Hello from FreeRTOS fuzz demo!
[TEST_CASE_COMPLETED]
Hello from FreeRTOS fuzz demo!
[TEST_CASE_COMPLETED]
Hello from FreeRTOS fuzz demo!
[TEST_CASE_COMPLETED]
Hello from FreeRTOS fuzz demo!
[TEST_CASE_COMPLETED]
Hello from FreeRTOS fuzz demo!
[TEST_CASE_COMPLETED]
Hello from FreeRTOS fuzz demo!
[TEST_CASE_COMPLETED]
Hello from FreeRTOS fuzz demo!
[TEST_CASE_COMPLETED]
Hello from FreeRTOS fuzz demo!
[TEST_CASE_COMPLETED]
Hello from FreeRTOS fuzz demo!
[TEST_CASE_COMPLETED]
Hello from FreeRTOS fuzz demo!
[TEST_CASE_COMPLETED]
Hello from FreeRTOS fuzz demo!
[TEST_CASE_COMPLETED]
Hello from FreeRTOS fuzz demo!
[TEST_CASE_COMPLETED]
Hello from FreeRTOS fuzz demo!
[TEST_CASE_COMPLETED]
Hello from FreeRTOS fuzz demo!
[TEST_CASE_COMPLETED]
Hello from FreeRTOS fuzz demo!
[TEST_CASE_COMPLETED]
Hello from FreeRTOS fuzz demo!
[TEST_CASE_COMPLETED]
Hello from FreeRTOS fuzz demo!
[TEST_CASE_COMPLETED]
Hello from FreeRTOS fuzz demo!
[TEST_CASE_COMPLETED]
Hello from FreeRTOS fuzz demo!
[TEST_CASE_COMPLETED]
Hello from FreeRTOS fuzz demo!
[TEST_CASE_COMPLETED]
Hello from FreeRTOS fuzz demo!
[TEST_CASE_COMPLETED]
Hello from FreeRTOS fuzz demo!
[TEST_CASE_COMPLETED]
Hello from FreeRTOS fuzz demo!
[TEST_CASE_COMPLETED]
Hello from FreeRTOS fuzz demo!
[TEST_CASE_COMPLETED]
Hello from FreeRTOS fuzz demo!
[TEST_CASE_COMPLETED]
Hello from FreeRTOS fuzz demo!
[TEST_CASE_COMPLETED]
Hello from FreeRTOS fuzz demo!
[TEST_CASE_COMPLETED]
Hello from FreeRTOS fuzz demo!
[TEST_CASE_COMPLETED]
Hello from FreeRTOS fuzz demo!
[TEST_CASE_COMPLETED]
Hello from FreeRTOS fuzz demo!
[TEST_CASE_COMPLETED]
Hello from FreeRTOS fuzz demo!
[TEST_CASE_COMPLETED]
Hello from FreeRTOS fuzz demo!
[TEST_CASE_COMPLETED]
Hello from FreeRTOS fuzz demo!
[TEST_CASE_COMPLETED]
Hello from FreeRTOS fuzz demo!
[TEST_CASE_COMPLETED]
Hello from FreeRTOS fuzz demo!
[TEST_CASE_COMPLETED]
Hello from FreeRTOS fuzz demo!
[TEST_CASE_COMPLETED]
Hello from FreeRTOS fuzz demo!
[TEST_CASE_COMPLETED]
Hello from FreeRTOS fuzz demo!
[TEST_CASE_COMPLETED]
Hello from FreeRTOS fuzz demo!
[TEST_CASE_COMPLETED]
Hello from FreeRTOS fuzz demo!
[TEST_CASE_COMPLETED]
Hello from FreeRTOS fuzz demo!
[TEST_CASE_COMPLETED]
Hello from FreeRTOS fuzz demo!
[TEST_CASE_COMPLETED]
Hello from FreeRTOS fuzz demo!
[TEST_CASE_COMPLETED]
Hello from FreeRTOS fuzz demo!
[TEST_CASE_COMPLETED]
Hello from FreeRTOS fuzz demo!
[TEST_CASE_COMPLETED]
Hello from FreeRTOS fuzz demo!
[TEST_CASE_COMPLETED]
Hello from FreeRTOS fuzz demo!
[TEST_CASE_COMPLETED]
Hello from FreeRTOS fuzz demo!
[TEST_CASE_COMPLETED]
Hello from FreeRTOS fuzz demo!
[TEST_CASE_COMPLETED]
Hello from FreeRTOS fuzz demo!
[TEST_CASE_COMPLETED]
Hello from FreeRTOS fuzz demo!
[TEST_CASE_COMPLETED]
Hello from FreeRTOS fuzz demo!
[TEST_CASE_COMPLETED]
Hello from FreeRTOS fuzz demo!
[TEST_CASE_COMPLETED]
Hello from FreeRTOS fuzz demo!
[TEST_CASE_COMPLETED]
Hello from FreeRTOS fuzz demo!
[TEST_CASE_COMPLETED]
Hello from FreeRTOS fuzz demo!
[TEST_CASE_COMPLETED]
Hello from FreeRTOS fuzz demo!
[TEST_CASE_COMPLETED]
Hello from FreeRTOS fuzz demo!
[TEST_CASE_COMPLETED]
Hello from FreeRTOS fuzz demo!
[TEST_CASE_COMPLETED]
Hello from FreeRTOS fuzz demo!
[TEST_CASE_COMPLETED]
Hello from FreeRTOS fuzz demo!
[TEST_CASE_COMPLETED]
Hello from FreeRTOS fuzz demo!
[TEST_CASE_COMPLETED]
Hello from FreeRTOS fuzz demo!
[TEST_CASE_COMPLETED]
Hello from FreeRTOS fuzz demo!
[TEST_CASE_COMPLETED]
Hello from FreeRTOS fuzz demo!
[TEST_CASE_COMPLETED]
Hello from FreeRTOS fuzz demo!
[TEST_CASE_COMPLETED]
Hello from FreeRTOS fuzz demo!
[TEST_CASE_COMPLETED]
Hello from FreeRTOS fuzz demo!
[TEST_CASE_COMPLETED]
Hello from FreeRTOS fuzz demo!
[TEST_CASE_COMPLETED]
Hello from FreeRTOS fuzz demo!
[TEST_CASE_COMPLETED]
Hello from FreeRTOS fuzz demo!
[TEST_CASE_COMPLETED]
Hello from FreeRTOS fuzz demo!
[TEST_CASE_COMPLETED]
Hello from FreeRTOS fuzz demo!
[TEST_CASE_COMPLETED]
Hello from FreeRTOS fuzz demo!
[TEST_CASE_COMPLETED]
Hello from FreeRTOS fuzz demo!
[TEST_CASE_COMPLETED]
Hello from FreeRTOS fuzz demo!
[TEST_CASE_COMPLETED]
Hello from FreeRTOS fuzz demo!
[TEST_CASE_COMPLETED]
Hello from FreeRTOS fuzz demo!
[TEST_CASE_COMPLETED]
Hello from FreeRTOS fuzz demo!
[TEST_CASE_COMPLETED]
Hello from FreeRTOS fuzz demo!
[TEST_CASE_COMPLETED]
Hello from FreeRTOS fuzz demo!
[TEST_CASE_COMPLETED]
Hello from FreeRTOS fuzz demo!
[TEST_CASE_COMPLETED]
Hello from FreeRTOS fuzz demo!
[TEST_CASE_COMPLETED]
Hello from FreeRTOS fuzz demo!
[TEST_CASE_COMPLETED]
Hello from FreeRTOS fuzz demo!
[TEST_CASE_COMPLETED]
Hello from FreeRTOS fuzz demo!
[TEST_CASE_COMPLETED]
Hello from FreeRTOS fuzz demo!
[TEST_CASE_COMPLETED]
Hello from FreeRTOS fuzz demo!
[TEST_CASE_COMPLETED]
Hello from FreeRTOS fuzz demo!
[TEST_CASE_COMPLETED]
Hello from FreeRTOS fuzz demo!
[TEST_CASE_COMPLETED]
Hello from FreeRTOS fuzz demo!
[TEST_CASE_COMPLETED]
Hello from FreeRTOS fuzz demo!
[TEST_CASE_COMPLETED]
Hello from FreeRTOS fuzz demo!
[TEST_CASE_COMPLETED]
Hello from FreeRTOS fuzz demo!
[TEST_CASE_COMPLETED]
Hello from FreeRTOS fuzz demo!
[TEST_CASE_COMPLETED]
Hello from FreeRTOS fuzz demo!
[TEST_CASE_COMPLETED]
Hello from FreeRTOS fuzz demo!
[TEST_CASE_COMPLETED]
Hello from FreeRTOS fuzz demo!
[TEST_CASE_COMPLETED]
Hello from FreeRTOS fuzz demo!
[TEST_CASE_COMPLETED]
Hello from FreeRTOS fuzz demo!
[TEST_CASE_COMPLETED]
Hello from FreeRTOS fuzz demo!
[TEST_CASE_COMPLETED]
Hello from FreeRTOS fuzz demo!
[TEST_CASE_COMPLETED]
Hello from FreeRTOS fuzz demo!
[TEST_CASE_COMPLETED]
Hello from FreeRTOS fuzz demo!
[TEST_CASE_COMPLETED]
Hello from FreeRTOS fuzz demo!
[TEST_CASE_COMPLETED]
Hello from FreeRTOS fuzz demo!
[TEST_CASE_COMPLETED]
Hello from FreeRTOS fuzz demo!
[TEST_CASE_COMPLETED]
Hello from FreeRTOS fuzz demo!
[TEST_CASE_COMPLETED]
Hello from FreeRTOS fuzz demo!
[TEST_CASE_COMPLETED]
Hello from FreeRTOS fuzz demo!
[TEST_CASE_COMPLETED]
Hello from FreeRTOS fuzz demo!
[TEST_CASE_COMPLETED]
Hello from FreeRTOS fuzz demo!
[TEST_CASE_COMPLETED]
Hello from FreeRTOS fuzz demo!
[TEST_CASE_COMPLETED]
Hello from FreeRTOS fuzz demo!
[TEST_CASE_COMPLETED]
Hello from FreeRTOS fuzz demo!
[TEST_CASE_COMPLETED]
Hello from FreeRTOS fuzz demo!
[TEST_CASE_COMPLETED]
Hello from FreeRTOS fuzz demo!
[TEST_CASE_COMPLETED]
Hello from FreeRTOS fuzz demo!
[TEST_CASE_COMPLETED]
Hello from FreeRTOS fuzz demo!
[TEST_CASE_COMPLETED]
Hello from FreeRTOS fuzz demo!
[TEST_CASE_COMPLETED]
Hello from FreeRTOS fuzz demo!
[TEST_CASE_COMPLETED]
Hello from FreeRTOS fuzz demo!
[TEST_CASE_COMPLETED]
Hello from FreeRTOS fuzz demo!
[TEST_CASE_COMPLETED]
Hello from FreeRTOS fuzz demo!
[TEST_CASE_COMPLETED]
Hello from FreeRTOS fuzz demo!
[TEST_CASE_COMPLETED]
Hello from FreeRTOS fuzz demo!
[TEST_CASE_COMPLETED]
Hello from FreeRTOS fuzz demo!
[TEST_CASE_COMPLETED]
Hello from FreeRTOS fuzz demo!
[TEST_CASE_COMPLETED]
Hello from FreeRTOS fuzz demo!
[TEST_CASE_COMPLETED]
Hello from FreeRTOS fuzz demo!
[TEST_CASE_COMPLETED]
Hello from FreeRTOS fuzz demo!
[TEST_CASE_COMPLETED]
Hello from FreeRTOS fuzz demo!
[TEST_CASE_COMPLETED]
Hello from FreeRTOS fuzz demo!
[TEST_CASE_COMPLETED]
Hello from FreeRTOS fuzz demo!
[TEST_CASE_COMPLETED]
Hello from FreeRTOS fuzz demo!
[TEST_CASE_COMPLETED]
Hello from FreeRTOS fuzz demo!
[TEST_CASE_COMPLETED]
Hello from FreeRTOS fuzz demo!
[TEST_CASE_COMPLETED]
Hello from FreeRTOS fuzz demo!
[TEST_CASE_COMPLETED]
Hello from FreeRTOS fuzz demo!
[TEST_CASE_COMPLETED]
Hello from FreeRTOS fuzz demo!
[TEST_CASE_COMPLETED]
Hello from FreeRTOS fuzz demo!
[TEST_CASE_COMPLETED]
Hello from FreeRTOS fuzz demo!
[TEST_CASE_COMPLETED]
Hello from FreeRTOS fuzz demo!
[TEST_CASE_COMPLETED]
Hello from FreeRTOS fuzz demo!
[TEST_CASE_COMPLETED]
Hello from FreeRTOS fuzz demo!
[TEST_CASE_COMPLETED]
Hello from FreeRTOS fuzz demo!
[TEST_CASE_COMPLETED]
Hello from FreeRTOS fuzz demo!
[TEST_CASE_COMPLETED]
Hello from FreeRTOS fuzz demo!
[TEST_CASE_COMPLETED]
Hello from FreeRTOS fuzz demo!
[TEST_CASE_COMPLETED]
Hello from FreeRTOS fuzz demo!
[TEST_CASE_COMPLETED]
Hello from FreeRTOS fuzz demo!
[TEST_CASE_COMPLETED]
Hello from FreeRTOS fuzz demo!
[TEST_CASE_COMPLETED]
Hello from FreeRTOS fuzz demo!
[TEST_CASE_COMPLETED]
Hello from FreeRTOS fuzz demo!
[TEST_CASE_COMPLETED]
Hello from FreeRTOS fuzz demo!
[TEST_CASE_COMPLETED]
Hello from FreeRTOS fuzz demo!
[TEST_CASE_COMPLETED]
Hello from FreeRTOS fuzz demo!
[TEST_CASE_COMPLETED]
Hello from FreeRTOS fuzz demo!
[TEST_CASE_COMPLETED]
Hello from FreeRTOS fuzz demo!
[TEST_CASE_COMPLETED]
Hello from FreeRTOS fuzz demo!
[TEST_CASE_COMPLETED]
Hello from FreeRTOS fuzz demo!
[TEST_CASE_COMPLETED]
Hello from FreeRTOS fuzz demo!
[TEST_CASE_COMPLETED]
Hello from FreeRTOS fuzz demo!
[TEST_CASE_COMPLETED]
Hello from FreeRTOS fuzz demo!
[TEST_CASE_COMPLETED]
Hello from FreeRTOS fuzz demo!
[TEST_CASE_COMPLETED]
Hello from FreeRTOS fuzz demo!
[TEST_CASE_COMPLETED]
Hello from FreeRTOS fuzz demo!
[TEST_CASE_COMPLETED]
Hello from FreeRTOS fuzz demo!
[TEST_CASE_COMPLETED]
Hello from FreeRTOS fuzz demo!
[TEST_CASE_COMPLETED]
Hello from FreeRTOS fuzz demo!
[TEST_CASE_COMPLETED]
Hello from FreeRTOS fuzz demo!
[TEST_CASE_COMPLETED]
Hello from FreeRTOS fuzz demo!
[UserStats   #1]  (GLOBAL) run time: 1s, clients: 1, corpus: 86, objectives: 0, executions: 2746, exec/sec: 1.658k, edges: 100.000%, stability: 100.000%
                  (CLIENT) corpus: 86, objectives: 0, executions: 2746, exec/sec: 1.658k, edges: 445/445 (100%), stability: 374/374 (100%)
[TEST_CASE_COMPLETED]
[Testcase    #1]  (GLOBAL) run time: 1s, clients: 1, corpus: 87, objectives: 0, executions: 2746, exec/sec: 1.658k, edges: 100.000%, stability: 100.000%
                  (CLIENT) corpus: 87, objectives: 0, executions: 2746, exec/sec: 1.658k, edges: 445/445 (100%), stability: 374/374 (100%)
Hello from FreeRTOS fuzz demo!
[TEST_CASE_COMPLETED]
Hello from FreeRTOS fuzz demo!
[TEST_CASE_COMPLETED]
Hello from FreeRTOS fuzz demo!
[TEST_CASE_COMPLETED]
Hello from FreeRTOS fuzz demo!
[TEST_CASE_COMPLETED]
Hello from FreeRTOS fuzz demo!
[TEST_CASE_COMPLETED]
Hello from FreeRTOS fuzz demo!
[TEST_CASE_COMPLETED]
Hello from FreeRTOS fuzz demo!
[TEST_CASE_COMPLETED]
Hello from FreeRTOS fuzz demo!
[TEST_CASE_COMPLETED]
Hello from FreeRTOS fuzz demo!
[TEST_CASE_COMPLETED]
Hello from FreeRTOS fuzz demo!
[TEST_CASE_COMPLETED]
Hello from FreeRTOS fuzz demo!
[TEST_CASE_COMPLETED]
Hello from FreeRTOS fuzz demo!
[TEST_CASE_COMPLETED]
Hello from FreeRTOS fuzz demo!
[TEST_CASE_COMPLETED]
Hello from FreeRTOS fuzz demo!
[TEST_CASE_COMPLETED]
Hello from FreeRTOS fuzz demo!
[TEST_CASE_COMPLETED]
Hello from FreeRTOS fuzz demo!
[TEST_CASE_COMPLETED]
Hello from FreeRTOS fuzz demo!
[TEST_CASE_COMPLETED]
Hello from FreeRTOS fuzz demo!
[TEST_CASE_COMPLETED]
[UserStats   #1]  (GLOBAL) run time: 1s, clients: 1, corpus: 87, objectives: 0, executions: 2762, exec/sec: 1.657k, edges: 100.000%, stability: 100.000%
                  (CLIENT) corpus: 87, objectives: 0, executions: 2762, exec/sec: 1.657k, edges: 446/446 (100%), stability: 374/374 (100%)
[Testcase    #1]  (GLOBAL) run time: 1s, clients: 1, corpus: 88, objectives: 0, executions: 2762, exec/sec: 1.657k, edges: 100.000%, stability: 100.000%
                  (CLIENT) corpus: 88, objectives: 0, executions: 2762, exec/sec: 1.657k, edges: 446/446 (100%), stability: 374/374 (100%)
Hello from FreeRTOS fuzz demo!
[TEST_CASE_COMPLETED]
Hello from FreeRTOS fuzz demo!
[TEST_CASE_COMPLETED]
Hello from FreeRTOS fuzz demo!
[TEST_CASE_COMPLETED]
Hello from FreeRTOS fuzz demo!
[TEST_CASE_COMPLETED]
[UserStats   #1]  (GLOBAL) run time: 1s, clients: 1, corpus: 88, objectives: 0, executions: 2771, exec/sec: 1.657k, edges: 100.000%, stability: 100.000%
                  (CLIENT) corpus: 88, objectives: 0, executions: 2771, exec/sec: 1.657k, edges: 447/447 (100%), stability: 374/374 (100%)
Hello from FreeRTOS f[Testcase    #1]  (GLOBAL) run time: 1s, clients: 1, corpus: 89, objectives: 0, executions: 2771, exec/sec: 1.657k, edges: 100.000%, stability: 100.000%
uz                  (CLIENT) corpus: 89, objectives: 0, executions: 2771, exec/sec: 1.657k, edges: 447/447 (100%), stability: 374/374 (100%)
z demo!
[TEST_CASE_COMPLETED]
Hello from FreeRTOS fuzz demo!
[TEST_CASE_COMPLETED]
Hello from FreeRTOS fuzz demo!
[TEST_CASE_COMPLETED]
Hello from FreeRTOS fuzz demo!
[TEST_CASE_COMPLETED]
Hello from FreeRTOS fuzz demo!
[TEST_CASE_COMPLETED]
Hello from FreeRTOS fuzz demo!
[TEST_CASE_COMPLETED]
Hello from FreeRTOS fuzz demo!
[TEST_CASE_COMPLETED]
Hello from FreeRTOS fuzz demo!
[TEST_CASE_COMPLETED]
Hello from FreeRTOS fuzz demo!
[TEST_CASE_COMPLETED]
Hello from FreeRTOS fuzz demo!
[TEST_CASE_COMPLETED]
Hello from FreeRTOS fuzz demo!
[TEST_CASE_COMPLETED]
Hello from FreeRTOS fuzz demo!
[TEST_CASE_COMPLETED]
Hello from FreeRTOS fuzz demo!
[TEST_CASE_COMPLETED]
Hello from FreeRTOS fuzz demo!
[TEST_CASE_COMPLETED]
Hello from FreeRTOS fuzz demo!
[TEST_CASE_COMPLETED]
Hello from FreeRTOS fuzz demo!
[TEST_CASE_COMPLETED]
Hello from FreeRTOS fuzz demo!
[TEST_CASE_COMPLETED]
Hello from FreeRTOS fuzz demo!
[TEST_CASE_COMPLETED]
Hello from FreeRTOS fuzz demo!
[TEST_CASE_COMPLETED]
Hello from FreeRTOS fuzz demo!
[TEST_CASE_COMPLETED]
Hello from FreeRTOS fuzz demo!
[TEST_CASE_COMPLETED]
Hello from FreeRTOS fuzz demo!
[TEST_CASE_COMPLETED]
Hello from FreeRTOS fuzz demo!
[TEST_CASE_COMPLETED]
Hello from FreeRTOS fuzz demo!
[TEST_CASE_COMPLETED]
Hello from FreeRTOS fuzz demo!
[TEST_CASE_COMPLETED]
Hello from FreeRTOS fuzz demo!
[TEST_CASE_COMPLETED]
Hello from FreeRTOS fuzz demo!
[TEST_CASE_COMPLETED]
[UserStats   #1]  (GLOBAL) run time: 1s, clients: 1, corpus: 89, objectives: 0, executions: 2801, exec/sec: 1.660k, edges: 100.000%, stability: 100.000%
                  (CLIENT) corpus: 89, objectives: 0, executions: 2801, exec/sec: 1.660k, edges: 448/448 (100%), stability: 374/374 (100%)
Hello from FreeRTOS fuzz demo!
[TEST_CASE_COMPLETED]
[Testcase    #1]  (GLOBAL) run time: 1s, clients: 1, corpus: 90, objectives: 0, executions: 2801, exec/sec: 1.659k, edges: 100.000%, stability: 100.000%
                  (CLIENT) corpus: 90, objectives: 0, executions: 2801, exec/sec: 1.659k, edges: 448/448 (100%), stability: 374/374 (100%)
Hello from FreeRTOS fuzz demo!
[TEST_CASE_COMPLETED]
Hello from FreeRTOS fuzz demo!
[TEST_CASE_COMPLETED]
Hello from FreeRTOS fuzz demo!
[TEST_CASE_COMPLETED]
Hello from FreeRTOS fuzz demo!
[TEST_CASE_COMPLETED]
Hello from FreeRTOS fuzz demo!
[TEST_CASE_COMPLETED]
Hello from FreeRTOS fuzz demo!
[TEST_CASE_COMPLETED]
Hello from FreeRTOS fuzz demo!
[TEST_CASE_COMPLETED]
Hello from FreeRTOS fuzz demo!
[TEST_CASE_COMPLETED]
Hello from FreeRTOS fuzz demo!
[TEST_CASE_COMPLETED]
[UserStats   #1]  (GLOBAL) run time: 1s, clients: 1, corpus: 90, objectives: 0, executions: 2808, exec/sec: 1.659k, edges: 100.000%, stability: 100.000%
                  (CLIENT) corpus: 90, objectives: 0, executions: 2808, exec/sec: 1.659k, edges: 449/449 (100%), stability: 374/374 (100%)
[Testcase    #1]  (GLOBAL) run time: 1s, clients: 1, corpus: 91, objectives: 0, executions: 2808, exec/sec: 1.658k, edges: 100.000%, stability: 100.000%
                  (CLIENT) corpus: 91, objectives: 0, executions: 2808, exec/sec: 1.658k, edges: 449/449 (100%), stability: 374/374 (100%)
Hello from FreeRTOS fuzz demo!
[TEST_CASE_COMPLETED]
Hello from FreeRTOS fuzz demo!
[TEST_CASE_COMPLETED]
Hello from FreeRTOS fuzz demo!
[TEST_CASE_COMPLETED]
Hello from FreeRTOS fuzz demo!
[TEST_CASE_COMPLETED]
Hello from FreeRTOS fuzz demo!
[TEST_CASE_COMPLETED]
Hello from FreeRTOS fuzz demo!
[TEST_CASE_COMPLETED]
Hello from FreeRTOS fuzz demo!
[TEST_CASE_COMPLETED]
Hello from FreeRTOS fuzz demo!
[TEST_CASE_COMPLETED]
Hello from FreeRTOS fuzz demo!
[TEST_CASE_COMPLETED]
Hello from FreeRTOS fuzz demo!
[TEST_CASE_COMPLETED]
Hello from FreeRTOS fuzz demo!
[TEST_CASE_COMPLETED]
Hello from FreeRTOS fuzz demo!
[TEST_CASE_COMPLETED]
Hello from FreeRTOS fuzz demo!
[TEST_CASE_COMPLETED]
Hello from FreeRTOS fuzz demo!
[TEST_CASE_COMPLETED]
Hello from FreeRTOS fuzz demo!
[TEST_CASE_COMPLETED]
Hello from FreeRTOS fuzz demo!
[TEST_CASE_COMPLETED]
Hello from FreeRTOS fuzz demo!
[TEST_CASE_COMPLETED]
Hello from FreeRTOS fuzz demo!
[TEST_CASE_COMPLETED]
Hello from FreeRTOS fuzz demo!
[TEST_CASE_COMPLETED]
Hello from FreeRTOS fuzz demo!
[TEST_CASE_COMPLETED]
Hello from FreeRTOS fuzz demo!
[TEST_CASE_COMPLETED]
Hello from FreeRTOS fuzz demo!
[TEST_CASE_COMPLETED]
Hello from FreeRTOS fuzz demo!
[TEST_CASE_COMPLETED]
Hello from FreeRTOS fuzz demo!
[TEST_CASE_COMPLETED]
Hello from FreeRTOS fuzz demo!
[TEST_CASE_COMPLETED]
Hello from FreeRTOS fuzz demo!
[TEST_CASE_COMPLETED]
Hello from FreeRTOS fuzz demo!
[TEST_CASE_COMPLETED]
Hello from FreeRTOS fuzz demo!
[TEST_CASE_COMPLETED]
Hello from FreeRTOS fuzz demo!
[TEST_CASE_COMPLETED]
Hello from FreeRTOS fuzz demo!
[TEST_CASE_COMPLETED]
Hello from FreeRTOS fuzz demo!
[TEST_CASE_COMPLETED]
Hello from FreeRTOS fuzz demo!
[TEST_CASE_COMPLETED]
Hello from FreeRTOS fuzz demo!
[TEST_CASE_COMPLETED]
Hello from FreeRTOS fuzz demo!
[TEST_CASE_COMPLETED]
Hello from FreeRTOS fuzz demo!
[TEST_CASE_COMPLETED]
Hello from FreeRTOS fuzz demo!
[TEST_CASE_COMPLETED]
Hello from FreeRTOS fuzz demo!
[TEST_CASE_COMPLETED]
Hello from FreeRTOS fuzz demo!
[TEST_CASE_COMPLETED]
Hello from FreeRTOS fuzz demo!
[TEST_CASE_COMPLETED]
Hello from FreeRTOS fuzz demo!
[TEST_CASE_COMPLETED]
Hello from FreeRTOS fuzz demo!
[TEST_CASE_COMPLETED]
Hello from FreeRTOS fuzz demo!
[TEST_CASE_COMPLETED]
Hello from FreeRTOS fuzz demo!
[TEST_CASE_COMPLETED]
Hello from FreeRTOS fuzz demo!
[TEST_CASE_COMPLETED]
Hello from FreeRTOS fuzz demo!
[TEST_CASE_COMPLETED]
Hello from FreeRTOS fuzz demo!
[TEST_CASE_COMPLETED]
Hello from FreeRTOS fuzz demo!
[TEST_CASE_COMPLETED]
Hello from FreeRTOS fuzz demo!
[TEST_CASE_COMPLETED]
Hello from FreeRTOS fuzz demo!
[TEST_CASE_COMPLETED]
Hello from FreeRTOS fuzz demo!
[TEST_CASE_COMPLETED]
Hello from FreeRTOS fuzz demo!
[TEST_CASE_COMPLETED]
Hello from FreeRTOS fuzz demo!
[TEST_CASE_COMPLETED]
Hello from FreeRTOS fuzz demo!
[TEST_CASE_COMPLETED]
Hello from FreeRTOS fuzz demo!
[TEST_CASE_COMPLETED]
Hello from FreeRTOS fuzz demo!
[TEST_CASE_COMPLETED]
Hello from FreeRTOS fuzz demo!
[TEST_CASE_COMPLETED]
Hello from FreeRTOS fuzz demo!
[TEST_CASE_COMPLETED]
Hello from FreeRTOS fuzz demo!
[TEST_CASE_COMPLETED]
Hello from FreeRTOS fuzz demo!
[TEST_CASE_COMPLETED]
Hello from FreeRTOS fuzz demo!
[TEST_CASE_COMPLETED]
Hello from FreeRTOS fuzz demo!
[TEST_CASE_COMPLETED]
Hello from FreeRTOS fuzz demo!
[TEST_CASE_COMPLETED]
Hello from FreeRTOS fuzz demo!
[TEST_CASE_COMPLETED]
Hello from FreeRTOS fuzz demo!
[TEST_CASE_COMPLETED]
Hello from FreeRTOS fuzz demo!
[TEST_CASE_COMPLETED]
Hello from FreeRTOS fuzz demo!
[TEST_CASE_COMPLETED]
Hello from FreeRTOS fuzz demo!
[TEST_CASE_COMPLETED]
Hello from FreeRTOS fuzz demo!
[TEST_CASE_COMPLETED]
Hello from FreeRTOS fuzz demo!
[TEST_CASE_COMPLETED]
Hello from FreeRTOS fuzz demo!
[TEST_CASE_COMPLETED]
Hello from FreeRTOS fuzz demo!
[TEST_CASE_COMPLETED]
Hello from FreeRTOS fuzz demo!
[TEST_CASE_COMPLETED]
Hello from FreeRTOS fuzz demo!
[TEST_CASE_COMPLETED]
Hello from FreeRTOS fuzz demo!
[TEST_CASE_COMPLETED]
Hello from FreeRTOS fuzz demo!
[TEST_CASE_COMPLETED]
Hello from FreeRTOS fuzz demo!
[TEST_CASE_COMPLETED]
Hello from FreeRTOS fuzz demo!
[TEST_CASE_COMPLETED]
Hello from FreeRTOS fuzz demo!
[TEST_CASE_COMPLETED]
Hello from FreeRTOS fuzz demo!
[TEST_CASE_COMPLETED]
Hello from FreeRTOS fuzz demo!
[TEST_CASE_COMPLETED]
Hello from FreeRTOS fuzz demo!
[TEST_CASE_COMPLETED]
Hello from FreeRTOS fuzz demo!
[TEST_CASE_COMPLETED]
Hello from FreeRTOS fuzz demo!
[TEST_CASE_COMPLETED]
Hello from FreeRTOS fuzz demo!
[TEST_CASE_COMPLETED]
Hello from FreeRTOS fuzz demo!
[TEST_CASE_COMPLETED]
Hello from FreeRTOS fuzz demo!
[TEST_CASE_COMPLETED]
Hello from FreeRTOS fuzz demo!
[TEST_CASE_COMPLETED]
Hello from FreeRTOS fuzz demo!
[TEST_CASE_COMPLETED]
Hello from FreeRTOS fuzz demo!
[TEST_CASE_COMPLETED]
Hello from FreeRTOS fuzz demo!
[TEST_CASE_COMPLETED]
Hello from FreeRTOS fuzz demo!
[TEST_CASE_COMPLETED]
Hello from FreeRTOS fuzz demo!
[TEST_CASE_COMPLETED]
Hello from FreeRTOS fuzz demo!
[TEST_CASE_COMPLETED]
Hello from FreeRTOS fuzz demo!
[TEST_CASE_COMPLETED]
Hello from FreeRTOS fuzz demo!
[TEST_CASE_COMPLETED]
Hello from FreeRTOS fuzz demo!
[TEST_CASE_COMPLETED]
Hello from FreeRTOS fuzz demo!
[TEST_CASE_COMPLETED]
Hello from FreeRTOS fuzz demo!
[TEST_CASE_COMPLETED]
Hello from FreeRTOS fuzz demo!
[TEST_CASE_COMPLETED]
Hello from FreeRTOS fuzz demo!
[TEST_CASE_COMPLETED]
Hello from FreeRTOS fuzz demo!
[TEST_CASE_COMPLETED]
Hello from FreeRTOS fuzz demo!
[TEST_CASE_COMPLETED]
Hello from FreeRTOS fuzz demo!
[TEST_CASE_COMPLETED]
Hello from FreeRTOS fuzz demo!
[TEST_CASE_COMPLETED]
Hello from FreeRTOS fuzz demo!
[TEST_CASE_COMPLETED]
Hello from FreeRTOS fuzz demo!
[TEST_CASE_COMPLETED]
Hello from FreeRTOS fuzz demo!
[TEST_CASE_COMPLETED]
Hello from FreeRTOS fuzz demo!
[TEST_CASE_COMPLETED]
Hello from FreeRTOS fuzz demo!
[TEST_CASE_COMPLETED]
Hello from FreeRTOS fuzz demo!
[TEST_CASE_COMPLETED]
Hello from FreeRTOS fuzz demo!
[TEST_CASE_COMPLETED]
Hello from FreeRTOS fuzz demo!
[TEST_CASE_COMPLETED]
Hello from FreeRTOS fuzz demo!
[TEST_CASE_COMPLETED]
Hello from FreeRTOS fuzz demo!
[TEST_CASE_COMPLETED]
Hello from FreeRTOS fuzz demo!
[TEST_CASE_COMPLETED]
Hello from FreeRTOS fuzz demo!
[TEST_CASE_COMPLETED]
Hello from FreeRTOS fuzz demo!
[TEST_CASE_COMPLETED]
Hello from FreeRTOS fuzz demo!
[TEST_CASE_COMPLETED]
Hello from FreeRTOS fuzz demo!
[TEST_CASE_COMPLETED]
Hello from FreeRTOS fuzz demo!
[TEST_CASE_COMPLETED]
Hello from FreeRTOS fuzz demo!
[TEST_CASE_COMPLETED]
Hello from FreeRTOS fuzz demo!
[TEST_CASE_COMPLETED]
Hello from FreeRTOS fuzz demo!
[TEST_CASE_COMPLETED]
Hello from FreeRTOS fuzz demo!
[TEST_CASE_COMPLETED]
Hello from FreeRTOS fuzz demo!
[TEST_CASE_COMPLETED]
Hello from FreeRTOS fuzz demo!
[TEST_CASE_COMPLETED]
Hello from FreeRTOS fuzz demo!
[TEST_CASE_COMPLETED]
Hello from Fre[UserStats   #1]  (GLOBAL) run time: 1s, clients: 1, corpus: 91, objectives: 0, executions: 2936, exec/sec: 1.664k, edges: 100.000%, stability: 100.000%
eRTOS f                  (CLIENT) corpus: 91, objectives: 0, executions: 2936, exec/sec: 1.664k, edges: 450/450 (100%), stability: 374/374 (100%)
uzz demo!
[TEST_CASE_COMPLETED]
[Testcase    #1]  (GLOBAL) run time: 1s, clients: 1, corpus: 92, objectives: 0, executions: 2936, exec/sec: 1.664k, edges: 100.000%, stability: 100.000%
                  (CLIENT) corpus: 92, objectives: 0, executions: 2936, exec/sec: 1.664k, edges: 450/450 (100%), stability: 374/374 (100%)
Hello from FreeRTOS fuzz demo!
[TEST_CASE_COMPLETED]
Hello from FreeRTOS fuzz demo!
[TEST_CASE_COMPLETED]
Hello from FreeRTOS fuzz demo!
[TEST_CASE_COMPLETED]
Hello from FreeRTOS fuzz demo!
[TEST_CASE_COMPLETED]
Hello from FreeRTOS fuzz demo!
[TEST_CASE_COMPLETED]
Hello from FreeRTOS fuzz demo!
[TEST_CASE_COMPLETED]
Hello from FreeRTOS fuzz demo!
[TEST_CASE_COMPLETED]
Hello from FreeRTOS fuzz demo!
[TEST_CASE_COMPLETED]
Hello from FreeRTOS fuzz demo!
[TEST_CASE_COMPLETED]
Hello from FreeRTOS fuzz demo!
[TEST_CASE_COMPLETED]
Hello from FreeRTOS fuzz demo!
[TEST_CASE_COMPLETED]
Hello from FreeRTOS fuzz demo!
[TEST_CASE_COMPLETED]
Hello from FreeRTOS fuzz demo!
[TEST_CASE_COMPLETED]
Hello from FreeRTOS fuzz demo!
[TEST_CASE_COMPLETED]
Hello from FreeRTOS fuzz demo!
[TEST_CASE_COMPLETED]
Hello from FreeRTOS fuzz demo!
[TEST_CASE_COMPLETED]
Hello from FreeRTOS fuzz demo!
[TEST_CASE_COMPLETED]
Hello from FreeRTOS fuzz demo!
[TEST_CASE_COMPLETED]
Hello from FreeRTOS fuzz demo!
[TEST_CASE_COMPLETED]
Hello from FreeRTOS fuzz demo!
[TEST_CASE_COMPLETED]
Hello from FreeRTOS fuzz demo!
[TEST_CASE_COMPLETED]
Hello from FreeRTOS fuzz demo!
[TEST_CASE_COMPLETED]
Hello from FreeRTOS fuzz demo!
[TEST_CASE_COMPLETED]
Hello from FreeRTOS fuzz demo!
[TEST_CASE_COMPLETED]
Hello from FreeRTOS fuzz demo!
[TEST_CASE_COMPLETED]
Hello from FreeRTOS fuzz demo!
[TEST_CASE_COMPLETED]
Hello from FreeRTOS fuzz demo!
[TEST_CASE_COMPLETED]
Hello from FreeRTOS fuzz demo!
[TEST_CASE_COMPLETED]
Hello from FreeRTOS fuzz demo!
[TEST_CASE_COMPLETED]
Hello from FreeRTOS fuzz demo!
[TEST_CASE_COMPLETED]
Hello from FreeRTOS fuzz demo!
[TEST_CASE_COMPLETED]
Hello from FreeRTOS fuzz demo!
[TEST_CASE_COMPLETED]
Hello from FreeRTOS fuzz demo!
[TEST_CASE_COMPLETED]
Hello from FreeRTOS fuzz demo!
[TEST_CASE_COMPLETED]
Hello from FreeRTOS fuzz demo!
[TEST_CASE_COMPLETED]
Hello from FreeRTOS fuzz demo!
[TEST_CASE_COMPLETED]
Hello from FreeRTOS fuzz demo!
[TEST_CASE_COMPLETED]
Hello from FreeRTOS fuzz demo!
[TEST_CASE_COMPLETED]
Hello from FreeRTOS fuzz demo!
[TEST_CASE_COMPLETED]
Hello from FreeRTOS fuzz demo!
[TEST_CASE_COMPLETED]
Hello from FreeRTOS fuzz demo!
[TEST_CASE_COMPLETED]
Hello from FreeRTOS fuzz demo!
[TEST_CASE_COMPLETED]
Hello from FreeRTOS fuzz demo!
[TEST_CASE_COMPLETED]
Hello from FreeRTOS fuzz demo!
[TEST_CASE_COMPLETED]
Hello from FreeRTOS fuzz demo!
[TEST_CASE_COMPLETED]
[UserStats   #1]  (GLOBAL) run time: 1s, clients: 1, corpus: 92, objectives: 0, executions: 2978, exec/sec: 1.663k, edges: 100.000%, stability: 100.000%
                  (CLIENT) corpus: 92, objectives: 0, executions: 2978, exec/sec: 1.663k, edges: 451/451 (100%), stability: 374/374 (100%)
[Testcase    #1]  (GLOBAL) run time: 1s, clients: 1, corpus: 93, objectives: 0, executions: 2978, exec/sec: 1.663k, edges: 100.000%, stability: 100.000%
                  (CLIENT) corpus: 93, objectives: 0, executions: 2978, exec/sec: 1.663k, edges: 451/451 (100%), stability: 374/374 (100%)
Hel[UserStats   #1]  (GLOBAL) run time: 1s, clients: 1, corpus: 93, objectives: 0, executions: 2979, exec/sec: 1.664k, edges: 100.000%, stability: 100.000%
lo                  (CLIENT) corpus: 93, objectives: 0, executions: 2979, exec/sec: 1.664k, edges: 452/452 (100%), stability: 374/374 (100%)
 from FreeRTOS fuzz demo!
[TEST_CASE_COMPLETED]
[Testcase    #1]  (GLOBAL) run time: 1s, clients: 1, corpus: 94, objectives: 0, executions: 2979, exec/sec: 1.663k, edges: 100.000%, stability: 100.000%
                  (CLIENT) corpus: 94, objectives: 0, executions: 2979, exec/sec: 1.663k, edges: 452/452 (100%), stability: 374/374 (100%)
Hello from FreeRTOS fuzz demo!
[TEST_CASE_COMPLETED]
Hello from FreeRTOS fuzz demo!
[TEST_CASE_COMPLETED]
Hello from FreeRTOS fuzz demo!
[TEST_CASE_COMPLETED]
Hello from FreeRTOS fuzz demo!
[TEST_CASE_COMPLETED]
Hello from FreeRTOS fuzz demo!
[TEST_CASE_COMPLETED]
Hello from FreeRTOS fuzz demo!
[TEST_CASE_COMPLETED]
Hello from FreeRTOS fuzz demo!
[TEST_CASE_COMPLETED]
Hello from FreeRTOS fuzz demo!
[TEST_CASE_COMPLETED]
Hello from FreeRTOS fuzz demo!
[TEST_CASE_COMPLETED]
Hello from FreeRTOS fuzz demo!
[TEST_CASE_COMPLETED]
Hello from FreeRTOS fuzz demo!
[TEST_CASE_COMPLETED]
Hello from FreeRTOS fuzz demo!
[TEST_CASE_COMPLETED]
Hello from FreeRTOS fuzz demo!
[TEST_CASE_COMPLETED]
Hello from FreeRTOS fuzz demo!
[TEST_CASE_COMPLETED]
Hello from FreeRTOS fuzz demo!
[TEST_CASE_COMPLETED]
Hello from FreeRTOS fuzz demo!
[TEST_CASE_COMPLETED]
Hello from FreeRTOS fuzz demo!
[TEST_CASE_COMPLETED]
Hello from FreeRTOS fuzz demo!
[TEST_CASE_COMPLETED]
Hello from FreeRTOS fuzz demo!
[TEST_CASE_COMPLETED]
Hello from FreeRTOS fuzz demo!
[TEST_CASE_COMPLETED]
Hello from FreeRTOS fuzz demo!
[TEST_CASE_COMPLETED]
Hello from FreeRTOS fuzz demo!
[TEST_CASE_COMPLETED]
Hello from FreeRTOS fuzz demo!
[TEST_CASE_COMPLETED]
Hello from FreeRTOS fuzz demo!
[TEST_CASE_COMPLETED]
Hello from FreeRTOS fuzz demo!
[TEST_CASE_COMPLETED]
Hello from FreeRTOS fuzz demo!
[TEST_CASE_COMPLETED]
Hello from FreeRTOS fuzz demo!
[TEST_CASE_COMPLETED]
Hello from FreeRTOS fuzz demo!
[TEST_CASE_COMPLETED]
Hello from FreeRTOS fuzz demo!
[TEST_CASE_COMPLETED]
Hello from FreeRTOS fuzz demo!
[TEST_CASE_COMPLETED]
Hello from FreeRTOS fuzz demo!
[TEST_CASE_COMPLETED]
Hello from FreeRTOS fuzz demo!
[TEST_CASE_COMPLETED]
Hello from FreeRTOS fuzz demo!
[TEST_CASE_COMPLETED]
Hello from FreeRTOS fuzz demo!
[TEST_CASE_COMPLETED]
Hello from FreeRTOS fuzz demo!
[TEST_CASE_COMPLETED]
Hello from FreeRTOS fuzz demo!
[TEST_CASE_COMPLETED]
Hello from FreeRTOS fuzz demo!
[TEST_CASE_COMPLETED]
Hello from FreeRTOS fuzz demo!
[TEST_CASE_COMPLETED]
Hello from FreeRTOS fuzz demo!
[TEST_CASE_COMPLETED]
Hello from FreeRTOS fuzz demo!
[TEST_CASE_COMPLETED]
Hello from FreeRTOS fuzz demo!
[TEST_CASE_COMPLETED]
Hello from FreeRTOS fuzz demo!
[TEST_CASE_COMPLETED]
Hello from FreeRTOS fuzz demo!
[TEST_CASE_COMPLETED]
Hello from FreeRTOS fuzz demo!
[TEST_CASE_COMPLETED]
Hello from FreeRTOS fuzz demo!
[TEST_CASE_COMPLETED]
Hello from FreeRTOS fuzz demo!
[TEST_CASE_COMPLETED]
Hello from FreeRTOS fuzz demo!
[TEST_CASE_COMPLETED]
Hello from FreeRTOS fuzz demo!
[TEST_CASE_COMPLETED]
Hello from FreeRTOS fuzz demo!
[TEST_CASE_COMPLETED]
Hello from FreeRTOS fuzz demo!
[TEST_CASE_COMPLETED]
Hello from FreeRTOS fuzz demo!
[TEST_CASE_COMPLETED]
Hello from FreeRTOS fuzz demo!
[TEST_CASE_COMPLETED]
Hello from FreeRTOS fuzz demo!
[TEST_CASE_COMPLETED]
Hello from FreeRTOS fuzz demo!
[TEST_CASE_COMPLETED]
Hello from FreeRTOS fuzz demo!
[TEST_CASE_COMPLETED]
Hello from FreeRTOS fuzz demo!
[TEST_CASE_COMPLETED]
Hello from FreeRTOS fuzz demo!
[TEST_CASE_COMPLETED]
Hello from FreeRTOS fuzz demo!
[TEST_CASE_COMPLETED]
Hello from FreeRTOS fuzz demo!
[TEST_CASE_COMPLETED]
Hello from FreeRTOS fuzz demo!
[TEST_CASE_COMPLETED]
Hello from FreeRTOS fuzz demo!
[TEST_CASE_COMPLETED]
Hello from FreeRTOS fuzz demo!
[TEST_CASE_COMPLETED]
Hello from FreeRTOS fuzz demo!
[TEST_CASE_COMPLETED]
Hello from FreeRTOS fuzz demo!
[TEST_CASE_COMPLETED]
Hello from FreeRTOS fuzz demo!
[TEST_CASE_COMPLETED]
Hello from FreeRTOS fuzz demo!
[TEST_CASE_COMPLETED]
Hello from FreeRTOS fuzz demo!
[TEST_CASE_COMPLETED]
Hello from FreeRTOS fuzz demo!
[TEST_CASE_COMPLETED]
Hello from FreeRTOS fuzz demo!
[TEST_CASE_COMPLETED]
Hello from FreeRTOS fuzz demo!
[TEST_CASE_COMPLETED]
Hello from FreeRTOS fuzz demo!
[TEST_CASE_COMPLETED]
Hello from FreeRTOS fuzz demo!
[TEST_CASE_COMPLETED]
Hello from FreeRTOS fuzz demo!
[TEST_CASE_COMPLETED]
Hello from FreeRTOS fuzz demo!
[TEST_CASE_COMPLETED]
Hello from FreeRTOS fuzz demo!
[TEST_CASE_COMPLETED]
Hello from FreeRTOS fuzz demo!
[TEST_CASE_COMPLETED]
Hello from FreeRTOS fuzz demo!
[TEST_CASE_COMPLETED]
Hello from FreeRTOS fuzz demo!
[TEST_CASE_COMPLETED]
Hello from FreeRTOS fuzz demo!
[TEST_CASE_COMPLETED]
Hello from FreeRTOS fuzz demo!
[TEST_CASE_COMPLETED]
Hello from FreeRTOS fuzz demo!
[TEST_CASE_COMPLETED]
Hello from FreeRTOS fuzz demo!
[TEST_CASE_COMPLETED]
Hello from FreeRTOS fuzz demo!
[TEST_CASE_COMPLETED]
Hello from FreeRTOS fuzz demo!
[TEST_CASE_COMPLETED]
Hello from FreeRTOS fuzz demo!
[TEST_CASE_COMPLETED]
Hello from FreeRTOS fuzz demo!
[TEST_CASE_COMPLETED]
Hello from FreeRTOS fuzz demo!
[TEST_CASE_COMPLETED]
Hello from FreeRTOS fuzz demo!
[TEST_CASE_COMPLETED]
Hello from FreeRTOS fuzz demo!
[TEST_CASE_COMPLETED]
Hello from FreeRTOS fuzz demo!
[TEST_CASE_COMPLETED]
Hello from FreeRTOS fuzz demo!
[TEST_CASE_COMPLETED]
Hello from FreeRTOS fuzz demo!
[TEST_CASE_COMPLETED]
Hello from FreeRTOS fuzz demo!
[TEST_CASE_COMPLETED]
Hello from FreeRTOS fuzz demo!
[TEST_CASE_COMPLETED]
Hello from FreeRTOS fuzz demo!
[TEST_CASE_COMPLETED]
Hello from FreeRTOS fuzz demo!
[TEST_CASE_COMPLETED]
Hello from FreeRTOS fuzz demo!
[TEST_CASE_COMPLETED]
Hello from FreeRTOS fuzz demo!
[TEST_CASE_COMPLETED]
Hello from FreeRTOS fuzz demo!
[TEST_CASE_COMPLETED]
Hello from FreeRTOS fuzz demo!
[TEST_CASE_COMPLETED]
Hello from FreeRTOS fuzz demo!
[TEST_CASE_COMPLETED]
Hello from FreeRTOS fuzz demo!
[TEST_CASE_COMPLETED]
Hello from FreeRTOS fuzz demo!
[TEST_CASE_COMPLETED]
Hello from FreeRTOS fuzz demo!
[TEST_CASE_COMPLETED]
Hello from FreeRTOS fuzz demo!
[TEST_CASE_COMPLETED]
Hello from FreeRTOS fuzz demo!
[TEST_CASE_COMPLETED]
Hello from FreeRTOS fuzz demo!
[TEST_CASE_COMPLETED]
Hello from FreeRTOS fuzz demo!
[TEST_CASE_COMPLETED]
Hello from FreeRTOS fuzz demo!
[TEST_CASE_COMPLETED]
Hello from FreeRTOS fuzz demo!
[TEST_CASE_COMPLETED]
[UserStats   #1]  (GLOBAL) run time: 1s, clients: 1, corpus: 94, objectives: 0, executions: 3089, exec/sec: 1.668k, edges: 100.000%, stability: 100.000%
                  (CLIENT) corpus: 94, objectives: 0, executions: 3089, exec/sec: 1.668k, edges: 453/453 (100%), stability: 374/374 (100%)
Hello from FreeRTOS fuzz demo!
[Testcase    #1]  (GLOBAL) run time: 1s, clients: 1, corpus: 95, objectives: 0, executions: 3089, exec/sec: 1.668k, edges: 100.000%, stability: 100.000%
                  (CLIENT) corpus: 95, objectives: 0, executions: 3089, exec/sec: 1.668k, edges: 453/453 (100%), stability: 374/374 (100%)
[TEST_CASE_COMPLETED]
Hello from FreeRTOS fuzz demo!
[TEST_CASE_COMPLETED]
Hello from FreeRTOS fuzz demo!
[TEST_CASE_COMPLETED]
Hello from FreeRTOS fuzz demo!
[TEST_CASE_COMPLETED]
Hello from FreeRTOS fuzz demo!
[TEST_CASE_COMPLETED]
Hello from FreeRTOS fuzz demo!
[TEST_CASE_COMPLETED]
Hello from FreeRTOS fuzz demo!
[TEST_CASE_COMPLETED]
Hello from FreeRTOS fuzz demo!
[TEST_CASE_COMPLETED]
Hello from FreeRTOS fuzz demo!
[TEST_CASE_COMPLETED]
Hello from FreeRTOS fuzz demo!
[UserStats   #1]  (GLOBAL) run time: 1s, clients: 1, corpus: 95, objectives: 0, executions: 3097, exec/sec: 1.667k, edges: 100.000%, stability: 100.000%
                  (CLIENT) corpus: 95, objectives: 0, executions: 3097, exec/sec: 1.667k, edges: 454/454 (100%), stability: 374/374 (100%)
[TEST_CASE_COMPLETED]
[Testcase    #1]  (GLOBAL) run time: 1s, clients: 1, corpus: 96, objectives: 0, executions: 3097, exec/sec: 1.667k, edges: 100.000%, stability: 100.000%
                  (CLIENT) corpus: 96, objectives: 0, executions: 3097, exec/sec: 1.667k, edges: 454/454 (100%), stability: 374/374 (100%)
Hello from FreeRTOS fuzz demo!
[TEST_CASE_COMPLETED]
Hello from FreeRTOS fuzz demo!
[TEST_CASE_COMPLETED]
Hello from FreeRTOS fuzz demo!
[TEST_CASE_COMPLETED]
Hello from FreeRTOS fuzz demo!
[TEST_CASE_COMPLETED]
Hello from FreeRTOS fuzz demo!
[TEST_CASE_COMPLETED]
Hello from FreeRTOS fuzz demo!
[TEST_CASE_COMPLETED]
Hello from FreeRTOS fuzz demo!
[TEST_CASE_COMPLETED]
Hello from FreeRTOS fuzz demo!
[TEST_CASE_COMPLETED]
Hello from FreeRTOS fuzz demo!
[TEST_CASE_COMPLETED]
Hello from FreeRTOS fuzz demo!
[TEST_CASE_COMPLETED]
Hello from FreeRTOS fuzz demo!
[TEST_CASE_COMPLETED]
Hello from FreeRTOS fuzz demo!
[TEST_CASE_COMPLETED]
Hello from FreeRTOS fuzz demo!
[TEST_CASE_COMPLETED]
Hello from FreeRTOS fuzz demo!
[TEST_CASE_COMPLETED]
Hello from FreeRTOS fuzz demo!
[TEST_CASE_COMPLETED]
Hello from FreeRTOS fuzz demo!
[TEST_CASE_COMPLETED]
Hello from FreeRTOS fuzz demo!
[TEST_CASE_COMPLETED]
Hello from FreeRTOS fuzz demo!
[TEST_CASE_COMPLETED]
Hello from FreeRTOS fuzz demo!
[TEST_CASE_COMPLETED]
Hello from FreeRTOS fuzz demo!
[TEST_CASE_COMPLETED]
Hello from FreeRTOS fuzz demo!
[TEST_CASE_COMPLETED]
Hello from FreeRTOS fuzz demo!
[TEST_CASE_COMPLETED]
Hello from FreeRTOS fuzz demo!
[TEST_CASE_COMPLETED]
Hello from FreeRTOS fuzz demo!
[TEST_CASE_COMPLETED]
Hello from FreeRTOS fuzz demo!
[TEST_CASE_COMPLETED]
Hello from FreeRTOS fuzz demo!
[TEST_CASE_COMPLETED]
Hello from FreeRTOS fuzz demo!
[TEST_CASE_COMPLETED]
Hello from FreeRTOS fuzz demo!
[TEST_CASE_COMPLETED]
Hello from FreeRTOS fuzz demo!
[TEST_CASE_COMPLETED]
Hello from FreeRTOS fuzz demo!
[TEST_CASE_COMPLETED]
Hello from FreeRTOS fuzz demo!
[TEST_CASE_COMPLETED]
Hello from FreeRTOS fuzz demo!
[TEST_CASE_COMPLETED]
Hello from FreeRTOS fuzz demo!
[TEST_CASE_COMPLETED]
Hello from FreeRTOS fuzz demo!
[TEST_CASE_COMPLETED]
Hello from FreeRTOS fuzz demo!
[TEST_CASE_COMPLETED]
Hello from FreeRTOS fuzz demo!
[TEST_CASE_COMPLETED]
Hello from FreeRTOS fuzz demo!
[TEST_CASE_COMPLETED]
Hello from FreeRTOS fuzz demo!
[TEST_CASE_COMPLETED]
Hello from FreeRTOS fuzz demo!
[TEST_CASE_COMPLETED]
Hello from FreeRTOS fuzz demo!
[TEST_CASE_COMPLETED]
Hello from FreeRTOS fuzz demo!
[TEST_CASE_COMPLETED]
Hello from FreeRTOS fuzz demo!
[TEST_CASE_COMPLETED]
Hello from FreeRTOS fuzz demo!
[TEST_CASE_COMPLETED]
Hello from FreeRTOS fuzz demo!
[TEST_CASE_COMPLETED]
Hello from FreeRTOS fuzz demo!
[TEST_CASE_COMPLETED]
Hello from FreeRTOS fuzz demo!
[TEST_CASE_COMPLETED]
Hello from FreeRTOS fuzz demo!
[TEST_CASE_COMPLETED]
Hello from FreeRTOS fuzz demo!
[TEST_CASE_COMPLETED]
Hello from FreeRTOS fuzz demo!
[TEST_CASE_COMPLETED]
Hello from FreeRTOS fuzz demo!
[TEST_CASE_COMPLETED]
Hello from FreeRTOS fuzz demo!
[TEST_CASE_COMPLETED]
Hello from FreeRTOS fuzz demo!
[TEST_CASE_COMPLETED]
Hello from FreeRTOS fuzz demo!
[TEST_CASE_COMPLETED]
Hello from FreeRTOS fuzz demo!
[TEST_CASE_COMPLETED]
Hello from FreeRTOS fuzz demo!
[TEST_CASE_COMPLETED]
Hello from FreeRTOS fuzz demo!
[TEST_CASE_COMPLETED]
Hello from FreeRTOS fuzz demo!
[TEST_CASE_COMPLETED]
Hello from FreeRTOS fuzz demo!
[TEST_CASE_COMPLETED]
Hello from FreeRTOS fuzz demo!
[TEST_CASE_COMPLETED]
Hello from FreeRTOS fuzz demo!
[TEST_CASE_COMPLETED]
Hello from FreeRTOS fuzz demo!
[TEST_CASE_COMPLETED]
Hello from FreeRTOS fuzz demo!
[TEST_CASE_COMPLETED]
Hello from FreeRTOS fuzz demo!
[TEST_CASE_COMPLETED]
Hello from FreeRTOS fuzz demo!
[TEST_CASE_COMPLETED]
Hello from FreeRTOS fuzz demo!
[TEST_CASE_COMPLETED]
Hello from FreeRTOS fuzz demo!
[TEST_CASE_COMPLETED]
Hello from FreeRTOS fuzz demo!
[TEST_CASE_COMPLETED]
Hello from FreeRTOS fuzz demo!
[TEST_CASE_COMPLETED]
Hello from FreeRTOS fuzz demo!
[TEST_CASE_COMPLETED]
Hello from FreeRTOS fuzz demo!
[TEST_CASE_COMPLETED]
Hello from FreeRTOS fuzz demo!
[TEST_CASE_COMPLETED]
Hello from FreeRTOS fuzz demo!
[TEST_CASE_COMPLETED]
Hello from FreeRTOS fuzz demo!
[TEST_CASE_COMPLETED]
Hello from FreeRTOS fuzz demo!
[TEST_CASE_COMPLETED]
Hello from FreeRTOS fuzz demo!
[TEST_CASE_COMPLETED]
Hello from FreeRTOS fuzz demo!
[TEST_CASE_COMPLETED]
Hello from FreeRTOS fuzz demo!
[TEST_CASE_COMPLETED]
Hello from FreeRTOS fuzz demo!
[TEST_CASE_COMPLETED]
Hello from FreeRTOS fuzz demo!
[TEST_CASE_COMPLETED]
Hello from FreeRTOS fuzz demo!
[TEST_CASE_COMPLETED]
Hello from FreeRTOS fuzz demo!
[TEST_CASE_COMPLETED]
Hello from FreeRTOS fuzz demo!
[TEST_CASE_COMPLETED]
Hello from FreeRTOS fuzz demo!
[TEST_CASE_COMPLETED]
Hello from FreeRTOS fuzz demo!
[TEST_CASE_COMPLETED]
Hello from FreeRTOS fuzz demo!
[TEST_CASE_COMPLETED]
Hello from FreeRTOS fuzz demo!
[TEST_CASE_COMPLETED]
Hello from FreeRTOS fuzz demo!
[TEST_CASE_COMPLETED]
Hello from FreeRTOS fuzz demo!
[TEST_CASE_COMPLETED]
Hello from FreeRTOS fuzz demo!
[TEST_CASE_COMPLETED]
Hello from FreeRTOS fuzz demo!
[TEST_CASE_COMPLETED]
Hello from FreeRTOS fuzz demo!
[TEST_CASE_COMPLETED]
Hello from FreeRTOS fuzz demo!
[TEST_CASE_COMPLETED]
Hello from FreeRTOS fuzz demo!
[TEST_CASE_COMPLETED]
Hello from FreeRTOS fuzz demo!
[TEST_CASE_COMPLETED]
Hello from FreeRTOS fuzz demo!
[TEST_CASE_COMPLETED]
Hello from FreeRTOS fuzz demo!
[TEST_CASE_COMPLETED]
Hello from FreeRTOS fuzz demo!
[TEST_CASE_COMPLETED]
Hello from FreeRTOS fuzz demo!
[TEST_CASE_COMPLETED]
Hello from FreeRTOS fuzz demo!
[TEST_CASE_COMPLETED]
Hello from FreeRTOS fuzz demo!
[TEST_CASE_COMPLETED]
[UserStats   #1]  (GLOBAL) run time: 1s, clients: 1, corpus: 96, objectives: 0, executions: 3200, exec/sec: 1.672k, edges: 100.000%, stability: 100.000%
                  (CLIENT) corpus: 96, objectives: 0, executions: 3200, exec/sec: 1.672k, edges: 455/455 (100%), stability: 374/374 (100%)
Hello from FreeRTOS fuzz demo!
[[Testcase    #1]  (GLOBAL) run time: 1s, clients: 1, corpus: 97, objectives: 0, executions: 3200, exec/sec: 1.672k, edges: 100.000%, stability: 100.000%
TES                  (CLIENT) corpus: 97, objectives: 0, executions: 3200, exec/sec: 1.672k, edges: 455/455 (100%), stability: 374/374 (100%)
T_CASE_COMPLETED]
Hello from FreeRTOS fuzz demo!
[TEST_CASE_COMPLETED]
Hello from FreeRTOS fuzz demo!
[TEST_CASE_COMPLETED]
Hello from FreeRTOS fuzz demo!
[TEST_CASE_COMPLETED]
Hello from FreeRTOS fuzz demo!
[TEST_CASE_COMPLETED]
Hello from FreeRTOS fuzz demo!
[TEST_CASE_COMPLETED]
Hello from FreeRTOS fuzz demo!
[TEST_CASE_COMPLETED]
Hello from FreeRTOS fuzz demo!
[TEST_CASE_COMPLETED]
Hello from FreeRTOS fuzz demo!
[TEST_CASE_COMPLETED]
Hello from FreeRTOS fuzz demo!
[TEST_CASE_COMPLETED]
Hello from FreeRTOS fuzz demo!
[TEST_CASE_COMPLETED]
Hello from FreeRTOS fuzz demo!
[TEST_CASE_COMPLETED]
Hello from FreeRTOS fuzz demo!
[TEST_CASE_COMPLETED]
Hello from FreeRTOS fuzz demo!
[TEST_CASE_COMPLETED]
Hello from FreeRTOS fuzz demo!
[TEST_CASE_COMPLETED]
Hello from FreeRTOS fuzz demo!
[TEST_CASE_COMPLETED]
Hello from FreeRTOS fuzz demo!
[TEST_CASE_COMPLETED]
Hello from FreeRTOS fuzz demo!
[TEST_CASE_COMPLETED]
Hello from FreeRTOS fuzz demo!
[TEST_CASE_COMPLETED]
Hello from FreeRTOS fuzz demo!
[TEST_CASE_COMPLETED]
Hello from FreeRTOS fuzz demo!
[TEST_CASE_COMPLETED]
Hello from FreeRTOS fuzz demo!
[TEST_CASE_COMPLETED]
Hello from FreeRTOS fuzz demo!
[TEST_CASE_COMPLETED]
Hello from FreeRTOS fuzz demo!
[TEST_CASE_COMPLETED]
Hello from FreeRTOS fuzz demo!
[TEST_CASE_COMPLETED]
Hello from FreeRTOS fuzz demo!
[TEST_CASE_COMPLETED]
Hello from FreeRTOS fuzz demo!
[TEST_CASE_COMPLETED]
Hello from FreeRTOS fuzz demo!
[TEST_CASE_COMPLETED]
Hello from FreeRTOS fuzz demo!
[TEST_CASE_COMPLETED]
Hello from FreeRTOS fuzz demo!
[TEST_CASE_COMPLETED]
Hello from FreeRTOS fuzz demo!
[TEST_CASE_COMPLETED]
Hello from FreeRTOS fuzz demo!
[TEST_CASE_COMPLETED]
Hello from FreeRTOS fuzz demo!
[TEST_CASE_COMPLETED]
Hello from FreeRTOS fuzz demo!
[TEST_CASE_COMPLETED]
Hello from FreeRTOS fuzz demo!
[TEST_CASE_COMPLETED]
Hello from FreeRTOS fuzz demo!
[TEST_CASE_COMPLETED]
Hello from FreeRTOS fuzz demo!
[TEST_CASE_COMPLETED]
Hello from FreeRTOS fuzz demo!
[TEST_CASE_COMPLETED]
Hello from FreeRTOS fuzz demo!
[TEST_CASE_COMPLETED]
Hello from FreeRTOS fuzz demo!
[TEST_CASE_COMPLETED]
Hello from FreeRTOS fuzz demo!
[TEST_CASE_COMPLETED]
Hello from FreeRTOS fuzz demo!
[TEST_CASE_COMPLETED]
Hello from FreeRTOS fuzz demo!
[TEST_CASE_COMPLETED]
Hello from FreeRTOS fuzz demo!
[TEST_CASE_COMPLETED]
Hello from FreeRTOS fuzz demo!
[TEST_CASE_COMPLETED]
Hello from FreeRTOS fuzz demo!
[TEST_CASE_COMPLETED]
Hello from FreeRTOS fuzz demo!
[TEST_CASE_COMPLETED]
Hello from FreeRTOS fuzz demo!
[TEST_CASE_COMPLETED]
Hello from FreeRTOS fuzz demo!
[TEST_CASE_COMPLETED]
Hello from FreeRTOS fuzz demo!
[TEST_CASE_COMPLETED]
Hello from FreeRTOS fuzz demo!
[TEST_CASE_COMPLETED]
Hello from FreeRTOS fuzz demo!
[TEST_CASE_COMPLETED]
Hello from FreeRTOS fuzz demo!
[TEST_CASE_COMPLETED]
Hello from FreeRTOS fuzz demo!
[TEST_CASE_COMPLETED]
Hello from FreeRTOS fuzz demo!
[TEST_CASE_COMPLETED]
Hello from FreeRTOS fuzz demo!
[TEST_CASE_COMPLETED]
Hello from FreeRTOS fuzz demo!
[TEST_CASE_COMPLETED]
Hello from FreeRTOS fuzz demo!
[TEST_CASE_COMPLETED]
Hello from FreeRTOS fuzz demo!
[TEST_CASE_COMPLETED]
Hello from FreeRTOS fuzz demo!
[TEST_CASE_COMPLETED]
Hello from FreeRTOS fuzz demo!
[TEST_CASE_COMPLETED]
Hello from FreeRTOS fuzz demo!
[TEST_CASE_COMPLETED]
Hello from FreeRTOS fuzz demo!
[TEST_CASE_COMPLETED]
Hello from FreeRTOS fuzz demo!
[TEST_CASE_COMPLETED]
Hello from FreeRTOS fuzz demo!
[TEST_CASE_COMPLETED]
Hello from FreeRTOS fuzz demo!
[TEST_CASE_COMPLETED]
Hello from FreeRTOS fuzz demo!
[TEST_CASE_COMPLETED]
Hello from FreeRTOS fuzz demo!
[TEST_CASE_COMPLETED]
Hello from FreeRTOS fuzz demo!
[TEST_CASE_COMPLETED]
Hello from FreeRTOS fuzz demo!
[TEST_CASE_COMPLETED]
Hello from FreeRTOS fuzz demo!
[TEST_CASE_COMPLETED]
Hello from FreeRTOS fuzz demo!
[TEST_CASE_COMPLETED]
Hello from FreeRTOS fuzz demo!
[TEST_CASE_COMPLETED]
Hello from FreeRTOS fuzz demo!
[TEST_CASE_COMPLETED]
Hello from FreeRTOS fuzz demo!
[TEST_CASE_COMPLETED]
Hello from FreeRTOS fuzz demo!
[TEST_CASE_COMPLETED]
Hello from FreeRTOS fuzz demo!
[TEST_CASE_COMPLETED]
Hello from FreeRTOS fuzz demo!
[TEST_CASE_COMPLETED]
Hello from FreeRTOS fuzz demo!
[TEST_CASE_COMPLETED]
Hello from FreeRTOS fuzz demo!
[TEST_CASE_COMPLETED]
Hello from FreeRTOS fuzz demo!
[TEST_CASE_COMPLETED]
Hello from FreeRTOS fuzz demo!
[TEST_CASE_COMPLETED]
Hello from FreeRTOS fuzz demo!
[TEST_CASE_COMPLETED]
Hello from FreeRTOS fuzz demo!
[TEST_CASE_COMPLETED]
Hello from FreeRTOS fuzz demo!
[TEST_CASE_COMPLETED]
Hello from FreeRTOS fuzz demo!
[TEST_CASE_COMPLETED]
Hello from FreeRTOS fuzz demo!
[TEST_CASE_COMPLETED]
Hello from FreeRTOS fuzz demo!
[TEST_CASE_COMPLETED]
Hello from FreeRTOS fuzz demo!
[TEST_CASE_COMPLETED]
Hello from FreeRTOS fuzz demo!
[TEST_CASE_COMPLETED]
Hello from FreeRTOS fuzz demo!
[TEST_CASE_COMPLETED]
Hello from FreeRTOS fuzz demo!
[TEST_CASE_COMPLETED]
Hello from FreeRTOS fuzz demo!
[TEST_CASE_COMPLETED]
Hello from FreeRTOS fuzz demo!
[TEST_CASE_COMPLETED]
Hello from FreeRTOS fuzz demo!
[TEST_CASE_COMPLETED]
Hello from FreeRTOS fuzz demo!
[TEST_CASE_COMPLETED]
Hello from FreeRTOS fuzz demo!
[TEST_CASE_COMPLETED]
Hello from FreeRTOS fuzz demo!
[TEST_CASE_COMPLETED]
Hello from FreeRTOS fuzz demo!
[TEST_CASE_COMPLETED]
Hello from FreeRTOS fuzz demo!
[TEST_CASE_COMPLETED]
Hello from FreeRTOS fuzz demo!
[TEST_CASE_COMPLETED]
Hello from FreeRTOS fuzz demo!
[TEST_CASE_COMPLETED]
Hello from FreeRTOS fuzz demo!
[TEST_CASE_COMPLETED]
Hello from FreeRTOS fuzz demo!
[TEST_CASE_COMPLETED]
Hello from FreeRTOS fuzz demo!
[TEST_CASE_COMPLETED]
Hello from FreeRTOS fuzz demo!
[TEST_CASE_COMPLETED]
Hello from FreeRTOS fuzz demo!
[TEST_CASE_COMPLETED]
Hello from FreeRTOS fuzz demo!
[TEST_CASE_COMPLETED]
Hello from FreeRTOS fuzz demo!
[TEST_CASE_COMPLETED]
Hello from FreeRTOS fuzz demo!
[TEST_CASE_COMPLETED]
Hello from FreeRTOS fuzz demo!
[TEST_CASE_COMPLETED]
Hello from FreeRTOS fuzz demo!
[TEST_CASE_COMPLETED]
Hello from FreeRTOS fuzz demo!
[TEST_CASE_COMPLETED]
Hello from FreeRTOS fuzz demo!
[TEST_CASE_COMPLETED]
Hello from FreeRTOS fuzz demo!
[TEST_CASE_COMPLETED]
Hello from FreeRTOS fuzz demo!
[TEST_CASE_COMPLETED]
Hello from FreeRTOS fuzz demo!
[TEST_CASE_COMPLETED]
Hello from FreeRTOS fuzz demo!
[TEST_CASE_COMPLETED]
Hello from FreeRTOS fuzz demo!
[TEST_CASE_COMPLETED]
Hello from FreeRTOS fuzz demo!
[TEST_CASE_COMPLETED]
Hello from FreeRTOS fuzz demo!
[TEST_CASE_COMPLETED]
Hello from FreeRTOS fuzz demo!
[TEST_CASE_COMPLETED]
Hello from FreeRTOS fuzz demo!
[TEST_CASE_COMPLETED]
Hello from FreeRTOS fuzz demo!
[TEST_CASE_COMPLETED]
Hello from FreeRTOS fuzz demo!
[TEST_CASE_COMPLETED]
Hello from FreeRTOS fuzz demo!
[TEST_CASE_COMPLETED]
Hello from FreeRTOS fuzz demo!
[TEST_CASE_COMPLETED]
Hello from FreeRTOS fuzz demo!
[TEST_CASE_COMPLETED]
Hello from FreeRTOS fuzz demo!
[TEST_CASE_COMPLETED]
Hello from FreeRTOS fuzz demo!
[TEST_CASE_COMPLETED]
Hello from FreeRTOS fuzz demo!
[TEST_CASE_COMPLETED]
Hello from FreeRTOS fuzz demo!
[TEST_CASE_COMPLETED]
Hello from FreeRTOS fuzz demo!
[TEST_CASE_COMPLETED]
Hello from FreeRTOS fuzz demo!
[TEST_CASE_COMPLETED]
Hello from FreeRTOS fuzz demo!
[TEST_CASE_COMPLETED]
Hello from FreeRTOS fuzz demo!
[TEST_CASE_COMPLETED]
Hello from FreeRTOS fuzz demo!
[TEST_CASE_COMPLETED]
Hello from FreeRTOS fuzz demo!
[TEST_CASE_COMPLETED]
Hello from[UserStats   #1]  (GLOBAL) run time: 2s, clients: 1, corpus: 97, objectives: 0, executions: 3342, exec/sec: 1.679k, edges: 100.000%, stability: 100.000%
 FreeRTO                  (CLIENT) corpus: 97, objectives: 0, executions: 3342, exec/sec: 1.679k, edges: 456/456 (100%), stability: 374/374 (100%)
S fuzz demo!
[TEST_CASE_COMPLETED]
[Testcase    #1]  (GLOBAL) run time: 2s, clients: 1, corpus: 98, objectives: 0, executions: 3342, exec/sec: 1.679k, edges: 100.000%, stability: 100.000%
                  (CLIENT) corpus: 98, objectives: 0, executions: 3342, exec/sec: 1.679k, edges: 456/456 (100%), stability: 374/374 (100%)
Hello from FreeRTOS fuzz demo!
[TEST_CASE_COMPLETED]
Hello from FreeRTOS fuzz demo!
[TEST_CASE_COMPLETED]
Hello from FreeRTOS fuzz demo!
[TEST_CASE_COMPLETED]
Hello from FreeRTOS fuzz demo!
[TEST_CASE_COMPLETED]
Hello from FreeRTOS fuzz demo!
[TEST_CASE_COMPLETED]
Hello from FreeRTOS fuzz demo!
[TEST_CASE_COMPLETED]
Hello from FreeRTOS fuzz demo!
[TEST_CASE_COMPLETED]
Hello from FreeRTOS fuzz demo!
[TEST_CASE_COMPLETED]
Hello from FreeRTOS fuzz demo!
[TEST_CASE_COMPLETED]
Hello from FreeRTOS fuzz demo!
[TEST_CASE_COMPLETED]
Hello from FreeRTOS fuzz demo!
[TEST_CASE_COMPLETED]
Hello from FreeRTOS fuzz demo!
[TEST_CASE_COMPLETED]
Hello from FreeRTOS fuzz demo!
[TEST_CASE_COMPLETED]
Hello from FreeRTOS fuzz demo!
[TEST_CASE_COMPLETED]
Hello from FreeRTOS fuzz demo!
[TEST_CASE_COMPLETED]
Hello from FreeRTOS fuzz demo!
[TEST_CASE_COMPLETED]
Hello from FreeRTOS fuzz demo!
[TEST_CASE_COMPLETED]
Hello from FreeRTOS fuzz demo!
[TEST_CASE_COMPLETED]
Hello from FreeRTOS fuzz demo!
[TEST_CASE_COMPLETED]
Hello from FreeRTOS fuzz demo!
[TEST_CASE_COMPLETED]
Hello from FreeRTOS fuzz demo!
[TEST_CASE_COMPLETED]
Hello from FreeRTOS fuzz demo!
[TEST_CASE_COMPLETED]
Hello from FreeRTOS fuzz demo!
[TEST_CASE_COMPLETED]
Hello from FreeRTOS fuzz demo!
[TEST_CASE_COMPLETED]
Hello from FreeRTOS fuzz demo!
[TEST_CASE_COMPLETED]
Hello from FreeRTOS fuzz demo!
[TEST_CASE_COMPLETED]
Hello from FreeRTOS fuzz demo!
[TEST_CASE_COMPLETED]
Hello from FreeRTOS fuzz demo!
[TEST_CASE_COMPLETED]
Hello from FreeRTOS fuzz demo!
[TEST_CASE_COMPLETED]
Hello from FreeRTOS fuzz demo!
[TEST_CASE_COMPLETED]
Hello from FreeRTOS fuzz demo!
[TEST_CASE_COMPLETED]
Hello from FreeRTOS fuzz demo!
[TEST_CASE_COMPLETED]
Hello from FreeRTOS fuzz demo!
[TEST_CASE_COMPLETED]
Hello from FreeRTOS fuzz demo!
[TEST_CASE_COMPLETED]
Hello from FreeRTOS fuzz demo!
[TEST_CASE_COMPLETED]
Hello from FreeRTOS fuzz demo!
[TEST_CASE_COMPLETED]
Hello from FreeRTOS fuzz demo!
[TEST_CASE_COMPLETED]
Hello from FreeRTOS fuzz demo!
[TEST_CASE_COMPLETED]
Hello from FreeRTOS fuzz demo!
[TEST_CASE_COMPLETED]
Hello from FreeRTOS fuzz demo!
[TEST_CASE_COMPLETED]
Hello from FreeRTOS fuzz demo!
[TEST_CASE_COMPLETED]
Hello from FreeRTOS fuzz demo!
[TEST_CASE_COMPLETED]
Hello from FreeRTOS fuzz demo!
[TEST_CASE_COMPLETED]
Hello from FreeRTOS fuzz demo!
[TEST_CASE_COMPLETED]
Hello from FreeRTOS fuzz demo!
[TEST_CASE_COMPLETED]
Hello from FreeRTOS fuzz demo!
[TEST_CASE_COMPLETED]
Hello from FreeRTOS fuzz demo!
[TEST_CASE_COMPLETED]
Hello from FreeRTOS fuzz demo!
[TEST_CASE_COMPLETED]
Hello from FreeRTOS fuzz demo!
[TEST_CASE_COMPLETED]
Hello from FreeRTOS fuzz demo!
[TEST_CASE_COMPLETED]
Hello from FreeRTOS fuzz demo!
[TEST_CASE_COMPLETED]
Hello from FreeRTOS fuzz demo!
[TEST_CASE_COMPLETED]
Hello from FreeRTOS fuzz demo!
[TEST_CASE_COMPLETED]
Hello from FreeRTOS fuzz demo!
[TEST_CASE_COMPLETED]
Hello from FreeRTOS fuzz demo!
[TEST_CASE_COMPLETED]
Hello from FreeRTOS fuzz demo!
[TEST_CASE_COMPLETED]
Hello from FreeRTOS fuzz demo!
[TEST_CASE_COMPLETED]
Hello from FreeRTOS fuzz demo!
[TEST_CASE_COMPLETED]
Hello from FreeRTOS fuzz demo!
[TEST_CASE_COMPLETED]
Hello from FreeRTOS fuzz demo!
[TEST_CASE_COMPLETED]
Hello from FreeRTOS fuzz demo!
[TEST_CASE_COMPLETED]
Hello from FreeRTOS fuzz demo!
[TEST_CASE_COMPLETED]
Hello from FreeRTOS fuzz demo!
[TEST_CASE_COMPLETED]
Hello from FreeRTOS fuzz demo!
[TEST_CASE_COMPLETED]
Hello from FreeRTOS fuzz demo!
[TEST_CASE_COMPLETED]
Hello from FreeRTOS fuzz demo!
[TEST_CASE_COMPLETED]
Hello from FreeRTOS fuzz demo!
[TEST_CASE_COMPLETED]
Hello from FreeRTOS fuzz demo!
[TEST_CASE_COMPLETED]
Hello from FreeRTOS fuzz demo!
[TEST_CASE_COMPLETED]
Hello from FreeRTOS fuzz demo!
[TEST_CASE_COMPLETED]
Hello from FreeRTOS fuzz demo!
[TEST_CASE_COMPLETED]
Hello from FreeRTOS fuzz demo!
[TEST_CASE_COMPLETED]
Hello from FreeRTOS fuzz demo!
[TEST_CASE_COMPLETED]
Hello from FreeRTOS fuzz demo!
[TEST_CASE_COMPLETED]
Hello from FreeRTOS fuzz demo!
[TEST_CASE_COMPLETED]
Hello from FreeRTOS fuzz demo!
[TEST_CASE_COMPLETED]
Hello from FreeRTOS fuzz demo!
[TEST_CASE_COMPLETED]
Hello from FreeRTOS fuzz demo!
[TEST_CASE_COMPLETED]
Hello from FreeRTOS fuzz demo!
[TEST_CASE_COMPLETED]
Hello from FreeRTOS fuzz demo!
[TEST_CASE_COMPLETED]
Hello from FreeRTOS fuzz demo!
[TEST_CASE_COMPLETED]
Hello from FreeRTOS fuzz demo!
[TEST_CASE_COMPLETED]
Hello from FreeRTOS fuzz demo!
[TEST_CASE_COMPLETED]
Hello from FreeRTOS fuzz demo!
[TEST_CASE_COMPLETED]
Hello from FreeRTOS fuzz demo!
[TEST_CASE_COMPLETED]
Hello from FreeRTOS fuzz demo!
[TEST_CASE_COMPLETED]
Hello from FreeRTOS fuzz demo!
[TEST_CASE_COMPLETED]
Hello from FreeRTOS fuzz demo!
[TEST_CASE_COMPLETED]
Hello from FreeRTOS fuzz demo!
[TEST_CASE_COMPLETED]
Hello from FreeRTOS fuzz demo!
[TEST_CASE_COMPLETED]
Hello from FreeRTOS fuzz demo!
[TEST_CASE_COMPLETED]
Hello from FreeRTOS fuzz demo!
[TEST_CASE_COMPLETED]
Hello from FreeRTOS fuzz demo!
[TEST_CASE_COMPLETED]
Hello from FreeRTOS fuzz demo!
[TEST_CASE_COMPLETED]
Hello from FreeRTOS fuzz demo!
[TEST_CASE_COMPLETED]
Hello from FreeRTOS fuzz demo!
[TEST_CASE_COMPLETED]
Hello from FreeRTOS fuzz demo!
[TEST_CASE_COMPLETED]
Hello from FreeRTOS fuzz demo!
[TEST_CASE_COMPLETED]
Hello from FreeRTOS fuzz demo!
[TEST_CASE_COMPLETED]
Hello from FreeRTOS fuzz demo!
[TEST_CASE_COMPLETED]
Hello from FreeRTOS fuzz demo!
[TEST_CASE_COMPLETED]
Hello from FreeRTOS fuzz demo!
[TEST_CASE_COMPLETED]
Hello from FreeRTOS fuzz demo!
[TEST_CASE_COMPLETED]
Hello from FreeRTOS fuzz demo!
[TEST_CASE_COMPLETED]
Hello from FreeRTOS fuzz demo!
[TEST_CASE_COMPLETED]
Hello from FreeRTOS fuzz demo!
[TEST_CASE_COMPLETED]
Hello from FreeRTOS fuzz demo!
[TEST_CASE_COMPLETED]
Hello from FreeRTOS fuzz demo!
[TEST_CASE_COMPLETED]
Hello from FreeRTOS fuzz demo!
[TEST_CASE_COMPLETED]
Hello from FreeRTOS fuzz demo!
[TEST_CASE_COMPLETED]
Hello from FreeRTOS fuzz demo!
[TEST_CASE_COMPLETED]
Hello from FreeRTOS fuzz demo!
[TEST_CASE_COMPLETED]
Hello from FreeRTOS fuzz demo!
[TEST_CASE_COMPLETED]
Hello from FreeRTOS fuzz demo!
[TEST_CASE_COMPLETED]
Hello from FreeRTOS fuzz demo!
[TEST_CASE_COMPLETED]
Hello from FreeRTOS fuzz demo!
[TEST_CASE_COMPLETED]
Hello from FreeRTOS fuzz demo!
[TEST_CASE_COMPLETED]
Hello from FreeRTOS fuzz demo!
[TEST_CASE_COMPLETED]
Hello from FreeRTOS fuzz demo!
[TEST_CASE_COMPLETED]
Hello from FreeRTOS fuzz demo!
[TEST_CASE_COMPLETED]
Hello from FreeRTOS fuzz demo!
[TEST_CASE_COMPLETED]
Hello from FreeRTOS fuzz demo!
[TEST_CASE_COMPLETED]
Hello from FreeRTOS fuzz demo!
[TEST_CASE_COMPLETED]
Hello from FreeRTOS fuzz demo!
[TEST_CASE_COMPLETED]
Hello from FreeRTOS fuzz demo!
[TEST_CASE_COMPLETED]
Hello from FreeRTOS fuzz demo!
[TEST_CASE_COMPLETED]
Hello from FreeRTOS fuzz demo!
[TEST_CASE_COMPLETED]
Hello from FreeRTOS fuzz demo!
[TEST_CASE_COMPLETED]
Hello from FreeRTOS fuzz demo!
[TEST_CASE_COMPLETED]
Hello from FreeRTOS fuzz demo!
[TEST_CASE_COMPLETED]
Hello from FreeRTOS fuzz demo!
[TEST_CASE_COMPLETED]
Hello from FreeRTOS fuzz demo!
[TEST_CASE_COMPLETED]
Hello from FreeRTOS fuzz demo!
[TEST_CASE_COMPLETED]
Hello from FreeRTOS fuzz demo!
[TEST_CASE_COMPLETED]
Hello from FreeRTOS fuzz demo!
[TEST_CASE_COMPLETED]
Hello from FreeRTOS fuzz demo!
[TEST_CASE_COMPLETED]
Hello from FreeRTOS fuzz demo!
[TEST_CASE_COMPLETED]
Hello from FreeRTOS fuzz demo!
[TEST_CASE_COMPLETED]
Hello from FreeRTOS fuzz demo!
[TEST_CASE_COMPLETED]
Hello from FreeRTOS fuzz demo!
[TEST_CASE_COMPLETED]
Hello from FreeRTOS fuzz demo!
[TEST_CASE_COMPLETED]
Hello from FreeRTOS fuzz demo!
[TEST_CASE_COMPLETED]
Hello from FreeRTOS fuzz demo!
[TEST_CASE_COMPLETED]
Hello from FreeRTOS fuzz demo!
[TEST_CASE_COMPLETED]
Hello from FreeRTOS fuzz demo!
[TEST_CASE_COMPLETED]
Hello from FreeRTOS fuzz demo!
[TEST_CASE_COMPLETED]
Hello from FreeRTOS fuzz demo!
[TEST_CASE_COMPLETED]
Hello from FreeRTOS fuzz demo!
[TEST_CASE_COMPLETED]
Hello from FreeRTOS fuzz demo!
[TEST_CASE_COMPLETED]
Hello from FreeRTOS fuzz demo!
[TEST_CASE_COMPLETED]
Hello from FreeRTOS fuzz demo!
[TEST_CASE_COMPLETED]
Hello from FreeRTOS fuzz demo!
[TEST_CASE_COMPLETED]
Hello from FreeRTOS fuzz demo!
[TEST_CASE_COMPLETED]
Hello from FreeRTOS fuzz demo!
[TEST_CASE_COMPLETED]
Hello from FreeRTOS fuzz demo!
[TEST_CASE_COMPLETED]
Hello from FreeRTOS fuzz demo!
[TEST_CASE_COMPLETED]
Hello from FreeRTOS fuzz demo!
[TEST_CASE_COMPLETED]
Hello from FreeRTOS fuzz demo!
[TEST_CASE_COMPLETED]
Hello from FreeRTOS fuzz demo!
[TEST_CASE_COMPLETED]
Hello from FreeRTOS fuzz demo!
[TEST_CASE_COMPLETED]
Hello from FreeRTOS fuzz demo!
[TEST_CASE_COMPLETED]
Hello from FreeRTOS fuzz demo!
[TEST_CASE_COMPLETED]
Hello from FreeRTOS fuzz demo!
[TEST_CASE_COMPLETED]
Hello from FreeRTOS fuzz demo!
[TEST_CASE_COMPLETED]
Hello from FreeRTOS fuzz demo!
[TEST_CASE_COMPLETED]
Hello from FreeRTOS fuzz demo!
[TEST_CASE_COMPLETED]
Hello from FreeRTOS fuzz demo!
[TEST_CASE_COMPLETED]
Hello from FreeRTOS fuzz demo!
[TEST_CASE_COMPLETED]
Hello from FreeRTOS fuzz demo!
[TEST_CASE_COMPLETED]
Hello from FreeRTOS fuzz demo!
[TEST_CASE_COMPLETED]
Hello from FreeRTOS fuzz demo!
[TEST_CASE_COMPLETED]
Hello from FreeRTOS fuzz demo!
[TEST_CASE_COMPLETED]
Hello from FreeRTOS fuzz demo!
[TEST_CASE_COMPLETED]
Hello from FreeRTOS fuzz demo!
[TEST_CASE_COMPLETED]
Hello from FreeRTOS fuzz demo!
[TEST_CASE_COMPLETED]
Hello from FreeRTOS fuzz demo!
[TEST_CASE_COMPLETED]
Hello from FreeRTOS fuzz demo!
[TEST_CASE_COMPLETED]
Hello from FreeRTOS fuzz demo!
[TEST_CASE_COMPLETED]
Hello from FreeRTOS fuzz demo!
[TEST_CASE_COMPLETED]
Hello from FreeRTOS fuzz demo!
[TEST_CASE_COMPLETED]
Hello from FreeRTOS fuzz demo!
[TEST_CASE_COMPLETED]
Hello from FreeRTOS fuzz demo!
[TEST_CASE_COMPLETED]
Hello from FreeRTOS fuzz demo!
[TEST_CASE_COMPLETED]
Hello from FreeRTOS fuzz demo!
[TEST_CASE_COMPLETED]
Hello from FreeRTOS fuzz demo!
[TEST_CASE_COMPLETED]
Hello from FreeRTOS fuzz demo!
[TEST_CASE_COMPLETED]
Hello from FreeRTOS fuzz demo!
[TEST_CASE_COMPLETED]
Hello from FreeRTOS fuzz demo!
[TEST_CASE_COMPLETED]
Hello from FreeRTOS fuzz demo!
[TEST_CASE_COMPLETED]
Hello from FreeRTOS fuzz demo!
[TEST_CASE_COMPLETED]
Hello from FreeRTOS fuzz demo!
[TEST_CASE_COMPLETED]
Hello from FreeRTOS fuzz demo!
[TEST_CASE_COMPLETED]
Hello from FreeRTOS fuzz demo!
[TEST_CASE_COMPLETED]
Hello from FreeRTOS fuzz demo!
[TEST_CASE_COMPLETED]
[UserStats   #1]  (GLOBAL) run time: 2s, clients: 1, corpus: 98, objectives: 0, executions: 3534, exec/sec: 1.685k, edges: 100.000%, stability: 100.000%
                  (CLIENT) corpus: 98, objectives: 0, executions: 3534, exec/sec: 1.685k, edges: 457/457 (100%), stability: 374/374 (100%)
Hello from FreeRTOS fuzz demo!
[TEST_CASE_COMPLETED]
[Testcase    #1]  (GLOBAL) run time: 2s, clients: 1, corpus: 99, objectives: 0, executions: 3534, exec/sec: 1.685k, edges: 100.000%, stability: 100.000%
                  (CLIENT) corpus: 99, objectives: 0, executions: 3534, exec/sec: 1.685k, edges: 457/457 (100%), stability: 374/374 (100%)
Hello from FreeRTOS fuzz demo!
[TEST_CASE_COMPLETED]
Hello from FreeRTOS fuzz demo!
[TEST_CASE_COMPLETED]
Hello from FreeRTOS fuzz demo!
[TEST_CASE_COMPLETED]
Hello from FreeRTOS fuzz demo!
[TEST_CASE_COMPLETED]
Hello from FreeRTOS fuzz demo!
[TEST_CASE_COMPLETED]
Hello from FreeRTOS fuzz demo!
[TEST_CASE_COMPLETED]
Hello from FreeRTOS fuzz demo!
[TEST_CASE_COMPLETED]
Hello from FreeRTOS fuzz demo!
[TEST_CASE_COMPLETED]
Hello from FreeRTOS fuzz demo!
[TEST_CASE_COMPLETED]
Hello from FreeRTOS fuzz demo!
[TEST_CASE_COMPLETED]
Hello from FreeRTOS fuzz demo!
[TEST_CASE_COMPLETED]
Hello from FreeRTOS fuzz demo!
[TEST_CASE_COMPLETED]
Hello from FreeRTOS fuzz demo!
[TEST_CASE_COMPLETED]
Hello from FreeRTOS fuzz demo!
[TEST_CASE_COMPLETED]
Hello from FreeRTOS fuzz demo!
[TEST_CASE_COMPLETED]
Hello from FreeRTOS fuzz demo!
[TEST_CASE_COMPLETED]
Hello from FreeRTOS fuzz demo!
[TEST_CASE_COMPLETED]
Hello from FreeRTOS fuzz demo!
[TEST_CASE_COMPLETED]
Hello from FreeRTOS fuzz demo!
[TEST_CASE_COMPLETED]
Hello from FreeRTOS fuzz demo!
[TEST_CASE_COMPLETED]
Hello from FreeRTOS fuzz demo!
[TEST_CASE_COMPLETED]
Hello from FreeRTOS fuzz demo!
[TEST_CASE_COMPLETED]
Hello from FreeRTOS fuzz demo!
[TEST_CASE_COMPLETED]
Hello from FreeRTOS fuzz demo!
[TEST_CASE_COMPLETED]
Hello from FreeRTOS fuzz demo!
[TEST_CASE_COMPLETED]
Hello from FreeRTOS fuzz demo!
[TEST_CASE_COMPLETED]
Hello from FreeRTOS fuzz demo!
[TEST_CASE_COMPLETED]
Hello from FreeRTOS fuzz demo!
[TEST_CASE_COMPLETED]
Hello from FreeRTOS fuzz demo!
[TEST_CASE_COMPLETED]
Hello from FreeRTOS fuzz demo!
[TEST_CASE_COMPLETED]
Hello from FreeRTOS fuzz demo!
[TEST_CASE_COMPLETED]
Hello from FreeRTOS fuzz demo!
[TEST_CASE_COMPLETED]
Hello from FreeRTOS fuzz demo!
[TEST_CASE_COMPLETED]
Hello from FreeRTOS fuzz demo!
[TEST_CASE_COMPLETED]
Hello from FreeRTOS fuzz demo!
[TEST_CASE_COMPLETED]
Hello from FreeRTOS fuzz demo!
[TEST_CASE_COMPLETED]
Hello [UserStats   #1]  (GLOBAL) run time: 2s, clients: 1, corpus: 99, objectives: 0, executions: 3571, exec/sec: 1.686k, edges: 100.000%, stability: 100.000%
from                  (CLIENT) corpus: 99, objectives: 0, executions: 3571, exec/sec: 1.686k, edges: 458/458 (100%), stability: 374/374 (100%)
 FreeRTOS fuzz demo!
[TEST_CASE_COMP[Testcase    #1]  (GLOBAL) run time: 2s, clients: 1, corpus: 100, objectives: 0, executions: 3571, exec/sec: 1.686k, edges: 100.000%, stability: 100.000%
LET                  (CLIENT) corpus: 100, objectives: 0, executions: 3571, exec/sec: 1.686k, edges: 458/458 (100%), stability: 374/374 (100%)
ED]
Hello from FreeRTOS fuzz demo!
[TEST_CASE_COMPLETED]
Hello from FreeRTOS fuzz demo!
[TEST_CASE_COMPLETED]
Hello from FreeRTOS fuzz demo!
[TEST_CASE_COMPLETED]
Hello from FreeRTOS fuzz demo!
[TEST_CASE_COMPLETED]
Hello from FreeRTOS fuzz demo!
[TEST_CASE_COMPLETED]
Hello from FreeRTOS fuzz demo!
[TEST_CASE_COMPLETED]
Hello from FreeRTOS fuzz demo!
[TEST_CASE_COMPLETED]
Hello from FreeRTOS fuzz demo!
[TEST_CASE_COMPLETED]
Hello from FreeRTOS fuzz demo!
[TEST_CASE_COMPLETED]
Hello from FreeRTOS fuzz demo!
[TEST_CASE_COMPLETED]
Hello from FreeRTOS fuzz demo!
[TEST_CASE_COMPLETED]
Hello from FreeRTOS fuzz demo!
[TEST_CASE_COMPLETED]
Hello from FreeRTOS fuzz demo!
[TEST_CASE_COMPLETED]
Hello from FreeRTOS fuzz demo!
[TEST_CASE_COMPLETED]
Hello from FreeRTOS fuzz demo!
[TEST_CASE_COMPLETED]
Hello from FreeRTOS fuzz demo!
[TEST_CASE_COMPLETED]
Hello from FreeRTOS fuzz demo!
[TEST_CASE_COMPLETED]
Hello from FreeRTOS fuzz demo!
[TEST_CASE_COMPLETED]
Hello from FreeRTOS fuzz demo!
[TEST_CASE_COMPLETED]
Hello from FreeRTOS fuzz demo!
[TEST_CASE_COMPLETED]
Hello from FreeRTOS fuzz demo!
[TEST_CASE_COMPLETED]
Hello from FreeRTOS fuzz demo!
[TEST_CASE_COMPLETED]
Hello from FreeRTOS fuzz demo!
[TEST_CASE_COMPLETED]
Hello from FreeRTOS fuzz demo!
[TEST_CASE_COMPLETED]
Hello from FreeRTOS fuzz demo!
[TEST_CASE_COMPLETED]
Hello from FreeRTOS fuzz demo!
[TEST_CASE_COMPLETED]
Hello from FreeRTOS fuzz demo!
[TEST_CASE_COMPLETED]
Hello from FreeRTOS fuzz demo!
[TEST_CASE_COMPLETED]
Hello from FreeRTOS fuzz demo!
[TEST_CASE_COMPLETED]
Hello from FreeRTOS fuzz demo!
[TEST_CASE_COMPLETED]
Hello from FreeRTOS fuzz demo!
[TEST_CASE_COMPLETED]
Hello from FreeRTOS fuzz demo!
[TEST_CASE_COMPLETED]
Hello from FreeRTOS fuzz demo!
[TEST_CASE_COMPLETED]
Hello from FreeRTOS fuzz demo!
[TEST_CASE_COMPLETED]
Hello from FreeRTOS fuzz demo!
[TEST_CASE_COMPLETED]
Hello from FreeRTOS fuzz demo!
[TEST_CASE_COMPLETED]
Hello from FreeRTOS fuzz demo!
[TEST_CASE_COMPLETED]
Hello from FreeRTOS fuzz demo!
[TEST_CASE_COMPLETED]
Hello from FreeRTOS fuzz demo!
[TEST_CASE_COMPLETED]
Hello from FreeRTOS fuzz demo!
[TEST_CASE_COMPLETED]
Hello from FreeRTOS fuzz demo!
[TEST_CASE_COMPLETED]
Hello from FreeRTOS fuzz demo!
[TEST_CASE_COMPLETED]
Hello from FreeRTOS fuzz demo!
[TEST_CASE_COMPLETED]
Hello from FreeRTOS fuzz demo!
[TEST_CASE_COMPLETED]
Hello from FreeRTOS fuzz demo!
[TEST_CASE_COMPLETED]
Hello from FreeRTOS fuzz demo!
[TEST_CASE_COMPLETED]
Hello from FreeRTOS fuzz demo!
[TEST_CASE_COMPLETED]
Hello from FreeRTOS fuzz demo!
[TEST_CASE_COMPLETED]
Hello from FreeRTOS fuzz demo!
[TEST_CASE_COMPLETED]
Hello from FreeRTOS fuzz demo!
[TEST_CASE_COMPLETED]
Hello from FreeRTOS fuzz demo!
[TEST_CASE_COMPLETED]
Hello from FreeRTOS fuzz demo!
[TEST_CASE_COMPLETED]
Hello from FreeRTOS fuzz demo!
[TEST_CASE_COMPLETED]
Hello from FreeRTOS fuzz demo!
[TEST_CASE_COMPLETED]
Hello from FreeRTOS fuzz demo!
[TEST_CASE_COMPLETED]
Hello from FreeRTOS fuzz demo!
[TEST_CASE_COMPLETED]
Hello from FreeRTOS fuzz demo!
[TEST_CASE_COMPLETED]
Hello from FreeRTOS fuzz demo!
[TEST_CASE_COMPLETED]
Hello from FreeRTOS fuzz demo!
[TEST_CASE_COMPLETED]
Hello from FreeRTOS fuzz demo!
[TEST_CASE_COMPLETED]
Hello from FreeRTOS fuzz demo!
[TEST_CASE_COMPLETED]
Hello from FreeRTOS fuzz demo!
[TEST_CASE_COMPLETED]
Hello from FreeRTOS fuzz demo!
[TEST_CASE_COMPLETED]
Hello from FreeRTOS fuzz demo!
[TEST_CASE_COMPLETED]
Hello from FreeRTOS fuzz demo!
[TEST_CASE_COMPLETED]
Hello from FreeRTOS fuzz demo!
[TEST_CASE_COMPLETED]
Hello from FreeRTOS fuzz demo!
[TEST_CASE_COMPLETED]
Hello from FreeRTOS fuzz demo!
[TEST_CASE_COMPLETED]
Hello from FreeRTOS fuzz demo!
[TEST_CASE_COMPLETED]
Hello from FreeRTOS fuzz demo!
[TEST_CASE_COMPLETED]
Hello from FreeRTOS fuzz demo!
[TEST_CASE_COMPLETED]
Hello from FreeRTOS fuzz demo!
[TEST_CASE_COMPLETED]
Hello from FreeRTOS fuzz demo!
[TEST_CASE_COMPLETED]
Hello from FreeRTOS fuzz demo!
[TEST_CASE_COMPLETED]
Hello from FreeRTOS fuzz demo!
[TEST_CASE_COMPLETED]
Hello from FreeRTOS fuzz demo!
[TEST_CASE_COMPLETED]
Hello from FreeRTOS fuzz demo!
[TEST_CASE_COMPLETED]
Hello from FreeRTOS fuzz demo!
[TEST_CASE_COMPLETED]
Hello from FreeRTOS fuzz demo!
[TEST_CASE_COMPLETED]
Hello from FreeRTOS fuzz demo!
[TEST_CASE_COMPLETED]
Hello from FreeRTOS fuzz demo!
[TEST_CASE_COMPLETED]
Hello from FreeRTOS fuzz demo!
[TEST_CASE_COMPLETED]
Hello from FreeRTOS fuzz demo!
[TEST_CASE_COMPLETED]
Hello from FreeRTOS fuzz demo!
[TEST_CASE_COMPLETED]
Hello from FreeRTOS fuzz demo!
[TEST_CASE_COMPLETED]
Hello from FreeRTOS fuzz demo!
[TEST_CASE_COMPLETED]
Hello from FreeRTOS fuzz demo!
[TEST_CASE_COMPLETED]
Hello from FreeRTOS fuzz demo!
[TEST_CASE_COMPLETED]
Hello from FreeRTOS fuzz demo!
[TEST_CASE_COMPLETED]
Hello from FreeRTOS fuzz demo!
[TEST_CASE_COMPLETED]
Hello from FreeRTOS fuzz demo!
[TEST_CASE_COMPLETED]
Hello from FreeRTOS fuzz demo!
[TEST_CASE_COMPLETED]
Hello from FreeRTOS fuzz demo!
[TEST_CASE_COMPLETED]
Hello from FreeRTOS fuzz demo!
[TEST_CASE_COMPLETED]
Hello from FreeRTOS fuzz demo!
[TEST_CASE_COMPLETED]
Hello from FreeRTOS fuzz demo!
[TEST_CASE_COMPLETED]
Hello from FreeRTOS fuzz demo!
[TEST_CASE_COMPLETED]
Hello from FreeRTOS fuzz demo!
[TEST_CASE_COMPLETED]
Hello from FreeRTOS fuzz demo!
[TEST_CASE_COMPLETED]
Hello from FreeRTOS fuzz demo!
[TEST_CASE_COMPLETED]
Hello from FreeRTOS fuzz demo!
[TEST_CASE_COMPLETED]
Hello from FreeRTOS fuzz demo!
[TEST_CASE_COMPLETED]
Hello from FreeRTOS fuzz demo!
[TEST_CASE_COMPLETED]
Hello from FreeRTOS fuzz demo!
[TEST_CASE_COMPLETED]
Hello from FreeRTOS fuzz demo!
[TEST_CASE_COMPLETED]
Hello from FreeRTOS fuzz demo!
[TEST_CASE_COMPLETED]
Hello from FreeRTOS fuzz demo!
[TEST_CASE_COMPLETED]
Hello from FreeRTOS fuzz demo!
[TEST_CASE_COMPLETED]
Hello from FreeRTOS fuzz demo!
[TEST_CASE_COMPLETED]
Hello from FreeRTOS fuzz demo!
[TEST_CASE_COMPLETED]
Hello from FreeRTOS fuzz demo!
[TEST_CASE_COMPLETED]
Hello from FreeRTOS fuzz demo!
[TEST_CASE_COMPLETED]
Hello from FreeRTOS fuzz demo!
[TEST_CASE_COMPLETED]
Hello from FreeRTOS fuzz demo!
[TEST_CASE_COMPLETED]
Hello from FreeRTOS fuzz demo!
[TEST_CASE_COMPLETED]
Hello from FreeRTOS fuzz demo!
[TEST_CASE_COMPLETED]
Hello from FreeRTOS fuzz demo!
[TEST_CASE_COMPLETED]
Hello from FreeRTOS fuzz demo!
[TEST_CASE_COMPLETED]
Hello from FreeRTOS fuzz demo!
[TEST_CASE_COMPLETED]
Hello from FreeRTOS fuzz demo!
[TEST_CASE_COMPLETED]
Hello from FreeRTOS fuzz demo!
[TEST_CASE_COMPLETED]
Hello from FreeRTOS fuzz demo!
[TEST_CASE_COMPLETED]
Hello from FreeRTOS fuzz demo!
[TEST_CASE_COMPLETED]
Hello from FreeRTOS fuzz demo!
[TEST_CASE_COMPLETED]
Hello from FreeRTOS fuzz demo!
[TEST_CASE_COMPLETED]
Hello from FreeRTOS fuzz demo!
[TEST_CASE_COMPLETED]
Hello from FreeRTOS fuzz demo!
[TEST_CASE_COMPLETED]
Hello from FreeRTOS fuzz demo!
[TEST_CASE_COMPLETED]
Hello from FreeRTOS fuzz demo!
[TEST_CASE_COMPLETED]
Hello from FreeRTOS fuzz demo!
[TEST_CASE_COMPLETED]
Hello from FreeRTOS fuzz demo!
[TEST_CASE_COMPLETED]
Hello from FreeRTOS fuzz demo!
[TEST_CASE_COMPLETED]
Hello from FreeRTOS fuzz demo!
[TEST_CASE_COMPLETED]
Hello from FreeRTOS fuzz demo!
[TEST_CASE_COMPLETED]
Hello from FreeRTOS fuzz demo!
[TEST_CASE_COMPLETED]
Hello from FreeRTOS fuzz demo!
[TEST_CASE_COMPLETED]
[UserStats   #1]  (GLOBAL) run time: 2s, clients: 1, corpus: 100, objectives: 0, executions: 3707, exec/sec: 1.689k, edges: 100.000%, stability: 100.000%
                  (CLIENT) corpus: 100, objectives: 0, executions: 3707, exec/sec: 1.689k, edges: 459/459 (100%), stability: 374/374 (100%)
Hello from FreeRTOS fuzz demo!
[Testcase    #1]  (GLOBAL) run time: 2s, clients: 1, corpus: 101, objectives: 0, executions: 3707, exec/sec: 1.689k, edges: 100.000%, stability: 100.000%
                  (CLIENT) corpus: 101, objectives: 0, executions: 3707, exec/sec: 1.689k, edges: 459/459 (100%), stability: 374/374 (100%)
[TEST_CASE_COMPLETED]
Hello from FreeRTOS fuzz demo!
[TEST_CASE_COMPLETED]
Hello from FreeRTOS fuzz demo!
[TEST_CASE_COMPLETED]
Hello from FreeRTOS fuzz demo!
[TEST_CASE_COMPLETED]
Hello from FreeRTOS fuzz demo!
[TEST_CASE_COMPLETED]
Hello from FreeRTOS fuzz demo!
[TEST_CASE_COMPLETED]
Hello from FreeRTOS fuzz demo!
[TEST_CASE_COMPLETED]
Hello from FreeRTOS fuzz demo!
[TEST_CASE_COMPLETED]
Hello from FreeRTOS fuzz demo!
[TEST_CASE_COMPLETED]
Hello from FreeRTOS fuzz demo!
[TEST_CASE_COMPLETED]
Hello from FreeRTOS fuzz demo!
[TEST_CASE_COMPLETED]
Hello from FreeRTOS fuzz demo!
[TEST_CASE_COMPLETED]
Hello from FreeRTOS fuzz demo!
[TEST_CASE_COMPLETED]
Hello from FreeRTOS fuzz demo!
[TEST_CASE_COMPLETED]
Hello from FreeRTOS fuzz demo!
[TEST_CASE_COMPLETED]
Hello from FreeRTOS fuzz demo!
[TEST_CASE_COMPLETED]
Hello from FreeRTOS fuzz demo!
[TEST_CASE_COMPLETED]
Hello from FreeRTOS fuzz demo!
[TEST_CASE_COMPLETED]
Hello from FreeRTOS fuzz demo!
[TEST_CASE_COMPLETED]
Hello from FreeRTOS fuzz demo!
[TEST_CASE_COMPLETED]
Hello from FreeRTOS fuzz demo!
[TEST_CASE_COMPLETED]
Hello from FreeRTOS fuzz demo!
[TEST_CASE_COMPLETED]
Hello from FreeRTOS fuzz demo!
[TEST_CASE_COMPLETED]
Hello from FreeRTOS fuzz demo!
[TEST_CASE_COMPLETED]
Hello from FreeRTOS fuzz demo!
[TEST_CASE_COMPLETED]
Hello from FreeRTOS fuzz demo!
[TEST_CASE_COMPLETED]
Hello from FreeRTOS fuzz demo!
[TEST_CASE_COMPLETED]
Hello from FreeRTOS fuzz demo!
[TEST_CASE_COMPLETED]
Hello from FreeRTOS fuzz demo!
[TEST_CASE_COMPLETED]
Hello from FreeRTOS fuzz demo!
[TEST_CASE_COMPLETED]
Hello from FreeRTOS fuzz demo!
[TEST_CASE_COMPLETED]
Hello from FreeRTOS fuzz demo!
[TEST_CASE_COMPLETED]
Hello from FreeRTOS fuzz demo!
[TEST_CASE_COMPLETED]
Hello from FreeRTOS fuzz demo!
[TEST_CASE_COMPLETED]
Hello from FreeRTOS fuzz demo!
[TEST_CASE_COMPLETED]
Hello from FreeRTOS fuzz demo!
[TEST_CASE_COMPLETED]
Hello from FreeRTOS fuzz demo!
[TEST_CASE_COMPLETED]
Hello from FreeRTOS fuzz demo!
[TEST_CASE_COMPLETED]
Hello from FreeRTOS fuzz demo!
[TEST_CASE_COMPLETED]
Hello from FreeRTOS fuzz demo!
[TEST_CASE_COMPLETED]
Hello from FreeRTOS fuzz demo!
[TEST_CASE_COMPLETED]
Hello from FreeRTOS fuzz demo!
[TEST_CASE_COMPLETED]
Hello from FreeRTOS fuzz demo!
[TEST_CASE_COMPLETED]
Hello from FreeRTOS fuzz demo!
[TEST_CASE_COMPLETED]
Hello from FreeRTOS fuzz demo!
[TEST_CASE_COMPLETED]
Hello from FreeRTOS fuzz demo!
[TEST_CASE_COMPLETED]
Hello from FreeRTOS fuzz demo!
[TEST_CASE_COMPLETED]
Hello from FreeRTOS fuzz demo!
[TEST_CASE_COMPLETED]
Hello from FreeRTOS fuzz demo!
[TEST_CASE_COMPLETED]
Hello from FreeRTOS fuzz demo!
[TEST_CASE_COMPLETED]
Hello from FreeRTOS fuzz demo!
[TEST_CASE_COMPLETED]
Hello from FreeRTOS fuzz demo!
[TEST_CASE_COMPLETED]
Hello from FreeRTOS fuzz demo!
[TEST_CASE_COMPLETED]
Hello from FreeRTOS fuzz demo!
[TEST_CASE_COMPLETED]
Hello from FreeRTOS fuzz demo!
[TEST_CASE_COMPLETED]
Hello from FreeRTOS fuzz demo!
[UserStats   #1]  (GLOBAL) run time: 2s, clients: 1, corpus: 101, objectives: 0, executions: 3767, exec/sec: 1.692k, edges: 100.000%, stability: 100.000%
                  (CLIENT) corpus: 101, objectives: 0, executions: 3767, exec/sec: 1.692k, edges: 460/460 (100%), stability: 374/374 (100%)
[TEST_CASE_COMPLETED]
[Testcase    #1]  (GLOBAL) run time: 2s, clients: 1, corpus: 102, objectives: 0, executions: 3767, exec/sec: 1.692k, edges: 100.000%, stability: 100.000%
                  (CLIENT) corpus: 102, objectives: 0, executions: 3767, exec/sec: 1.692k, edges: 460/460 (100%), stability: 374/374 (100%)
Hello from FreeRTOS fuzz demo!
[TEST_CASE_COMPLETED]
Hello from FreeRTOS fuzz demo!
[TEST_CASE_COMPLETED]
Hello from FreeRTOS fuzz demo!
[TEST_CASE_COMPLETED]
Hello from FreeRTOS fuzz demo!
[TEST_CASE_COMPLETED]
Hello from FreeRTOS fuzz demo!
[TEST_CASE_COMPLETED]
Hello from FreeRTOS fuzz demo!
[TEST_CASE_COMPLETED]
Hello from FreeRTOS fuzz demo!
[TEST_CASE_COMPLETED]
Hello from FreeRTOS fuzz demo!
[TEST_CASE_COMPLETED]
Hello from FreeRTOS fuzz demo!
[TEST_CASE_COMPLETED]
Hello from FreeRTOS fuzz demo!
[TEST_CASE_COMPLETED]
Hello from FreeRTOS fuzz demo!
[TEST_CASE_COMPLETED]
Hello from FreeRTOS fuzz demo!
[TEST_CASE_COMPLETED]
Hello from FreeRTOS fuzz demo!
[TEST_CASE_COMPLETED]
Hello from FreeRTOS fuzz demo!
[TEST_CASE_COMPLETED]
Hello from FreeRTOS fuzz demo!
[TEST_CASE_COMPLETED]
Hello from FreeRTOS fuzz demo!
[TEST_CASE_COMPLETED]
Hello from FreeRTOS fuzz demo!
[TEST_CASE_COMPLETED]
Hello from FreeRTOS fuzz demo!
[TEST_CASE_COMPLETED]
Hello from FreeRTOS fuzz demo!
[TEST_CASE_COMPLETED]
Hello from FreeRTOS fuzz demo!
[TEST_CASE_COMPLETED]
Hello from FreeRTOS fuzz demo!
[TEST_CASE_COMPLETED]
Hello from FreeRTOS fuzz demo!
[TEST_CASE_COMPLETED]
Hello from FreeRTOS fuzz demo!
[TEST_CASE_COMPLETED]
Hello from FreeRTOS fuzz demo!
[TEST_CASE_COMPLETED]
Hello from FreeRTOS fuzz demo!
[TEST_CASE_COMPLETED]
Hello from FreeRTOS fuzz demo!
[TEST_CASE_COMPLETED]
Hello from FreeRTOS fuzz demo!
[TEST_CASE_COMPLETED]
Hello from FreeRTOS fuzz demo!
[TEST_CASE_COMPLETED]
Hello from FreeRTOS fuzz demo!
[TEST_CASE_COMPLETED]
Hello from FreeRTOS fuzz demo!
[TEST_CASE_COMPLETED]
Hello from FreeRTOS fuzz demo!
[TEST_CASE_COMPLETED]
Hello from FreeRTOS fuzz demo!
[TEST_CASE_COMPLETED]
Hello from FreeRTOS fuzz demo!
[TEST_CASE_COMPLETED]
Hello from FreeRTOS fuzz demo!
[TEST_CASE_COMPLETED]
Hello from FreeRTOS fuzz demo!
[TEST_CASE_COMPLETED]
Hello from FreeRTOS fuzz demo!
[TEST_CASE_COMPLETED]
Hello from FreeRTOS fuzz demo!
[TEST_CASE_COMPLETED]
Hello from FreeRTOS fuzz demo!
[TEST_CASE_COMPLETED]
Hello from FreeRTOS fuzz demo!
[TEST_CASE_COMPLETED]
Hello from FreeRTOS fuzz demo!
[TEST_CASE_COMPLETED]
Hello from FreeRTOS fuzz demo!
[TEST_CASE_COMPLETED]
Hello from FreeRTOS fuzz demo!
[TEST_CASE_COMPLETED]
Hello from FreeRTOS fuzz demo!
[TEST_CASE_COMPLETED]
Hello from FreeRTOS fuzz demo!
[TEST_CASE_COMPLETED]
Hello from FreeRTOS fuzz demo!
[TEST_CASE_COMPLETED]
Hello from FreeRTOS fuzz demo!
[TEST_CASE_COMPLETED]
Hello from FreeRTOS fuzz demo!
[TEST_CASE_COMPLETED]
Hello from FreeRTOS fuzz demo!
[TEST_CASE_COMPLETED]
Hello from FreeRTOS fuzz demo!
[TEST_CASE_COMPLETED]
Hello from FreeRTOS fuzz demo!
[TEST_CASE_COMPLETED]
Hello from FreeRTOS fuzz demo!
[TEST_CASE_COMPLETED]
Hello from FreeRTOS fuzz demo!
[TEST_CASE_COMPLETED]
Hello from FreeRTOS fuzz demo!
[TEST_CASE_COMPLETED]
Hello from FreeRTOS fuzz demo!
[TEST_CASE_COMPLETED]
Hello from FreeRTOS fuzz demo!
[TEST_CASE_COMPLETED]
Hello from FreeRTOS fuzz demo!
[TEST_CASE_COMPLETED]
Hello from FreeRTOS fuzz demo!
[TEST_CASE_COMPLETED]
Hello from FreeRTOS fuzz demo!
[TEST_CASE_COMPLETED]
Hello from FreeRTOS fuzz demo!
[TEST_CASE_COMPLETED]
Hello from FreeRTOS fuzz demo!
[TEST_CASE_COMPLETED]
Hello from FreeRTOS fuzz demo!
[TEST_CASE_COMPLETED]
Hello from FreeRTOS fuzz demo!
[TEST_CASE_COMPLETED]
Hello from FreeRTOS fuzz demo!
[TEST_CASE_COMPLETED]
Hello from FreeRTOS fuzz demo!
[TEST_CASE_COMPLETED]
Hello from FreeRTOS fuzz demo!
[TEST_CASE_COMPLETED]
Hello from FreeRTOS fuzz demo!
[TEST_CASE_COMPLETED]
Hello from FreeRTOS fuzz demo!
[TEST_CASE_COMPLETED]
Hello from FreeRTOS fuzz demo!
[TEST_CASE_COMPLETED]
Hello from FreeRTOS fuzz demo!
[TEST_CASE_COMPLETED]
Hello from FreeRTOS fuzz demo!
[TEST_CASE_COMPLETED]
Hello from FreeRTOS fuzz demo!
[TEST_CASE_COMPLETED]
Hello from FreeRTOS fuzz demo!
[TEST_CASE_COMPLETED]
Hello from FreeRTOS fuzz demo!
[TEST_CASE_COMPLETED]
Hello from FreeRTOS fuzz demo!
[TEST_CASE_COMPLETED]
Hello from FreeRTOS fuzz demo!
[TEST_CASE_COMPLETED]
Hello from FreeRTOS fuzz demo!
[TEST_CASE_COMPLETED]
Hello from FreeRTOS fuzz demo!
[TEST_CASE_COMPLETED]
Hello from FreeRTOS fuzz demo!
[TEST_CASE_COMPLETED]
Hello from FreeRTOS fuzz demo!
[TEST_CASE_COMPLETED]
Hello from FreeRTOS fuzz demo!
[TEST_CASE_COMPLETED]
Hello from FreeRTOS fuzz demo!
[TEST_CASE_COMPLETED]
Hello from FreeRTOS fuzz demo!
[TEST_CASE_COMPLETED]
Hello from FreeRTOS fuzz demo!
[TEST_CASE_COMPLETED]
Hello from FreeRTOS fuzz demo!
[TEST_CASE_COMPLETED]
Hello from FreeRTOS fuzz demo!
[TEST_CASE_COMPLETED]
Hello from FreeRTOS fuzz demo!
[TEST_CASE_COMPLETED]
Hello from FreeRTOS fuzz demo!
[TEST_CASE_COMPLETED]
Hello from FreeRTOS fuzz demo!
[TEST_CASE_COMPLETED]
Hello from FreeRTOS fuzz demo!
[TEST_CASE_COMPLETED]
Hello from FreeRTOS fuzz demo!
[TEST_CASE_COMPLETED]
Hello from FreeRTOS fuzz demo!
[TEST_CASE_COMPLETED]
Hello from FreeRTOS fuzz demo!
[TEST_CASE_COMPLETED]
Hello from FreeRTOS fuzz demo!
[TEST_CASE_COMPLETED]
Hello from FreeRTOS fuzz demo!
[TEST_CASE_COMPLETED]
Hello from FreeRTOS fuzz demo!
[TEST_CASE_COMPLETED]
Hello from FreeRTOS fuzz demo!
[TEST_CASE_COMPLETED]
Hello from FreeRTOS fuzz demo!
[TEST_CASE_COMPLETED]
Hello from FreeRTOS fuzz demo!
[TEST_CASE_COMPLETED]
Hello from FreeRTOS fuzz demo!
[TEST_CASE_COMPLETED]
Hello from FreeRTOS fuzz demo!
[TEST_CASE_COMPLETED]
Hello from FreeRTOS fuzz demo!
[TEST_CASE_COMPLETED]
Hello from FreeRTOS fuzz demo!
[TEST_CASE_COMPLETED]
Hello from FreeRTOS fuzz demo!
[TEST_CASE_COMPLETED]
Hello from FreeRTOS fuzz demo!
[TEST_CASE_COMPLETED]
Hello from FreeRTOS fuzz demo!
[TEST_CASE_COMPLETED]
Hello from FreeRTOS fuzz demo!
[TEST_CASE_COMPLETED]
Hello from FreeRTOS fuzz demo!
[TEST_CASE_COMPLETED]
Hello from FreeRTOS fuzz demo!
[TEST_CASE_COMPLETED]
Hello from FreeRTOS fuzz demo!
[TEST_CASE_COMPLETED]
Hello from FreeRTOS fuzz demo!
[TEST_CASE_COMPLETED]
Hello from FreeRTOS fuzz demo!
[TEST_CASE_COMPLETED]
Hello from FreeRTOS fuzz demo!
[TEST_CASE_COMPLETED]
Hello from FreeRTOS fuzz demo!
[TEST_CASE_COMPLETED]
Hello from FreeRTOS fuzz demo!
[TEST_CASE_COMPLETED]
Hello from FreeRTOS fuzz demo!
[TEST_CASE_COMPLETED]
Hello from FreeRTOS fuzz demo!
[TEST_CASE_COMPLETED]
Hello from FreeRTOS fuzz demo!
[TEST_CASE_COMPLETED]
Hello from FreeRTOS fuzz demo!
[TEST_CASE_COMPLETED]
Hello from FreeRTOS fuzz demo!
[TEST_CASE_COMPLETED]
Hello from FreeRTOS fuzz demo!
[TEST_CASE_COMPLETED]
Hello from FreeRTOS fuzz demo!
[TEST_CASE_COMPLETED]
Hello from FreeRTOS fuzz demo!
[TEST_CASE_COMPLETED]
Hello from FreeRTOS fuzz demo!
[TEST_CASE_COMPLETED]
Hello from FreeRTOS fuzz demo!
[TEST_CASE_COMPLETED]
Hello from FreeRTOS fuzz demo!
[TEST_CASE_COMPLETED]
Hello from FreeRTOS fuzz demo!
[TEST_CASE_COMPLETED]
Hello from FreeRTOS fuzz demo!
[TEST_CASE_COMPLETED]
Hello from FreeRTOS fuzz demo!
[TEST_CASE_COMPLETED]
[UserStats   #1]  (GLOBAL) run time: 2s, clients: 1, corpus: 102, objectives: 0, executions: 3895, exec/sec: 1.695k, edges: 100.000%, stability: 100.000%
                  (CLIENT) corpus: 102, objectives: 0, executions: 3895, exec/sec: 1.695k, edges: 460/460 (100%), stability: 374/374 (100%)
Hello from FreeRTOS [Testcase    #1]  (GLOBAL) run time: 2s, clients: 1, corpus: 103, objectives: 0, executions: 3895, exec/sec: 1.695k, edges: 100.000%, stability: 100.000%
fuz                  (CLIENT) corpus: 103, objectives: 0, executions: 3895, exec/sec: 1.695k, edges: 460/460 (100%), stability: 374/374 (100%)
z demo!
[TEST_CASE_COMPLETED]
Hello from FreeRTOS fuzz demo!
[TEST_CASE_COMPLETED]
Hello from FreeRTOS fuzz demo!
[TEST_CASE_COMPLETED]
Hello from FreeRTOS fuzz demo!
[TEST_CASE_COMPLETED]
Hello from FreeRTOS fuzz demo!
[TEST_CASE_COMPLETED]
Hello from FreeRTOS fuzz demo!
[TEST_CASE_COMPLETED]
Hello from FreeRTOS fuzz demo!
[TEST_CASE_COMPLETED]
Hello from FreeRTOS fuzz demo!
[TEST_CASE_COMPLETED]
Hello from FreeRTOS fuzz demo!
[TEST_CASE_COMPLETED]
Hello from FreeRTOS fuzz demo!
[TEST_CASE_COMPLETED]
Hello from FreeRTOS fuzz demo!
[TEST_CASE_COMPLETED]
Hello from FreeRTOS fuzz demo!
[TEST_CASE_COMPLETED]
Hello from FreeRTOS fuzz demo!
[TEST_CASE_COMPLETED]
Hello from FreeRTOS fuzz demo!
[TEST_CASE_COMPLETED]
Hello from FreeRTOS fuzz demo!
[TEST_CASE_COMPLETED]
Hello from FreeRTOS fuzz demo!
[TEST_CASE_COMPLETED]
Hello from FreeRTOS fuzz demo!
[TEST_CASE_COMPLETED]
Hello from FreeRTOS fuzz demo!
[TEST_CASE_COMPLETED]
Hello from FreeRTOS fuzz demo!
[TEST_CASE_COMPLETED]
Hello from FreeRTOS fuzz demo!
[TEST_CASE_COMPLETED]
Hello from FreeRTOS fuzz demo!
[TEST_CASE_COMPLETED]
Hello from FreeRTOS fuzz demo!
[TEST_CASE_COMPLETED]
Hello from FreeRTOS fuzz demo!
[TEST_CASE_COMPLETED]
Hello from FreeRTOS fuzz demo!
[TEST_CASE_COMPLETED]
Hello from FreeRTOS fuzz demo!
[TEST_CASE_COMPLETED]
Hello from FreeRTOS fuzz demo!
[TEST_CASE_COMPLETED]
Hello from FreeRTOS fuzz demo!
[TEST_CASE_COMPLETED]
Hello from FreeRTOS fuzz demo!
[TEST_CASE_COMPLETED]
Hello from FreeRTOS fuzz demo!
[TEST_CASE_COMPLETED]
Hello from FreeRTOS fuzz demo!
[TEST_CASE_COMPLETED]
Hello from FreeRTOS fuzz demo!
[TEST_CASE_COMPLETED]
Hello from FreeRTOS fuzz demo!
[TEST_CASE_COMPLETED]
Hello from FreeRTOS fuzz demo!
[TEST_CASE_COMPLETED]
Hello from FreeRTOS fuzz demo!
[TEST_CASE_COMPLETED]
Hello from FreeRTOS fuzz demo!
[TEST_CASE_COMPLETED]
Hello from FreeRTOS fuzz demo!
[TEST_CASE_COMPLETED]
Hello from FreeRTOS fuzz demo!
[TEST_CASE_COMPLETED]
Hello from FreeRTOS fuzz demo!
[TEST_CASE_COMPLETED]
Hello from FreeRTOS fuzz demo!
[TEST_CASE_COMPLETED]
Hello from FreeRTOS fuzz demo!
[TEST_CASE_COMPLETED]
Hello from FreeRTOS fuzz demo!
[TEST_CASE_COMPLETED]
Hello from FreeRTOS fuzz demo!
[TEST_CASE_COMPLETED]
Hello from FreeRTOS fuzz demo!
[TEST_CASE_COMPLETED]
Hello from FreeRTOS fuzz demo!
[TEST_CASE_COMPLETED]
Hello from FreeRTOS fuzz demo!
[TEST_CASE_COMPLETED]
[UserStats   #1]  (GLOBAL) run time: 2s, clients: 1, corpus: 103, objectives: 0, executions: 3936, exec/sec: 1.694k, edges: 100.000%, stability: 100.000%
                  (CLIENT) corpus: 103, objectives: 0, executions: 3936, exec/sec: 1.694k, edges: 460/460 (100%), stability: 374/374 (100%)
Hello from FreeRTOS fuzz demo!
[Testcase    #1]  (GLOBAL) run time: 2s, clients: 1, corpus: 104, objectives: 0, executions: 3936, exec/sec: 1.694k, edges: 100.000%, stability: 100.000%
[TE                  (CLIENT) corpus: 104, objectives: 0, executions: 3936, exec/sec: 1.694k, edges: 460/460 (100%), stability: 374/374 (100%)
ST_CASE_COMPLETED]
Hello from FreeRTOS fuzz demo!
[TEST_CASE_COMPLETED]
Hello from FreeRTOS fuzz demo!
[TEST_CASE_COMPLETED]
Hello from FreeRTOS fuzz demo!
[TEST_CASE_COMPLETED]
Hello from FreeRTOS fuzz demo!
[TEST_CASE_COMPLETED]
Hello from FreeRTOS fuzz demo!
[TEST_CASE_COMPLETED]
Hello from FreeRTOS fuzz demo!
[TEST_CASE_COMPLETED]
Hello from FreeRTOS fuzz demo!
[TEST_CASE_COMPLETED]
Hello from FreeRTOS fuzz demo!
[TEST_CASE_COMPLETED]
Hello from FreeRTOS fuzz demo!
[TEST_CASE_COMPLETED]
Hello from FreeRTOS fuzz demo!
[TEST_CASE_COMPLETED]
Hello from FreeRTOS fuzz demo!
[TEST_CASE_COMPLETED]
Hello from FreeRTOS fuzz demo!
[TEST_CASE_COMPLETED]
Hello from FreeRTOS fuzz demo!
[TEST_CASE_COMPLETED]
Hello from FreeRTOS fuzz demo!
[TEST_CASE_COMPLETED]
Hello from FreeRTOS fuzz demo!
[TEST_CASE_COMPLETED]
Hello from FreeRTOS fuzz demo!
[TEST_CASE_COMPLETED]
Hello from FreeRTOS fuzz demo!
[TEST_CASE_COMPLETED]
Hello from FreeRTOS fuzz demo!
[TEST_CASE_COMPLETED]
Hello from FreeRTOS fuzz demo!
[TEST_CASE_COMPLETED]
Hello from FreeRTOS fuzz demo!
[TEST_CASE_COMPLETED]
Hello from FreeRTOS fuzz demo!
[TEST_CASE_COMPLETED]
Hello from FreeRTOS fuzz demo!
[TEST_CASE_COMPLETED]
Hello from FreeRTOS fuzz demo!
[TEST_CASE_COMPLETED]
Hello from FreeRTOS fuzz demo!
[TEST_CASE_COMPLETED]
Hello from FreeRTOS fuzz demo!
[TEST_CASE_COMPLETED]
Hello from FreeRTOS fuzz demo!
[TEST_CASE_COMPLETED]
Hello from FreeRTOS fuzz demo!
[TEST_CASE_COMPLETED]
Hello from FreeRTOS fuzz demo!
[TEST_CASE_COMPLETED]
Hello from FreeRTOS fuzz demo!
[TEST_CASE_COMPLETED]
Hello from FreeRTOS fuzz demo!
[TEST_CASE_COMPLETED]
Hello from FreeRTOS fuzz demo!
[TEST_CASE_COMPLETED]
Hello from FreeRTOS fuzz demo!
[TEST_CASE_COMPLETED]
Hello from FreeRTOS fuzz demo!
[TEST_CASE_COMPLETED]
Hello from FreeRTOS fuzz demo!
[TEST_CASE_COMPLETED]
Hello from FreeRTOS fuzz demo!
[TEST_CASE_COMPLETED]
Hello from FreeRTOS fuzz demo!
[TEST_CASE_COMPLETED]
Hello from FreeRTOS fuzz demo!
[TEST_CASE_COMPLETED]
Hello from FreeRTOS fuzz demo!
[TEST_CASE_COMPLETED]
Hello from FreeRTOS fuzz demo!
[TEST_CASE_COMPLETED]
Hello from FreeRTOS fuzz demo!
[TEST_CASE_COMPLETED]
Hello from FreeRTOS fuzz demo!
[TEST_CASE_COMPLETED]
Hello from FreeRTOS fuzz demo!
[TEST_CASE_COMPLETED]
Hello from FreeRTOS fuzz demo!
[TEST_CASE_COMPLETED]
Hello from FreeRTOS fuzz demo[UserStats   #1]  (GLOBAL) run time: 2s, clients: 1, corpus: 104, objectives: 0, executions: 3978, exec/sec: 1.694k, edges: 100.000%, stability: 100.000%
!
                  (CLIENT) corpus: 104, objectives: 0, executions: 3978, exec/sec: 1.694k, edges: 461/461 (100%), stability: 374/374 (100%)
[TEST_CASE_COMPLETED]
[Testcase    #1]  (GLOBAL) run time: 2s, clients: 1, corpus: 105, objectives: 0, executions: 3978, exec/sec: 1.693k, edges: 100.000%, stability: 100.000%
                  (CLIENT) corpus: 105, objectives: 0, executions: 3978, exec/sec: 1.693k, edges: 461/461 (100%), stability: 374/374 (100%)
Hello from FreeRTOS fuzz demo!
[TEST_CASE_COMPLETED]
Hello from FreeRTOS fuzz demo!
[TEST_CASE_COMPLETED]
Hello from FreeRTOS fuzz demo!
[TEST_CASE_COMPLETED]
Hello from FreeRTOS fuzz demo!
[TEST_CASE_COMPLETED]
Hello from FreeRTOS fuzz demo!
[TEST_CASE_COMPLETED]
Hello from FreeRTOS fuzz demo!
[TEST_CASE_COMPLETED]
Hello from FreeRTOS fuzz demo!
[TEST_CASE_COMPLETED]
Hello from FreeRTOS fuzz demo!
[TEST_CASE_COMPLETED]
Hello from FreeRTOS fuzz demo!
[TEST_CASE_COMPLETED]
Hello from FreeRTOS fuzz demo!
[TEST_CASE_COMPLETED]
Hello from FreeRTOS fuzz demo!
[TEST_CASE_COMPLETED]
Hello from FreeRTOS fuzz demo!
[TEST_CASE_COMPLETED]
Hello from FreeRTOS fuzz demo!
[TEST_CASE_COMPLETED]
Hello from FreeRTOS fuzz demo!
[TEST_CASE_COMPLETED]
Hello from FreeRTOS fuzz demo!
[TEST_CASE_COMPLETED]
Hello from FreeRTOS fuzz demo!
[TEST_CASE_COMPLETED]
Hello from FreeRTOS fuzz demo!
[TEST_CASE_COMPLETED]
Hello from FreeRTOS fuzz demo!
[TEST_CASE_COMPLETED]
Hello from FreeRTOS fuzz demo!
[TEST_CASE_COMPLETED]
Hello from FreeRTOS fuzz demo!
[TEST_CASE_COMPLETED]
Hello from FreeRTOS fuzz demo!
[TEST_CASE_COMPLETED]
Hello from FreeRTOS fuzz demo!
[TEST_CASE_COMPLETED]
Hello from FreeRTOS fuzz demo!
[TEST_CASE_COMPLETED]
Hello from FreeRTOS fuzz demo!
[TEST_CASE_COMPLETED]
Hello from FreeRTOS fuzz demo!
[TEST_CASE_COMPLETED]
Hello from FreeRTOS fuzz demo!
[TEST_CASE_COMPLETED]
Hello from FreeRTOS fuzz demo!
[TEST_CASE_COMPLETED]
Hello from FreeRTOS fuzz demo!
[TEST_CASE_COMPLETED]
Hello from FreeRTOS fuzz demo!
[TEST_CASE_COMPLETED]
Hello from FreeRTOS fuzz demo!
[TEST_CASE_COMPLETED]
Hello from FreeRTOS fuzz demo!
[TEST_CASE_COMPLETED]
Hello from FreeRTOS fuzz demo!
[TEST_CASE_COMPLETED]
Hello from FreeRTOS fuzz demo!
[TEST_CASE_COMPLETED]
Hello from FreeRTOS fuzz demo!
[TEST_CASE_COMPLETED]
Hello from FreeRTOS fuzz demo!
[TEST_CASE_COMPLETED]
Hello from FreeRTOS fuzz demo!
[TEST_CASE_COMPLETED]
Hello from FreeRTOS fuzz demo!
[TEST_CASE_COMPLETED]
Hello from FreeRTOS fuzz demo!
[TEST_CASE_COMPLETED]
Hello from FreeRTOS fuzz demo!
[TEST_CASE_COMPLETED]
Hello from FreeRTOS fuzz demo!
[TEST_CASE_COMPLETED]
Hello from FreeRTOS fuzz demo!
[TEST_CASE_COMPLETED]
Hello from FreeRTOS fuzz demo!
[TEST_CASE_COMPLETED]
Hello from FreeRTOS fuzz demo!
[TEST_CASE_COMPLETED]
Hello from FreeRTOS fuzz demo!
[TEST_CASE_COMPLETED]
Hello from FreeRTOS fuzz demo!
[TEST_CASE_COMPLETED]
Hello from FreeRTOS fuzz demo!
[TEST_CASE_COMPLETED]
Hello from FreeRTOS fuzz demo!
[TEST_CASE_COMPLETED]
Hello from FreeRTOS fuzz demo!
[TEST_CASE_COMPLETED]
Hello from FreeRTOS fuzz demo!
[TEST_CASE_COMPLETED]
Hello from FreeRTOS fuzz demo!
[TEST_CASE_COMPLETED]
Hello from FreeRTOS fuzz demo!
[TEST_CASE_COMPLETED]
Hello from FreeRTOS fuzz demo!
[TEST_CASE_COMPLETED]
Hello from FreeRTOS fuzz demo!
[TEST_CASE_COMPLETED]
Hello from FreeRTOS fuzz demo!
[TEST_CASE_COMPLETED]
Hello from FreeRTOS fuzz demo!
[TEST_CASE_COMPLETED]
Hello from FreeRTOS fuzz demo!
[TEST_CASE_COMPLETED]
Hello from FreeRTOS fuzz demo!
[TEST_CASE_COMPLETED]
Hello from FreeRTOS fuzz demo!
[TEST_CASE_COMPLETED]
Hello from FreeRTOS fuzz demo!
[TEST_CASE_COMPLETED]
Hello from FreeRTOS fuzz demo!
[TEST_CASE_COMPLETED]
Hello from FreeRTOS fuzz demo!
[TEST_CASE_COMPLETED]
Hello from FreeRTOS fuzz demo!
[TEST_CASE_COMPLETED]
Hello from FreeRTOS fuzz demo!
[TEST_CASE_COMPLETED]
Hello from FreeRTOS fuzz demo!
[TEST_CASE_COMPLETED]
Hello from FreeRTOS fuzz demo!
[TEST_CASE_COMPLETED]
Hello from FreeRTOS fuzz demo!
[TEST_CASE_COMPLETED]
Hello from FreeRTOS fuzz demo!
[TEST_CASE_COMPLETED]
Hello from FreeRTOS fuzz demo!
[TEST_CASE_COMPLETED]
Hello from FreeRTOS fuzz demo!
[TEST_CASE_COMPLETED]
Hello from FreeRTOS fuzz demo!
[TEST_CASE_COMPLETED]
Hello from FreeRTOS fuzz demo!
[TEST_CASE_COMPLETED]
Hello from FreeRTOS fuzz demo!
[TEST_CASE_COMPLETED]
Hello from FreeRTOS fuzz demo!
[TEST_CASE_COMPLETED]
Hello from FreeRTOS fuzz demo!
[TEST_CASE_COMPLETED]
Hello from FreeRTOS fuzz demo!
[TEST_CASE_COMPLETED]
Hello from FreeRTOS fuzz demo!
[TEST_CASE_COMPLETED]
Hello from FreeRTOS fuzz demo!
[TEST_CASE_COMPLETED]
Hello from FreeRTOS fuzz demo!
[TEST_CASE_COMPLETED]
Hello from FreeRTOS fuzz demo!
[TEST_CASE_COMPLETED]
Hello from FreeRTOS fuzz demo!
[TEST_CASE_COMPLETED]
Hello from FreeRTOS fuzz demo!
[TEST_CASE_COMPLETED]
Hello from FreeRTOS fuzz demo!
[TEST_CASE_COMPLETED]
Hello from FreeRTOS fuzz demo!
[TEST_CASE_COMPLETED]
Hello from FreeRTOS fuzz demo!
[TEST_CASE_COMPLETED]
Hello from FreeRTOS fuzz demo!
[TEST_CASE_COMPLETED]
Hello from FreeRTOS fuzz demo!
[TEST_CASE_COMPLETED]
Hello from FreeRTOS fuzz demo!
[TEST_CASE_COMPLETED]
Hello from FreeRTOS fuzz demo!
[TEST_CASE_COMPLETED]
Hello from FreeRTOS fuzz demo!
[TEST_CASE_COMPLETED]
Hello from FreeRTOS fuzz demo!
[TEST_CASE_COMPLETED]
Hello from FreeRTOS fuzz demo!
[TEST_CASE_COMPLETED]
Hello from FreeRTOS fuzz demo!
[TEST_CASE_COMPLETED]
Hello from FreeRTOS fuzz demo!
[TEST_CASE_COMPLETED]
Hello from FreeRTOS fuzz demo!
[TEST_CASE_COMPLETED]
Hello from FreeRTOS fuzz demo!
[TEST_CASE_COMPLETED]
Hello from FreeRTOS fuzz demo!
[TEST_CASE_COMPLETED]
Hello from FreeRTOS fuzz demo!
[TEST_CASE_COMPLETED]
Hello from FreeRTOS fuzz demo!
[TEST_CASE_COMPLETED]
Hello from FreeRTOS fuzz demo!
[TEST_CASE_COMPLETED]
Hello from FreeRTOS fuzz demo!
[TEST_CASE_COMPLETED]
Hello from FreeRTOS fuzz demo!
[TEST_CASE_COMPLETED]
Hello from FreeRTOS fuzz demo!
[TEST_CASE_COMPLETED]
Hello from FreeRTOS fuzz demo!
[TEST_CASE_COMPLETED]
Hello from FreeRTOS fuzz demo!
[TEST_CASE_COMPLETED]
Hello from FreeRTOS fuzz demo!
[TEST_CASE_COMPLETED]
Hello from FreeRTOS fuzz demo!
[TEST_CASE_COMPLETED]
Hello from FreeRTOS fuzz demo!
[TEST_CASE_COMPLETED]
Hello from FreeRTOS fuzz demo!
[TEST_CASE_COMPLETED]
Hello from FreeRTOS fuzz demo!
[TEST_CASE_COMPLETED]
Hello from FreeRTOS fuzz demo!
[TEST_CASE_COMPLETED]
Hello from FreeRTOS fuzz demo!
[TEST_CASE_COMPLETED]
Hello from FreeRTOS fuzz demo!
[TEST_CASE_COMPLETED]
Hello from FreeRTOS fuzz demo!
[TEST_CASE_COMPLETED]
Hello from FreeRTOS fuzz demo!
[TEST_CASE_COMPLETED]
Hello from FreeRTOS fuzz demo!
[TEST_CASE_COMPLETED]
Hello from FreeRTOS fuzz demo!
[TEST_CASE_COMPLETED]
Hello from FreeRTOS fuzz demo!
[TEST_CASE_COMPLETED]
Hello from FreeRTOS fuzz demo!
[TEST_CASE_COMPLETED]
Hello from FreeRTOS fuzz demo!
[TEST_CASE_COMPLETED]
Hello from FreeRTOS fuzz demo!
[TEST_CASE_COMPLETED]
Hello from FreeRTOS fuzz demo!
[TEST_CASE_COMPLETED]
Hello from FreeRTOS fuzz demo!
[TEST_CASE_COMPLETED]
Hello from FreeRTOS fuzz demo!
[TEST_CASE_COMPLETED]
Hello from FreeRTOS fuzz demo!
[TEST_CASE_COMPLETED]
Hello from FreeRTOS fuzz demo!
[TEST_CASE_COMPLETED]
Hello from FreeRTOS fuzz demo!
[TEST_CASE_COMPLETED]
Hello from FreeRTOS fuzz demo!
[TEST_CASE_COMPLETED]
Hello from FreeRTOS fuzz demo!
[TEST_CASE_COMPLETED]
[UserStats   #1]  (GLOBAL) run time: 2s, clients: 1, corpus: 105, objectives: 0, executions: 4111, exec/sec: 1.699k, edges: 100.000%, stability: 100.000%
                  (CLIENT) corpus: 105, objectives: 0, executions: 4111, exec/sec: 1.698k, edges: 462/462 (100%), stability: 374/374 (100%)
Hello from FreeRTOS fuzz demo!
[TEST_CAS[Testcase    #1]  (GLOBAL) run time: 2s, clients: 1, corpus: 106, objectives: 0, executions: 4111, exec/sec: 1.698k, edges: 100.000%, stability: 100.000%
E_C                  (CLIENT) corpus: 106, objectives: 0, executions: 4111, exec/sec: 1.698k, edges: 462/462 (100%), stability: 374/374 (100%)
OMPLETED]
Hello from FreeRTOS fuzz demo!
[TEST_CASE_COMPLETED]
Hello from FreeRTOS fuzz demo!
[TEST_CASE_COMPLETED]
Hello from FreeRTOS fuzz demo!
[TEST_CASE_COMPLETED]
Hello from FreeRTOS fuzz demo!
[TEST_CASE_COMPLETED]
Hello from FreeRTOS fuzz demo!
[TEST_CASE_COMPLETED]
Hello from FreeRTOS fuzz demo!
[TEST_CASE_COMPLETED]
Hello from FreeRTOS fuzz demo!
[TEST_CASE_COMPLETED]
Hello from FreeRTOS fuzz demo!
[TEST_CASE_COMPLETED]
Hello from FreeRTOS fuzz demo!
[TEST_CASE_COMPLETED]
Hello from FreeRTOS fuzz demo!
[TEST_CASE_COMPLETED]
Hello from FreeRTOS fuzz demo!
[TEST_CASE_COMPLETED]
Hello from FreeRTOS fuzz demo!
[TEST_CASE_COMPLETED]
Hello from FreeRTOS fuzz demo!
[TEST_CASE_COMPLETED]
Hello from FreeRTOS fuzz demo!
[TEST_CASE_COMPLETED]
Hello from FreeRTOS fuzz demo!
[TEST_CASE_COMPLETED]
Hello from FreeRTOS fuzz demo!
[TEST_CASE_COMPLETED]
Hello from FreeRTOS fuzz demo!
[TEST_CASE_COMPLETED]
Hello from FreeRTOS fuzz demo!
[TEST_CASE_COMPLETED]
Hello from FreeRTOS fuzz demo!
[TEST_CASE_COMPLETED]
Hello from FreeRTOS fuzz demo!
[TEST_CASE_COMPLETED]
Hello from FreeRTOS fuzz demo!
[TEST_CASE_COMPLETED]
Hello from FreeRTOS fuzz demo!
[TEST_CASE_COMPLETED]
Hello from FreeRTOS fuzz demo!
[TEST_CASE_COMPLETED]
Hello from FreeRTOS fuzz demo!
[TEST_CASE_COMPLETED]
Hello from FreeRTOS fuzz demo!
[TEST_CASE_COMPLETED]
Hello from FreeRTOS fuzz demo!
[TEST_CASE_COMPLETED]
Hello from FreeRTOS fuzz demo!
[TEST_CASE_COMPLETED]
Hello from FreeRTOS fuzz demo!
[TEST_CASE_COMPLETED]
Hello from FreeRTOS fuzz demo!
[TEST_CASE_COMPLETED]
Hello from FreeRTOS fuzz demo!
[TEST_CASE_COMPLETED]
Hello from FreeRTOS fuzz demo!
[TEST_CASE_COMPLETED]
Hello from FreeRTOS fuzz demo!
[TEST_CASE_COMPLETED]
Hello from FreeRTOS fuzz demo!
[TEST_CASE_COMPLETED]
Hello from FreeRTOS fuzz demo!
[TEST_CASE_COMPLETED]
Hello from FreeRTOS fuzz demo!
[TEST_CASE_COMPLETED]
Hello from FreeRTOS fuzz demo!
[TEST_CASE_COMPLETED]
Hello from FreeRTOS fuzz demo!
[TEST_CASE_COMPLETED]
Hello from FreeRTOS fuzz demo!
[TEST_CASE_COMPLETED]
Hello from FreeRTOS fuzz demo!
[TEST_CASE_COMPLETED]
Hello from FreeRTOS fuzz demo!
[TEST_CASE_COMPLETED]
Hello from FreeRTOS fuzz demo!
[TEST_CASE_COMPLETED]
Hello from FreeRTOS fuzz demo!
[TEST_CASE_COMPLETED]
Hello from FreeRTOS fuzz demo!
[TEST_CASE_COMPLETED]
Hello from FreeRTOS fuzz demo!
[TEST_CASE_COMPLETED]
Hello from FreeRTOS fuzz demo!
[TEST_CASE_COMPLETED]
Hello from FreeRTOS fuzz demo!
[TEST_CASE_COMPLETED]
Hello from FreeRTOS fuzz demo!
[TEST_CASE_COMPLETED]
Hello from FreeRTOS fuzz demo!
[TEST_CASE_COMPLETED]
Hello from FreeRTOS fuzz demo!
[TEST_CASE_COMPLETED]
Hello from FreeRTOS fuzz demo!
[TEST_CASE_COMPLETED]
Hello from FreeRTOS fuzz demo!
[TEST_CASE_COMPLETED]
Hello from FreeRTOS fuzz demo!
[TEST_CASE_COMPLETED]
Hello from FreeRTOS fuzz demo!
[TEST_CASE_COMPLETED]
Hello from FreeRTOS fuzz demo!
[TEST_CASE_COMPLETED]
Hello from FreeRTOS fuzz demo!
[TEST_CASE_COMPLETED]
Hello from FreeRTOS fuzz demo!
[TEST_CASE_COMPLETED]
Hello from FreeRTOS fuzz demo!
[TEST_CASE_COMPLETED]
Hello from FreeRTOS fuzz demo!
[TEST_CASE_COMPLETED]
Hello from FreeRTOS fuzz demo!
[TEST_CASE_COMPLETED]
Hello from FreeRTOS fuzz demo!
[TEST_CASE_COMPLETED]
Hello from FreeRTOS fuzz demo!
[TEST_CASE_COMPLETED]
Hello from FreeRTOS fuzz demo!
[TEST_CASE_COMPLETED]
Hello from FreeRTOS fuzz demo!
[TEST_CASE_COMPLETED]
Hello from FreeRTOS fuzz demo!
[TEST_CASE_COMPLETED]
Hello from FreeRTOS fuzz demo!
[TEST_CASE_COMPLETED]
Hello from FreeRTOS fuzz demo!
[TEST_CASE_COMPLETED]
Hello from FreeRTOS fuzz demo!
[TEST_CASE_COMPLETED]
Hello from FreeRTOS fuzz demo!
[TEST_CASE_COMPLETED]
Hello from FreeRTOS fuzz demo!
[TEST_CASE_COMPLETED]
Hello from FreeRTOS fuzz demo!
[TEST_CASE_COMPLETED]
Hello from FreeRTOS fuzz demo!
[TEST_CASE_COMPLETED]
Hello from FreeRTOS fuzz demo!
[TEST_CASE_COMPLETED]
Hello from FreeRTOS fuzz demo!
[TEST_CASE_COMPLETED]
Hello from FreeRTOS fuzz demo!
[TEST_CASE_COMPLETED]
Hello from FreeRTOS fuzz demo!
[TEST_CASE_COMPLETED]
Hello from FreeRTOS fuzz demo!
[TEST_CASE_COMPLETED]
Hello from FreeRTOS fuzz demo!
[TEST_CASE_COMPLETED]
Hello from FreeRTOS fuzz demo!
[TEST_CASE_COMPLETED]
Hello from FreeRTOS fuzz demo!
[TEST_CASE_COMPLETED]
Hello from FreeRTOS fuzz demo!
[TEST_CASE_COMPLETED]
Hello from FreeRTOS fuzz demo!
[TEST_CASE_COMPLETED]
[UserStats   #1]  (GLOBAL) run time: 2s, clients: 1, corpus: 106, objectives: 0, executions: 4191, exec/sec: 1.699k, edges: 100.000%, stability: 100.000%
                  (CLIENT) corpus: 106, objectives: 0, executions: 4191, exec/sec: 1.699k, edges: 463/463 (100%), stability: 374/374 (100%)
Hello from FreeRTOS fuzz demo!
[Testcase    #1]  (GLOBAL) run time: 2s, clients: 1, corpus: 107, objectives: 0, executions: 4191, exec/sec: 1.699k, edges: 100.000%, stability: 100.000%
                  (CLIENT) corpus: 107, objectives: 0, executions: 4191, exec/sec: 1.699k, edges: 463/463 (100%), stability: 374/374 (100%)
[TEST_CASE_COMPLETED]
Hello from FreeRTOS fuzz demo!
[TEST_CASE_COMPLETED]
Hello from FreeRTOS fuzz demo!
[TEST_CASE_COMPLETED]
Hello from FreeRTOS fuzz demo!
[TEST_CASE_COMPLETED]
Hello from FreeRTOS fuzz demo!
[TEST_CASE_COMPLETED]
Hello from FreeRTOS fuzz demo!
[TEST_CASE_COMPLETED]
Hello from FreeRTOS fuzz demo!
[TEST_CASE_COMPLETED]
Hello from FreeRTOS fuzz demo!
[TEST_CASE_COMPLETED]
Hello from FreeRTOS fuzz demo!
[TEST_CASE_COMPLETED]
Hello from FreeRTOS fuzz demo!
[TEST_CASE_COMPLETED]
Hello from FreeRTOS fuzz demo!
[TEST_CASE_COMPLETED]
Hello from FreeRTOS fuzz demo!
[TEST_CASE_COMPLETED]
Hello from FreeRTOS fuzz demo!
[TEST_CASE_COMPLETED]
Hello from FreeRTOS fuzz demo!
[TEST_CASE_COMPLETED]
Hello from FreeRTOS fuzz demo!
[TEST_CASE_COMPLETED]
Hello from FreeRTOS fuzz demo!
[TEST_CASE_COMPLETED]
Hello from FreeRTOS fuzz demo!
[TEST_CASE_COMPLETED]
Hello from FreeRTOS fuzz demo!
[TEST_CASE_COMPLETED]
Hello from FreeRTOS fuzz demo!
[TEST_CASE_COMPLETED]
Hello from FreeRTOS fuzz demo!
[TEST_CASE_COMPLETED]
Hello from FreeRTOS fuzz demo!
[TEST_CASE_COMPLETED]
Hello from FreeRTOS fuzz demo!
[TEST_CASE_COMPLETED]
Hello from FreeRTOS fuzz demo!
[TEST_CASE_COMPLETED]
Hello from FreeRTOS fuzz demo!
[TEST_CASE_COMPLETED]
Hello from FreeRTOS fuzz demo!
[TEST_CASE_COMPLETED]
Hello from FreeRTOS fuzz demo!
[TEST_CASE_COMPLETED]
Hello from FreeRTOS fuzz demo!
[TEST_CASE_COMPLETED]
Hello from FreeRTOS fuzz demo!
[TEST_CASE_COMPLETED]
Hello from FreeRTOS fuzz demo!
[TEST_CASE_COMPLETED]
Hello from FreeRTOS fuzz demo!
[TEST_CASE_COMPLETED]
Hello from FreeRTOS fuzz demo!
[TEST_CASE_COMPLETED]
Hello from FreeRTOS fuzz demo!
[TEST_CASE_COMPLETED]
Hello from FreeRTOS fuzz demo!
[TEST_CASE_COMPLETED]
Hello from FreeRTOS fuzz demo!
[TEST_CASE_COMPLETED]
Hello from FreeRTOS fuzz demo!
[TEST_CASE_COMPLETED]
Hello from FreeRTOS fuzz demo!
[TEST_CASE_COMPLETED]
Hello from FreeRTOS fuzz demo!
[TEST_CASE_COMPLETED]
Hello from FreeRTOS fuzz demo!
[TEST_CASE_COMPLETED]
Hello from FreeRTOS fuzz demo!
[TEST_CASE_COMPLETED]
Hello from FreeRTOS fuzz demo!
[TEST_CASE_COMPLETED]
Hello from FreeRTOS fuzz demo!
[TEST_CASE_COMPLETED]
Hello from FreeRTOS fuzz demo!
[TEST_CASE_COMPLETED]
Hello from FreeRTOS fuzz demo!
[TEST_CASE_COMPLETED]
Hello from FreeRTOS fuzz demo!
[TEST_CASE_COMPLETED]
Hello from FreeRTOS fuzz demo!
[TEST_CASE_COMPLETED]
[UserStats   #1]  (GLOBAL) run time: 2s, clients: 1, corpus: 107, objectives: 0, executions: 4237, exec/sec: 1.700k, edges: 100.000%, stability: 100.000%
                  (CLIENT) corpus: 107, objectives: 0, executions: 4237, exec/sec: 1.700k, edges: 464/464 (100%), stability: 374/374 (100%)
Hello from FreeRTOS fuzz demo!
[TEST_CASE_COMPLETED]
[Testcase    #1]  (GLOBAL) run time: 2s, clients: 1, corpus: 108, objectives: 0, executions: 4237, exec/sec: 1.700k, edges: 100.000%, stability: 100.000%
                  (CLIENT) corpus: 108, objectives: 0, executions: 4237, exec/sec: 1.700k, edges: 464/464 (100%), stability: 374/374 (100%)
Hello from FreeRTOS fuzz demo!
[TEST_CASE_COMPLETED]
Hello from FreeRTOS fuzz demo!
[TEST_CASE_COMPLETED]
Hello from FreeRTOS fuzz demo!
[TEST_CASE_COMPLETED]
Hello from FreeRTOS fuzz demo!
[TEST_CASE_COMPLETED]
Hello from FreeRTOS fuzz demo!
[TEST_CASE_COMPLETED]
Hello from FreeRTOS fuzz demo!
[TEST_CASE_COMPLETED]
Hello from FreeRTOS fuzz demo!
[TEST_CASE_COMPLETED]
Hello from FreeRTOS fuzz demo!
[TEST_CASE_COMPLETED]
Hello from FreeRTOS fuzz demo!
[TEST_CASE_COMPLETED]
Hello from FreeRTOS fuzz demo!
[TEST_CASE_COMPLETED]
Hello from FreeRTOS fuzz demo!
[TEST_CASE_COMPLETED]
Hello from FreeRTOS fuzz demo!
[TEST_CASE_COMPLETED]
Hello from FreeRTOS fuzz demo!
[TEST_CASE_COMPLETED]
Hello from FreeRTOS fuzz demo!
[TEST_CASE_COMPLETED]
Hello from FreeRTOS fuzz demo!
[TEST_CASE_COMPLETED]
Hello from FreeRTOS fuzz demo!
[TEST_CASE_COMPLETED]
Hello from FreeRTOS fuzz demo!
[TEST_CASE_COMPLETED]
Hello from FreeRTOS fuzz demo!
[TEST_CASE_COMPLETED]
[UserStats   #1]  (GLOBAL) run time: 2s, clients: 1, corpus: 108, objectives: 0, executions: 4258, exec/sec: 1.701k, edges: 100.000%, stability: 100.000%
                  (CLIENT) corpus: 108, objectives: 0, executions: 4258, exec/sec: 1.701k, edges: 464/464 (100%), stability: 374/374 (100%)
[Testcase    #1]  (GLOBAL) run time: 2s, clients: 1, corpus: 109, objectives: 0, executions: 4258, exec/sec: 1.701k, edges: 100.000%, stability: 100.000%
                  (CLIENT) corpus: 109, objectives: 0, executions: 4258, exec/sec: 1.701k, edges: 464/464 (100%), stability: 374/374 (100%)
Hello from FreeRTOS fuzz demo!
[TEST_CASE_COMPLETED]
Hello from FreeRTOS fuzz demo!
[TEST_CASE_COMPLETED]
Hello from FreeRTOS fuzz demo!
[TEST_CASE_COMPLETED]
Hello from FreeRTOS fuzz demo!
[TEST_CASE_COMPLETED]
Hello from FreeRTOS fuzz demo!
[TEST_CASE_COMPLETED]
Hello from FreeRTOS fuzz demo!
[TEST_CASE_COMPLETED]
Hello from FreeRTOS fuzz demo!
[TEST_CASE_COMPLETED]
Hello from FreeRTOS fuzz demo!
[TEST_CASE_COMPLETED]
Hello from FreeRTOS fuzz demo!
[TEST_CASE_COMPLETED]
Hello from FreeRTOS fuzz demo!
[TEST_CASE_COMPLETED]
Hello from FreeRTOS fuzz demo!
[TEST_CASE_COMPLETED]
Hello from FreeRTOS fuzz demo!
[TEST_CASE_COMPLETED]
Hello from FreeRTOS fuzz demo!
[TEST_CASE_COMPLETED]
Hello from FreeRTOS fuzz demo!
[TEST_CASE_COMPLETED]
Hello from FreeRTOS fuzz demo!
[TEST_CASE_COMPLETED]
Hello from FreeRTOS fuzz demo!
[TEST_CASE_COMPLETED]
Hello from FreeRTOS fuzz demo!
[TEST_CASE_COMPLETED]
Hello from FreeRTOS fuzz demo!
[TEST_CASE_COMPLETED]
Hello from FreeRTOS fuzz demo!
[TEST_CASE_COMPLETED]
Hello from FreeRTOS fuzz demo!
[TEST_CASE_COMPLETED]
Hello from FreeRTOS fuzz demo!
[TEST_CASE_COMPLETED]
Hello from FreeRTOS fuzz demo!
[TEST_CASE_COMPLETED]
Hello from FreeRTOS fuzz demo!
[TEST_CASE_COMPLETED]
Hello from FreeRTOS fuzz demo!
[TEST_CASE_COMPLETED]
Hello from FreeRTOS fuzz demo!
[TEST_CASE_COMPLETED]
Hello from FreeRTOS fuzz demo!
[TEST_CASE_COMPLETED]
Hello from FreeRTOS fuzz demo!
[TEST_CASE_COMPLETED]
Hello from FreeRTOS fuzz demo!
[TEST_CASE_COMPLETED]
Hello from FreeRTOS fuzz demo!
[TEST_CASE_COMPLETED]
Hello from FreeRTOS fuzz demo!
[TEST_CASE_COMPLETED]
Hello from FreeRTOS fuzz demo!
[TEST_CASE_COMPLETED]
Hello from FreeRTOS fuzz demo!
[TEST_CASE_COMPLETED]
Hello from FreeRTOS fuzz demo!
[TEST_CASE_COMPLETED]
Hello from FreeRTOS fuzz demo!
[TEST_CASE_COMPLETED]
Hello from FreeRTOS fuzz demo!
[TEST_CASE_COMPLETED]
Hello from FreeRTOS fuzz demo!
[TEST_CASE_COMPLETED]
Hello fr[UserStats   #1]  (GLOBAL) run time: 2s, clients: 1, corpus: 109, objectives: 0, executions: 4292, exec/sec: 1.701k, edges: 100.000%, stability: 100.000%
om                   (CLIENT) corpus: 109, objectives: 0, executions: 4292, exec/sec: 1.701k, edges: 465/465 (100%), stability: 374/374 (100%)
FreeRTOS fuzz demo!
[TEST_CASE_COMPLETED]
[Testcase    #1]  (GLOBAL) run time: 2s, clients: 1, corpus: 110, objectives: 0, executions: 4292, exec/sec: 1.701k, edges: 100.000%, stability: 100.000%
                  (CLIENT) corpus: 110, objectives: 0, executions: 4292, exec/sec: 1.701k, edges: 465/465 (100%), stability: 374/374 (100%)
Hello from FreeRTOS fuzz demo!
[TEST_CASE_COMPLETED]
Hello from FreeRTOS fuzz demo!
[TEST_CASE_COMPLETED]
Hello from FreeRTOS fuzz demo!
[TEST_CASE_COMPLETED]
Hello from FreeRTOS fuzz demo!
[TEST_CASE_COMPLETED]
Hello from FreeRTOS fuzz demo!
[TEST_CASE_COMPLETED]
Hello from FreeRTOS fuzz demo!
[TEST_CASE_COMPLETED]
Hello from FreeRTOS fuzz demo!
[TEST_CASE_COMPLETED]
Hello from FreeRTOS fuzz demo!
[TEST_CASE_COMPLETED]
Hello from FreeRTOS fuzz demo!
[TEST_CASE_COMPLETED]
Hello from FreeRTOS fuzz demo!
[TEST_CASE_COMPLETED]
Hello from FreeRTOS fuzz demo!
[TEST_CASE_COMPLETED]
Hello from FreeRTOS fuzz demo!
[TEST_CASE_COMPLETED]
Hello from FreeRTOS fuzz demo!
[TEST_CASE_COMPLETED]
Hello from FreeRTOS fuzz demo!
[TEST_CASE_COMPLETED]
Hello from FreeRTOS fuzz demo!
[TEST_CASE_COMPLETED]
Hello from FreeRTOS fuzz demo!
[TEST_CASE_COMPLETED]
Hello from FreeRTOS fuzz demo!
[TEST_CASE_COMPLETED]
Hello from FreeRTOS fuzz demo!
[TEST_CASE_COMPLETED]
[UserStats   #1]  (GLOBAL) run time: 2s, clients: 1, corpus: 110, objectives: 0, executions: 4308, exec/sec: 1.700k, edges: 100.000%, stability: 100.000%
                  (CLIENT) corpus: 110, objectives: 0, executions: 4308, exec/sec: 1.700k, edges: 466/466 (100%), stability: 374/374 (100%)
[Testcase    #1]  (GLOBAL) run time: 2s, clients: 1, corpus: 111, objectives: 0, executions: 4308, exec/sec: 1.700k, edges: 100.000%, stability: 100.000%
                  (CLIENT) corpus: 111, objectives: 0, executions: 4308, exec/sec: 1.700k, edges: 466/466 (100%), stability: 374/374 (100%)
Hello from FreeRTOS fuzz demo!
[TEST_CASE_COMPLETED]
Hello from FreeRTOS fuzz demo!
[TEST_CASE_COMPLETED]
Hello from FreeRTOS fuzz demo!
[TEST_CASE_COMPLETED]
Hello from FreeRTOS fuzz demo!
[TEST_CASE_COMPLETED]
Hello from FreeRTOS fuzz demo!
[TEST_CASE_COMPLETED]
Hello from FreeRTOS fuzz demo!
[TEST_CASE_COMPLETED]
Hello from FreeRTOS fuzz demo!
[TEST_CASE_COMPLETED]
Hello from FreeRTOS fuzz demo!
[TEST_CASE_COMPLETED]
Hello from FreeRTOS fuzz demo!
[TEST_CASE_COMPLETED]
[UserStats   #1]  (GLOBAL) run time: 2s, clients: 1, corpus: 111, objectives: 0, executions: 4321, exec/sec: 1.702k, edges: 100.000%, stability: 100.000%
                  (CLIENT) corpus: 111, objectives: 0, executions: 4321, exec/sec: 1.702k, edges: 467/467 (100%), stability: 374/374 (100%)
[Testcase    #1]  (GLOBAL) run time: 2s, clients: 1, corpus: 112, objectives: 0, executions: 4321, exec/sec: 1.701k, edges: 100.000%, stability: 100.000%
                  (CLIENT) corpus: 112, objectives: 0, executions: 4321, exec/sec: 1.701k, edges: 467/467 (100%), stability: 374/374 (100%)
Hello from FreeRTOS fuzz demo!
[TEST_CASE_COMPLETED]
Hello from FreeRTOS fuzz demo!
[TEST_CASE_COMPLETED]
Hello from FreeRTOS fuzz demo!
[TEST_CASE_COMPLETED]
Hello from FreeRTOS fuzz demo!
[TEST_CASE_COMPLETED]
Hello from FreeRTOS fuzz demo!
[TEST_CASE_COMPLETED]
Hello from FreeRTOS fuzz demo!
[TEST_CASE_COMPLETED]
Hello from FreeRTOS fuzz demo!
[TEST_CASE_COMPLETED]
Hello from FreeRTOS fuzz demo!
[TEST_CASE_COMPLETED]
Hello from FreeRTOS fuzz demo!
[TEST_CASE_COMPLETED]
Hello from FreeRTOS fuzz demo!
[TEST_CASE_COMPLETED]
Hello from FreeRTOS fuzz demo!
[TEST_CASE_COMPLETED]
Hello from FreeRTOS fuzz demo!
[TEST_CASE_COMPLETED]
Hello from FreeRTOS fuzz demo!
[TEST_CASE_COMPLETED]
Hello from FreeRTOS fuzz demo!
[TEST_CASE_COMPLETED]
Hello from FreeRTOS fuzz demo!
[TEST_CASE_COMPLETED]
Hello from FreeRTOS fuzz demo!
[TEST_CASE_COMPLETED]
Hello from FreeRTOS fuzz demo!
[TEST_CASE_COMPLETED]
Hello from FreeRTOS fuzz demo!
[TEST_CASE_COMPLETED]
Hello from FreeRTOS fuzz demo!
[TEST_CASE_COMPLETED]
Hello from FreeRTOS fuzz demo!
[TEST_CASE_COMPLETED]
Hello from FreeRTOS fuzz demo!
[TEST_CASE_COMPLETED]
Hello from FreeRTOS fuzz demo!
[TEST_CASE_COMPLETED]
Hello from FreeRTOS fuzz demo!
[TEST_CASE_COMPLETED]
Hello from FreeRTOS fuzz demo!
[TEST_CASE_COMPLETED]
Hello from FreeRTOS fuzz demo!
[TEST_CASE_COMPLETED]
Hello from FreeRTOS fuzz demo!
[TEST_CASE_COMPLETED]
Hello from FreeRTOS fuzz demo!
[TEST_CASE_COMPLETED]
Hello from FreeRTOS fuzz demo!
[TEST_CASE_COMPLETED]
Hello from FreeRTOS fuzz demo!
[TEST_CASE_COMPLETED]
Hello from FreeRTOS fuzz demo!
[TEST_CASE_COMPLETED]
Hello from FreeRTOS fuzz demo!
[TEST_CASE_COMPLETED]
Hello from FreeRTOS fuzz demo!
[TEST_CASE_COMPLETED]
Hello from FreeRTOS fuzz demo!
[TEST_CASE_COMPLETED]
Hello from FreeRTOS fuzz demo!
[TEST_CASE_COMPLETED]
Hello from FreeRTOS fuzz demo!
[TEST_CASE_COMPLETED]
[UserStats   #1]  (GLOBAL) run time: 2s, clients: 1, corpus: 112, objectives: 0, executions: 4352, exec/sec: 1.700k, edges: 100.000%, stability: 100.000%
                  (CLIENT) corpus: 112, objectives: 0, executions: 4352, exec/sec: 1.700k, edges: 468/468 (100%), stability: 374/374 (100%)
[Testcase    #1]  (GLOBAL) run time: 2s, clients: 1, corpus: 113, objectives: 0, executions: 4352, exec/sec: 1.700k, edges: 100.000%, stability: 100.000%
                  (CLIENT) corpus: 113, objectives: 0, executions: 4352, exec/sec: 1.700k, edges: 468/468 (100%), stability: 374/374 (100%)
Hello from FreeRTOS fuzz[UserStats   #1]  (GLOBAL) run time: 2s, clients: 1, corpus: 113, objectives: 0, executions: 4357, exec/sec: 1.702k, edges: 100.000%, stability: 100.000%
 d                  (CLIENT) corpus: 113, objectives: 0, executions: 4357, exec/sec: 1.702k, edges: 469/469 (100%), stability: 374/374 (100%)
emo!
[TEST_CASE_COMPLETED]
[Testcase    #1]  (GLOBAL) run time: 2s, clients: 1, corpus: 114, objectives: 0, executions: 4357, exec/sec: 1.702k, edges: 100.000%, stability: 100.000%
                  (CLIENT) corpus: 114, objectives: 0, executions: 4357, exec/sec: 1.702k, edges: 469/469 (100%), stability: 374/374 (100%)
Hello from FreeRTOS fuzz demo!
[TEST_CASE_COMPLETED]
Hello from FreeRTOS fuzz demo!
[TEST_CASE_COMPLETED]
Hello from FreeRTOS fuzz demo!
[TEST_CASE_COMPLETED]
Hello from FreeRTOS fuzz demo!
[TEST_CASE_COMPLETED]
Hello from FreeRTOS fuzz demo!
[TEST_CASE_COMPLETED]
Hello from FreeRTOS fuzz demo!
[TEST_CASE_COMPLETED]
Hello from FreeRTOS fuzz demo!
[TEST_CASE_COMPLETED]
Hello from FreeRTOS fuzz demo!
[TEST_CASE_COMPLETED]
Hello from FreeRTOS fuzz demo!
[TEST_CASE_COMPLETED]
Hello from FreeRTOS fuzz demo!
[TEST_CASE_COMPLETED]
Hello from FreeRTOS fuzz demo!
[TEST_CASE_COMPLETED]
Hello from FreeRTOS fuzz demo!
[TEST_CASE_COMPLETED]
Hello from FreeRTOS fuzz demo!
[TEST_CASE_COMPLETED]
Hello from FreeRTOS fuzz demo!
[TEST_CASE_COMPLETED]
Hello from FreeRTOS fuzz demo!
[TEST_CASE_COMPLETED]
Hello from FreeRTOS fuzz demo!
[TEST_CASE_COMPLETED]
Hello from FreeRTOS fuzz demo!
[TEST_CASE_COMPLETED]
Hello from FreeRTOS fuzz demo!
[TEST_CASE_COMPLETED]
Hello from FreeRTOS fuzz demo!
[TEST_CASE_COMPLETED]
Hello from FreeRTOS fuzz demo!
[TEST_CASE_COMPLETED]
Hello from FreeRTOS fuzz demo!
[TEST_CASE_COMPLETED]
Hello from FreeRTOS fuzz demo!
[TEST_CASE_COMPLETED]
Hello from FreeRTOS fuzz demo!
[TEST_CASE_COMPLETED]
Hello from FreeRTOS fuzz demo!
[TEST_CASE_COMPLETED]
Hello from FreeRTOS fuzz demo!
[TEST_CASE_COMPLETED]
Hello from FreeRTOS fuzz demo!
[TEST_CASE_COMPLETED]
Hello from FreeRTOS fuzz demo!
[TEST_CASE_COMPLETED]
Hello from FreeRTOS fuzz demo!
[TEST_CASE_COMPLETED]
Hello from FreeRTOS fuzz demo!
[TEST_CASE_COMPLETED]
Hello from FreeRTOS fuzz demo!
[TEST_CASE_COMPLETED]
Hello from FreeRTOS fuzz demo!
[TEST_CASE_COMPLETED]
Hello from FreeRTOS fuzz demo!
[TEST_CASE_COMPLETED]
Hello from FreeRTOS fuzz demo!
[TEST_CASE_COMPLETED]
Hello from FreeRTOS fuzz demo!
[TEST_CASE_COMPLETED]
Hello from FreeRTOS fuzz demo!
[TEST_CASE_COMPLETED]
Hello from FreeRTOS fuzz demo!
[TEST_CASE_COMPLETED]
[UserStats   #1]  (GLOBAL) run time: 2s, clients: 1, corpus: 114, objectives: 0, executions: 4395, exec/sec: 1.703k, edges: 100.000%, stability: 100.000%
                  (CLIENT) corpus: 114, objectives: 0, executions: 4395, exec/sec: 1.703k, edges: 470/470 (100%), stability: 374/374 (100%)
Hello from FreeRTOS fuzz demo!
[Testcase    #1]  (GLOBAL) run time: 2s, clients: 1, corpus: 115, objectives: 0, executions: 4395, exec/sec: 1.703k, edges: 100.000%, stability: 100.000%
                  (CLIENT) corpus: 115, objectives: 0, executions: 4395, exec/sec: 1.703k, edges: 470/470 (100%), stability: 374/374 (100%)
[TEST_CASE_COMPLETED]
Hello from FreeRTOS fuzz demo!
[TEST_CASE_COMPLETED]
Hello from FreeRTOS fuzz demo!
[TEST_CASE_COMPLETED]
Hello from FreeRTOS fuzz demo!
[TEST_CASE_COMPLETED]
Hello from FreeRTOS fuzz demo!
[TEST_CASE_COMPLETED]
Hello from FreeRTOS fuzz demo!
[TEST_CASE_COMPLETED]
Hello from FreeRTOS fuzz demo!
[TEST_CASE_COMPLETED]
Hello from FreeRTOS fuzz demo!
[TEST_CASE_COMPLETED]
Hello from FreeRTOS fuzz demo!
[TEST_CASE_COMPLETED]
Hello from FreeRTOS fuzz demo!
[TEST_CASE_COMPLETED]
Hello from FreeRTOS fuzz demo!
[TEST_CASE_COMPLETED]
Hello from FreeRTOS fuzz demo!
[TEST_CASE_COMPLETED]
Hello from FreeRTOS fuzz demo!
[TEST_CASE_COMPLETED]
Hello from FreeRTOS fuzz demo!
[TEST_CASE_COMPLETED]
Hello from FreeRTOS fuzz demo!
[TEST_CASE_COMPLETED]
Hello from FreeRTOS fuzz demo!
[TEST_CASE_COMPLETED]
Hello from FreeRTOS fuzz demo!
[TEST_CASE_COMPLETED]
Hello from FreeRTOS fuzz demo!
[TEST_CASE_COMPLETED]
Hello from FreeRTOS fuzz demo!
[TEST_CASE_COMPLETED]
Hello from FreeRTOS fuzz demo!
[TEST_CASE_COMPLETED]
Hello from FreeRTOS fuzz demo!
[TEST_CASE_COMPLETED]
Hello from FreeRTOS fuzz demo!
[TEST_CASE_COMPLETED]
Hello from FreeRTOS fuzz demo!
[TEST_CASE_COMPLETED]
Hello from FreeRTOS fuzz demo!
[TEST_CASE_COMPLETED]
Hello from FreeRTOS fuzz demo!
[TEST_CASE_COMPLETED]
Hello from FreeRTOS fuzz demo!
[TEST_CASE_COMPLETED]
Hello from FreeRTOS fuzz demo!
[TEST_CASE_COMPLETED]
Hello [UserStats   #1]  (GLOBAL) run time: 2s, clients: 1, corpus: 115, objectives: 0, executions: 4417, exec/sec: 1.701k, edges: 100.000%, stability: 100.000%
fr                  (CLIENT) corpus: 115, objectives: 0, executions: 4417, exec/sec: 1.701k, edges: 471/471 (100%), stability: 374/374 (100%)
om FreeRTOS fuzz demo!
[TEST_CASE_COMPLETED]
[Testcase    #1]  (GLOBAL) run time: 2s, clients: 1, corpus: 116, objectives: 0, executions: 4417, exec/sec: 1.701k, edges: 100.000%, stability: 100.000%
                  (CLIENT) corpus: 116, objectives: 0, executions: 4417, exec/sec: 1.701k, edges: 471/471 (100%), stability: 374/374 (100%)
Hello from FreeRTOS fuzz demo!
[TEST_CASE_COMPLETED]
Hello from FreeRTOS fuzz demo!
[TEST_CASE_COMPLETED]
Hello from FreeRTOS fuzz demo!
[TEST_CASE_COMPLETED]
Hello from FreeRTOS fuzz demo!
[TEST_CASE_COMPLETED]
Hello from FreeRTOS fuzz demo!
[TEST_CASE_COMPLETED]
Hello from FreeRTOS fuzz demo!
[TEST_CASE_COMPLETED]
Hello from FreeRTOS fuzz demo!
[TEST_CASE_COMPLETED]
Hello from FreeRTOS fuzz demo!
[TEST_CASE_COMPLETED]
Hello from FreeRTOS fuzz demo!
[TEST_CASE_COMPLETED]
Hello from FreeRTOS fuzz demo!
[TEST_CASE_COMPLETED]
Hello from FreeRTOS fuzz demo!
[TEST_CASE_COMPLETED]
Hello from FreeRTOS fuzz demo!
[TEST_CASE_COMPLETED]
Hello from FreeRTOS fuzz demo!
[TEST_CASE_COMPLETED]
Hello from FreeRTOS fuzz demo!
[TEST_CASE_COMPLETED]
Hello from FreeRTOS fuzz demo!
[TEST_CASE_COMPLETED]
Hello from FreeRTOS fuzz demo!
[TEST_CASE_COMPLETED]
Hello from FreeRTOS fuzz demo!
[TEST_CASE_COMPLETED]
[UserStats   #1]  (GLOBAL) run time: 2s, clients: 1, corpus: 116, objectives: 0, executions: 4440, exec/sec: 1.703k, edges: 100.000%, stability: 100.000%
                  (CLIENT) corpus: 116, objectives: 0, executions: 4440, exec/sec: 1.703k, edges: 472/472 (100%), stability: 374/374 (100%)
Hello from FreeRTOS fuzz demo!
[Testcase    #1]  (GLOBAL) run time: 2s, clients: 1, corpus: 117, objectives: 0, executions: 4440, exec/sec: 1.703k, edges: 100.000%, stability: 100.000%
                  (CLIENT) corpus: 117, objectives: 0, executions: 4440, exec/sec: 1.703k, edges: 472/472 (100%), stability: 374/374 (100%)
[TEST_CASE_COMPLETED]
Hello from FreeRTOS fuzz demo!
[TEST_CASE_COMPLETED]
Hello from FreeRTOS fuzz demo!
[TEST_CASE_COMPLETED]
Hello from FreeRTOS fuzz demo!
[TEST_CASE_COMPLETED]
Hello from FreeRTOS fuzz demo!
[TEST_CASE_COMPLETED]
Hello from FreeRTOS fuzz demo!
[TEST_CASE_COMPLETED]
Hello from FreeRTOS fuzz demo!
[TEST_CASE_COMPLETED]
Hello from FreeRTOS fuzz demo!
[TEST_CASE_COMPLETED]
Hello from FreeRTOS fuzz demo!
[TEST_CASE_COMPLETED]
Hello from FreeRTOS fuzz demo!
[TEST_CASE_COMPLETED]
Hello from FreeRTOS fuzz demo!
[TEST_CASE_COMPLETED]
Hello from FreeRTOS fuzz demo!
[TEST_CASE_COMPLETED]
Hello from FreeRTOS fuzz demo!
[TEST_CASE_COMPLETED]
Hello from FreeRTOS fuzz demo!
[TEST_CASE_COMPLETED]
Hello from FreeRTOS fuzz demo!
[TEST_CASE_COMPLETED]
Hello from FreeRTOS fuzz demo!
[TEST_CASE_COMPLETED]
Hello from FreeRTOS fuzz demo!
[TEST_CASE_COMPLETED]
Hello from FreeRTOS fuzz demo!
[TEST_CASE_COMPLETED]
Hello from FreeRTOS fuzz demo!
[TEST_CASE_COMPLETED]
Hello from FreeRTOS fuzz demo!
[TEST_CASE_COMPLETED]
Hello from FreeRTOS fuzz demo!
[TEST_CASE_COMPLETED]
Hello from FreeRTOS fuzz demo!
[TEST_CASE_COMPLETED]
Hello from FreeRTOS fuzz demo!
[TEST_CASE_COMPLETED]
Hello from FreeRTOS fuzz demo!
[TEST_CASE_COMPLETED]
Hello from FreeRTOS fuzz demo!
[TEST_CASE_COMPLETED]
Hello from FreeRTOS fuzz demo!
[TEST_CASE_COMPLETED]
Hello from FreeRTOS fuzz demo!
[TEST_CASE_COMPLETED]
Hello from FreeRTOS fuzz demo!
[TEST_CASE_COMPLETED]
Hello from FreeRTOS fuzz demo!
[TEST_CASE_COMPLETED]
Hello from FreeRTOS fuzz demo!
[TEST_CASE_COMPLETED]
Hello from FreeRTOS fuzz demo!
[TEST_CASE_COMPLETED]
Hello from FreeRTOS fuzz demo!
[TEST_CASE_COMPLETED]
Hello from FreeRTOS fuzz demo!
[TEST_CASE_COMPLETED]
Hello from FreeRTOS fuzz demo!
[TEST_CASE_COMPLETED]
Hello from FreeRTOS fuzz demo!
[TEST_CASE_COMPLETED]
Hello from FreeRTOS fuzz demo!
[TEST_CASE_COMPLETED]
Hello from FreeRTOS fuzz demo!
[TEST_CASE_COMPLETED]
Hello from FreeRTOS fuzz demo!
[TEST_CASE_COMPLETED]
Hello from FreeRTOS fuzz demo!
[TEST_CASE_COMPLETED]
Hello from FreeRTOS fuzz demo!
[TEST_CASE_COMPLETED]
Hello from FreeRTOS fuzz demo!
[TEST_CASE_COMPLETED]
Hello from FreeRTOS fuzz demo!
[TEST_CASE_COMPLETED]
Hello from FreeRTOS fuzz demo!
[TEST_CASE_COMPLETED]
Hello from FreeRTOS fuzz demo!
[TEST_CASE_COMPLETED]
Hello from FreeRTOS fuzz demo!
[TEST_CASE_COMPLETED]
Hello from FreeRTOS fuzz demo!
[TEST_CASE_COMPLETED]
Hello from FreeRTOS fuzz demo!
[TEST_CASE_COMPLETED]
Hello from FreeRTOS fuzz demo!
[TEST_CASE_COMPLETED]
Hello from FreeRTOS fuzz demo!
[TEST_CASE_COMPLETED]
Hello from FreeRTOS fuzz demo!
[TEST_CASE_COMPLETED]
Hello from FreeRTOS fuzz demo!
[TEST_CASE_COMPLETED]
Hello from FreeRTOS fuzz demo!
[TEST_CASE_COMPLETED]
Hello from FreeRTOS fuzz demo!
[TEST_CASE_COMPLETED]
Hello from FreeRTOS fuzz demo!
[TEST_CASE_COMPLETED]
Hello from FreeRTOS fuzz demo!
[TEST_CASE_COMPLETED]
Hello from FreeRTOS fuzz demo!
[TEST_CASE_COMPLETED]
Hello from FreeRTOS fuzz demo!
[TEST_CASE_COMPLETED]
Hello from FreeRTOS fuzz demo!
[TEST_CASE_COMPLETED]
Hello from FreeRTOS fuzz demo!
[TEST_CASE_COMPLETED]
Hello from FreeRTOS fuzz demo!
[TEST_CASE_COMPLETED]
Hello from FreeRTOS fuzz demo!
[TEST_CASE_COMPLETED]
Hello from FreeRTOS fuzz demo!
[TEST_CASE_COMPLETED]
Hello from FreeRTOS fuzz demo!
[TEST_CASE_COMPLETED]
Hello from FreeRTOS fuzz demo!
[TEST_CASE_COMPLETED]
Hello from FreeRTOS fuzz demo!
[TEST_CASE_COMPLETED]
Hello from FreeRTOS fuzz demo!
[TEST_CASE_COMPLETED]
Hello from FreeRTOS fuzz demo!
[TEST_CASE_COMPLETED]
Hello from FreeRTOS fuzz demo!
[TEST_CASE_COMPLETED]
Hello from FreeRTOS fuzz demo!
[TEST_CASE_COMPLETED]
Hello from FreeRTOS fuzz demo!
[TEST_CASE_COMPLETED]
Hello from FreeRTOS fuzz demo!
[TEST_CASE_COMPLETED]
Hello from FreeRTOS fuzz demo!
[TEST_CASE_COMPLETED]
Hello from FreeRTOS fuzz demo!
[TEST_CASE_COMPLETED]
[UserStats   #1]  (GLOBAL) run time: 2s, clients: 1, corpus: 117, objectives: 0, executions: 4506, exec/sec: 1.702k, edges: 100.000%, stability: 100.000%
                  (CLIENT) corpus: 117, objectives: 0, executions: 4506, exec/sec: 1.702k, edges: 473/473 (100%), stability: 374/374 (100%)
Hello from FreeRTOS fuzz demo!
[TEST_CASE_COMPLETED]
[Testcase    #1]  (GLOBAL) run time: 2s, clients: 1, corpus: 118, objectives: 0, executions: 4506, exec/sec: 1.702k, edges: 100.000%, stability: 100.000%
                  (CLIENT) corpus: 118, objectives: 0, executions: 4506, exec/sec: 1.702k, edges: 473/473 (100%), stability: 374/374 (100%)
Hello from FreeRTOS fuzz demo!
[TEST_CASE_COMPLETED]
Hello from FreeRTOS fuzz demo!
[TEST_CASE_COMPLETED]
Hello from FreeRTOS fuzz demo!
[TEST_CASE_COMPLETED]
Hello from FreeRTOS fuzz demo!
[TEST_CASE_COMPLETED]
Hello from FreeRTOS fuzz demo!
[TEST_CASE_COMPLETED]
Hello from FreeRTOS fuzz demo!
[TEST_CASE_COMPLETED]
Hello from FreeRTOS fuzz demo!
[TEST_CASE_COMPLETED]
Hello from FreeRTOS fuzz demo!
[TEST_CASE_COMPLETED]
Hello from FreeRTOS fuzz demo!
[TEST_CASE_COMPLETED]
Hello from FreeRTOS fuzz demo!
[TEST_CASE_COMPLETED]
Hello from FreeRTOS fuzz demo!
[TEST_CASE_COMPLETED]
Hello from FreeRTOS fuzz demo!
[TEST_CASE_COMPLETED]
Hello from FreeRTOS fuzz demo!
[TEST_CASE_COMPLETED]
Hello from FreeRTOS fuzz demo!
[TEST_CASE_COMPLETED]
Hello from FreeRTOS fuzz demo!
[TEST_CASE_COMPLETED]
Hello from FreeRTOS fuzz demo!
[TEST_CASE_COMPLETED]
Hello from FreeRTOS fuzz demo!
[TEST_CASE_COMPLETED]
Hello from FreeRTOS fuzz demo!
[TEST_CASE_COMPLETED]
Hello from FreeRTOS fuzz demo!
[TEST_CASE_COMPLETED]
Hello from FreeRTOS fuzz demo!
[TEST_CASE_COMPLETED]
Hello from FreeRTOS fuzz demo!
[TEST_CASE_COMPLETED]
Hello from FreeRTOS fuzz demo!
[TEST_CASE_COMPLETED]
Hello from FreeRTOS fuzz demo!
[TEST_CASE_COMPLETED]
Hello from FreeRTOS fuzz demo!
[TEST_CASE_COMPLETED]
Hello from FreeRTOS fuzz demo!
[TEST_CASE_COMPLETED]
Hello from FreeRTOS fuzz demo!
[TEST_CASE_COMPLETED]
Hello from FreeRTOS fuzz demo!
[TEST_CASE_COMPLETED]
Hello from FreeRTOS fuzz demo!
[TEST_CASE_COMPLETED]
Hello from FreeRTOS fuzz demo!
[TEST_CASE_COMPLETED]
Hello from FreeRTOS fuzz demo!
[TEST_CASE_COMPLETED]
Hello from FreeRTOS fuzz demo!
[TEST_CASE_COMPLETED]
Hello from FreeRTOS fuzz demo!
[TEST_CASE_COMPLETED]
Hello from FreeRTOS fuzz demo!
[TEST_CASE_COMPLETED]
Hello from FreeRTOS fuzz demo!
[TEST_CASE_COMPLETED]
Hello from FreeRTOS fuzz demo!
[TEST_CASE_COMPLETED]
Hello from FreeRTOS fuzz demo!
[TEST_CASE_COMPLETED]
Hello from FreeRTOS fuzz demo!
[TEST_CASE_COMPLETED]
Hello from FreeRTOS fuzz demo!
[TEST_CASE_COMPLETED]
Hello from FreeRTOS fuzz demo!
[TEST_CASE_COMPLETED]
Hello from FreeRTOS fuzz demo!
[TEST_CASE_COMPLETED]
Hello from FreeRTOS fuzz demo!
[TEST_CASE_COMPLETED]
Hello from FreeRTOS fuzz demo!
[TEST_CASE_COMPLETED]
Hello from FreeRTOS fuzz demo!
[TEST_CASE_COMPLETED]
Hello from FreeRTOS fuzz demo!
[TEST_CASE_COMPLETED]
Hello from FreeRTOS fuzz demo!
[TEST_CASE_COMPLETED]
Hello from FreeRTOS fuzz demo!
[TEST_CASE_COMPLETED]
Hello from FreeRTOS fuzz demo!
[TEST_CASE_COMPLETED]
Hello from FreeRTOS fuzz demo!
[TEST_CASE_COMPLETED]
Hello from FreeRTOS fuzz demo!
[TEST_CASE_COMPLETED]
Hello from FreeRTOS fuzz demo!
[TEST_CASE_COMPLETED]
Hello from FreeRTOS fuzz demo!
[TEST_CASE_COMPLETED]
Hello from FreeRTOS fuzz demo!
[TEST_CASE_COMPLETED]
Hello from FreeRTOS fuzz demo!
[TEST_CASE_COMPLETED]
Hello from FreeRTOS fuzz demo!
[TEST_CASE_COMPLETED]
Hello from FreeRTOS fuzz demo!
[TEST_CASE_COMPLETED]
Hello from FreeRTOS fuzz demo!
[TEST_CASE_COMPLETED]
Hello from FreeRTOS fuzz demo!
[TEST_CASE_COMPLETED]
Hello from FreeRTOS fuzz demo!
[TEST_CASE_COMPLETED]
Hello from FreeRTOS fuzz demo!
[TEST_CASE_COMPLETED]
Hello from FreeRTOS fuzz demo!
[TEST_CASE_COMPLETED]
Hello from FreeRTOS fuzz demo!
[TEST_CASE_COMPLETED]
Hello from FreeRTOS fuzz demo!
[TEST_CASE_COMPLETED]
Hello from FreeRTOS fuzz demo!
[TEST_CASE_COMPLETED]
Hello from FreeRTOS fuzz demo!
[TEST_CASE_COMPLETED]
Hello from FreeRTOS fuzz demo!
[TEST_CASE_COMPLETED]
Hello from FreeRTOS fuzz demo!
[TEST_CASE_COMPLETED]
Hello from FreeRTOS fuzz demo!
[TEST_CASE_COMPLETED]
Hello from FreeRTOS fuzz demo!
[TEST_CASE_COMPLETED]
Hello from FreeRTOS fuzz demo!
[TEST_CASE_COMPLETED]
Hello from FreeRTOS fuzz demo!
[TEST_CASE_COMPLETED]
Hello from FreeRTOS fuzz demo!
[TEST_CASE_COMPLETED]
Hello from FreeRTOS fuzz demo!
[TEST_CASE_COMPLETED]
Hello from FreeRTOS fuzz demo!
[TEST_CASE_COMPLETED]
Hello from FreeRTOS fuzz demo!
[TEST_CASE_COMPLETED]
Hello from FreeRTOS fuzz demo!
[TEST_CASE_COMPLETED]
Hello from FreeRTOS fuzz demo!
[TEST_CASE_COMPLETED]
Hello from FreeRTOS fuzz demo!
[TEST_CASE_COMPLETED]
Hello from FreeRTOS fuzz demo!
[TEST_CASE_COMPLETED]
Hello from FreeRTOS fuzz demo!
[TEST_CASE_COMPLETED]
Hello from FreeRTOS fuzz demo!
[TEST_CASE_COMPLETED]
Hello from FreeRTOS fuzz demo!
[TEST_CASE_COMPLETED]
Hello from FreeRTOS fuzz demo!
[TEST_CASE_COMPLETED]
Hello from FreeRTOS fuzz demo!
[TEST_CASE_COMPLETED]
Hello from FreeRTOS fuzz demo!
[TEST_CASE_COMPLETED]
Hello from FreeRTOS fuzz demo!
[TEST_CASE_COMPLETED]
Hello from FreeRTOS fuzz demo!
[TEST_CASE_COMPLETED]
Hello from FreeRTOS fuzz demo!
[TEST_CASE_COMPLETED]
Hello from FreeRTOS fuzz demo!
[TEST_CASE_COMPLETED]
Hello from FreeRTOS fuzz demo!
[TEST_CASE_COMPLETED]
Hello from FreeRTOS fuzz demo!
[TEST_CASE_COMPLETED]
Hello from FreeRTOS fuzz demo!
[TEST_CASE_COMPLETED]
Hello from FreeRTOS fuzz demo!
[TEST_CASE_COMPLETED]
Hello from FreeRTOS fuzz demo!
[TEST_CASE_COMPLETED]
Hello from FreeRTOS fuzz demo!
[TEST_CASE_COMPLETED]
Hello from FreeRTOS fuzz demo!
[TEST_CASE_COMPLETED]
Hello from FreeRTOS fuzz demo!
[TEST_CASE_COMPLETED]
Hello from FreeRTOS fuzz demo!
[TEST_CASE_COMPLETED]
Hello from FreeRTOS fuzz demo!
[TEST_CASE_COMPLETED]
Hello from FreeRTOS fuzz demo!
[TEST_CASE_COMPLETED]
Hello from FreeRTOS fuzz demo!
[TEST_CASE_COMPLETED]
Hello from FreeRTOS fuzz demo!
[TEST_CASE_COMPLETED]
Hello from FreeRTOS fuzz demo!
[TEST_CASE_COMPLETED]
Hello from FreeRTOS fuzz demo!
[TEST_CASE_COMPLETED]
Hello from FreeRTOS fuzz demo!
[TEST_CASE_COMPLETED]
Hello from FreeRTOS fuzz demo!
[TEST_CASE_COMPLETED]
Hello from FreeRTOS fuzz demo!
[TEST_CASE_COMPLETED]
Hello from FreeRTOS fuzz demo!
[TEST_CASE_COMPLETED]
Hello from FreeRTOS fuzz demo!
[TEST_CASE_COMPLETED]
Hello from FreeRTOS fuzz demo!
[TEST_CASE_COMPLETED]
Hello from FreeRTOS fuzz demo!
[TEST_CASE_COMPLETED]
Hello from FreeRTOS fuzz demo!
[UserStats   #1]  (GLOBAL) run time: 2s, clients: 1, corpus: 118, objectives: 0, executions: 4623, exec/sec: 1.707k, edges: 100.000%, stability: 100.000%
                  (CLIENT) corpus: 118, objectives: 0, executions: 4623, exec/sec: 1.707k, edges: 474/474 (100%), stability: 374/374 (100%)
[TEST_CASE_COMPLETED]
[Testcase    #1]  (GLOBAL) run time: 2s, clients: 1, corpus: 119, objectives: 0, executions: 4623, exec/sec: 1.706k, edges: 100.000%, stability: 100.000%
                  (CLIENT) corpus: 119, objectives: 0, executions: 4623, exec/sec: 1.706k, edges: 474/474 (100%), stability: 374/374 (100%)
Hello from FreeRTOS fuzz demo!
[TEST_CASE_COMPLETED]
Hello from FreeRTOS fuzz demo!
[TEST_CASE_COMPLETED]
Hello from FreeRTOS fuzz demo!
[TEST_CASE_COMPLETED]
Hello from FreeRTOS fuzz demo!
[TEST_CASE_COMPLETED]
Hello from FreeRTOS fuzz demo!
[TEST_CASE_COMPLETED]
Hello from FreeRTOS fuzz demo!
[TEST_CASE_COMPLETED]
Hello from FreeRTOS fuzz demo!
[TEST_CASE_COMPLETED]
Hello from FreeRTOS fuzz demo!
[TEST_CASE_COMPLETED]
Hello from FreeRTOS fuzz demo!
[TEST_CASE_COMPLETED]
Hello from FreeRTOS fuzz demo!
[TEST_CASE_COMPLETED]
Hello from FreeRTOS fuzz demo!
[TEST_CASE_COMPLETED]
Hello from FreeRTOS fuzz demo!
[TEST_CASE_COMPLETED]
Hello from FreeRTOS fuzz demo!
[TEST_CASE_COMPLETED]
Hello from FreeRTOS fuzz demo!
[TEST_CASE_COMPLETED]
Hello from FreeRTOS fuzz demo!
[TEST_CASE_COMPLETED]
Hello from FreeRTOS fuzz demo!
[TEST_CASE_COMPLETED]
Hello from FreeRTOS fuzz demo!
[TEST_CASE_COMPLETED]
Hello from FreeRTOS fuzz demo!
[TEST_CASE_COMPLETED]
Hello from FreeRTOS fuzz demo!
[TEST_CASE_COMPLETED]
Hello from FreeRTOS fuzz demo!
[TEST_CASE_COMPLETED]
Hello from FreeRTOS fuzz demo!
[TEST_CASE_COMPLETED]
Hello from FreeRTOS fuzz demo!
[TEST_CASE_COMPLETED]
Hello from FreeRTOS fuzz demo!
[TEST_CASE_COMPLETED]
Hello from FreeRTOS fuzz demo!
[TEST_CASE_COMPLETED]
Hello from FreeRTOS fuzz demo!
[TEST_CASE_COMPLETED]
Hello from FreeRTOS fuzz demo!
[TEST_CASE_COMPLETED]
Hello from FreeRTOS fuzz demo!
[TEST_CASE_COMPLETED]
Hello from FreeRTOS fuzz demo!
[TEST_CASE_COMPLETED]
Hello from FreeRTOS fuzz demo!
[TEST_CASE_COMPLETED]
Hello from FreeRTOS fuzz demo!
[TEST_CASE_COMPLETED]
Hello from FreeRTOS fuzz demo!
[TEST_CASE_COMPLETED]
Hello from FreeRTOS fuzz demo!
[TEST_CASE_COMPLETED]
Hello from FreeRTOS fuzz demo!
[TEST_CASE_COMPLETED]
Hello from FreeRTOS fuzz demo!
[TEST_CASE_COMPLETED]
Hello from FreeRTOS fuzz demo!
[TEST_CASE_COMPLETED]
Hello from FreeRTOS fuzz demo!
[TEST_CASE_COMPLETED]
Hello from FreeRTOS fuzz demo!
[TEST_CASE_COMPLETED]
Hello from FreeRTOS fuzz demo!
[TEST_CASE_COMPLETED]
Hello from FreeRTOS fuzz demo!
[TEST_CASE_COMPLETED]
Hello from FreeRTOS fuzz demo!
[TEST_CASE_COMPLETED]
Hello from FreeRTOS fuzz demo!
[TEST_CASE_COMPLETED]
Hello from FreeRTOS fuzz demo!
[TEST_CASE_COMPLETED]
Hello from FreeRTOS fuzz demo!
[TEST_CASE_COMPLETED]
Hello from FreeRTOS fuzz demo!
[TEST_CASE_COMPLETED]
Hello from FreeRTOS fuzz demo!
[UserStats   #1]  (GLOBAL) run time: 2s, clients: 1, corpus: 119, objectives: 0, executions: 4662, exec/sec: 1.705k, edges: 100.000%, stability: 100.000%
                  (CLIENT) corpus: 119, objectives: 0, executions: 4662, exec/sec: 1.705k, edges: 475/475 (100%), stability: 374/374 (100%)
[TEST_CASE_COMPLETED]
[Testcase    #1]  (GLOBAL) run time: 2s, clients: 1, corpus: 120, objectives: 0, executions: 4662, exec/sec: 1.705k, edges: 100.000%, stability: 100.000%
                  (CLIENT) corpus: 120, objectives: 0, executions: 4662, exec/sec: 1.705k, edges: 475/475 (100%), stability: 374/374 (100%)
Hello from FreeRTOS fuzz demo!
[TEST_CASE_COMPLETED]
Hello from FreeRTOS fuzz demo!
[TEST_CASE_COMPLETED]
Hello from FreeRTOS fuzz demo!
[TEST_CASE_COMPLETED]
Hello from FreeRTOS fuzz demo!
[TEST_CASE_COMPLETED]
Hello from FreeRTOS fuzz demo!
[TEST_CASE_COMPLETED]
Hello from FreeRTOS fuzz demo!
[TEST_CASE_COMPLETED]
Hello from FreeRTOS fuzz demo!
[TEST_CASE_COMPLETED]
Hello from FreeRTOS fuzz demo!
[TEST_CASE_COMPLETED]
Hello from FreeRTOS fuzz demo!
[TEST_CASE_COMPLETED]
Hello from FreeRTOS fuzz demo!
[TEST_CASE_COMPLETED]
Hello from FreeRTOS fuzz demo!
[TEST_CASE_COMPLETED]
Hello from FreeRTOS fuzz demo!
[TEST_CASE_COMPLETED]
Hello from FreeRTOS fuzz demo!
[TEST_CASE_COMPLETED]
Hello from FreeRTOS fuzz demo!
[TEST_CASE_COMPLETED]
Hello from FreeRTOS fuzz demo!
[TEST_CASE_COMPLETED]
Hello from FreeRTOS fuzz demo!
[TEST_CASE_COMPLETED]
Hello from FreeRTOS fuzz demo!
[TEST_CASE_COMPLETED]
Hello from FreeRTOS fuzz demo!
[TEST_CASE_COMPLETED]
Hello from FreeRTOS fuzz demo!
[TEST_CASE_COMPLETED]
Hello from FreeRTOS fuzz demo!
[TEST_CASE_COMPLETED]
Hello from FreeRTOS fuzz demo!
[TEST_CASE_COMPLETED]
Hello from FreeRTOS fuzz demo!
[TEST_CASE_COMPLETED]
Hello from FreeRTOS fuzz demo!
[TEST_CASE_COMPLETED]
Hello from FreeRTOS fuzz demo!
[TEST_CASE_COMPLETED]
Hello from FreeRTOS fuzz demo!
[TEST_CASE_COMPLETED]
Hello from FreeRTOS fuzz demo!
[TEST_CASE_COMPLETED]
Hello from FreeRTOS fuzz demo!
[TEST_CASE_COMPLETED]
[UserStats   #1]  (GLOBAL) run time: 2s, clients: 1, corpus: 120, objectives: 0, executions: 4691, exec/sec: 1.706k, edges: 100.000%, stability: 100.000%
                  (CLIENT) corpus: 120, objectives: 0, executions: 4691, exec/sec: 1.706k, edges: 475/475 (100%), stability: 374/374 (100%)
Hello from Fr[Testcase    #1]  (GLOBAL) run time: 2s, clients: 1, corpus: 121, objectives: 0, executions: 4691, exec/sec: 1.706k, edges: 100.000%, stability: 100.000%
eeR                  (CLIENT) corpus: 121, objectives: 0, executions: 4691, exec/sec: 1.706k, edges: 475/475 (100%), stability: 374/374 (100%)
TOS fuzz demo!
[TEST_CASE_COMPLETED]
Hello from FreeRTOS fuzz demo!
[TEST_CASE_COMPLETED]
Hello from FreeRTOS fuzz demo!
[TEST_CASE_COMPLETED]
Hello from FreeRTOS fuzz demo!
[TEST_CASE_COMPLETED]
Hello from FreeRTOS fuzz demo!
[TEST_CASE_COMPLETED]
Hello from FreeRTOS fuzz demo!
[TEST_CASE_COMPLETED]
Hello from FreeRTOS fuzz demo!
[TEST_CASE_COMPLETED]
Hello from FreeRTOS fuzz demo!
[TEST_CASE_COMPLETED]
Hello from FreeRTOS fuzz demo!
[TEST_CASE_COMPLETED]
Hello from FreeRTOS fuzz demo!
[TEST_CASE_COMPLETED]
Hello from FreeRTOS fuzz demo!
[TEST_CASE_COMPLETED]
Hello from FreeRTOS fuzz demo!
[TEST_CASE_COMPLETED]
Hello from FreeRTOS fuzz demo!
[TEST_CASE_COMPLETED]
Hello from FreeRTOS fuzz demo!
[TEST_CASE_COMPLETED]
Hello from FreeRTOS fuzz demo!
[TEST_CASE_COMPLETED]
Hello from FreeRTOS fuzz demo!
[TEST_CASE_COMPLETED]
Hello from FreeRTOS fuzz demo!
[TEST_CASE_COMPLETED]
Hello from FreeRTOS fuzz demo!
[TEST_CASE_COMPLETED]
Hello from FreeRTOS fuzz demo!
[TEST_CASE_COMPLETED]
Hello from FreeRTOS fuzz demo!
[TEST_CASE_COMPLETED]
Hello from FreeRTOS fuzz demo!
[TEST_CASE_COMPLETED]
Hello from FreeRTOS fuzz demo!
[TEST_CASE_COMPLETED]
Hello from FreeRTOS fuzz demo!
[TEST_CASE_COMPLETED]
Hello from FreeRTOS fuzz demo!
[TEST_CASE_COMPLETED]
Hello from FreeRTOS fuzz demo!
[TEST_CASE_COMPLETED]
Hello from FreeRTOS fuzz demo!
[TEST_CASE_COMPLETED]
Hello from FreeRTOS fuzz demo!
[TEST_CASE_COMPLETED]
Hello from FreeRTOS fuzz demo!
[TEST_CASE_COMPLETED]
Hello from FreeRTOS fuzz demo!
[TEST_CASE_COMPLETED]
Hello from FreeRTOS fuzz demo!
[TEST_CASE_COMPLETED]
Hello from FreeRTOS fuzz demo!
[TEST_CASE_COMPLETED]
Hello from FreeRTOS fuzz demo!
[TEST_CASE_COMPLETED]
Hello from FreeRTOS fuzz demo!
[TEST_CASE_COMPLETED]
Hello from FreeRTOS fuzz demo!
[TEST_CASE_COMPLETED]
Hello from FreeRTOS fuzz demo!
[TEST_CASE_COMPLETED]
Hello from FreeRTOS fuzz demo!
[TEST_CASE_COMPLETED]
Hello [UserStats   #1]  (GLOBAL) run time: 2s, clients: 1, corpus: 121, objectives: 0, executions: 4734, exec/sec: 1.708k, edges: 100.000%, stability: 100.000%
fro                  (CLIENT) corpus: 121, objectives: 0, executions: 4734, exec/sec: 1.708k, edges: 476/476 (100%), stability: 374/374 (100%)
m FreeRTOS fuzz demo!
[TEST_CASE_COMPLETED]
[Testcase    #1]  (GLOBAL) run time: 2s, clients: 1, corpus: 122, objectives: 0, executions: 4734, exec/sec: 1.708k, edges: 100.000%, stability: 100.000%
                  (CLIENT) corpus: 122, objectives: 0, executions: 4734, exec/sec: 1.708k, edges: 476/476 (100%), stability: 374/374 (100%)
Hello from FreeRTOS fuzz demo!
[TEST_CASE_COMPLETED]
Hello from FreeRTOS fuzz demo!
[TEST_CASE_COMPLETED]
Hello from FreeRTOS fuzz demo!
[TEST_CASE_COMPLETED]
Hello from FreeRTOS fuzz demo!
[TEST_CASE_COMPLETED]
Hello from FreeRTOS fuzz demo!
[TEST_CASE_COMPLETED]
Hello from FreeRTOS fuzz demo!
[TEST_CASE_COMPLETED]
Hello from FreeRTOS fuzz demo!
[TEST_CASE_COMPLETED]
Hello from FreeRTOS fuzz demo!
[TEST_CASE_COMPLETED]
Hello from FreeRTOS fuzz demo!
[TEST_CASE_COMPLETED]
Hello from FreeRTOS fuzz demo!
[TEST_CASE_COMPLETED]
Hello from FreeRTOS fuzz demo!
[TEST_CASE_COMPLETED]
Hello from FreeRTOS fuzz demo!
[TEST_CASE_COMPLETED]
Hello from FreeRTOS fuzz demo!
[TEST_CASE_COMPLETED]
Hello from FreeRTOS fuzz demo!
[TEST_CASE_COMPLETED]
Hello from FreeRTOS fuzz demo!
[TEST_CASE_COMPLETED]
Hello from FreeRTOS fuzz demo!
[TEST_CASE_COMPLETED]
Hello from FreeRTOS fuzz demo!
[TEST_CASE_COMPLETED]
Hello from FreeRTOS fuzz demo!
[TEST_CASE_COMPLETED]
Hello from FreeRTOS fuzz demo!
[TEST_CASE_COMPLETED]
Hello from FreeRTOS fuzz demo!
[TEST_CASE_COMPLETED]
Hello from FreeRTOS fuzz demo!
[TEST_CASE_COMPLETED]
Hello from FreeRTOS fuzz demo!
[TEST_CASE_COMPLETED]
Hello from FreeRTOS fuzz demo!
[TEST_CASE_COMPLETED]
Hello from FreeRTOS fuzz demo!
[TEST_CASE_COMPLETED]
Hello from FreeRTOS fuzz demo!
[TEST_CASE_COMPLETED]
Hello from FreeRTOS fuzz demo!
[TEST_CASE_COMPLETED]
Hello from FreeRTOS fuzz demo!
[TEST_CASE_COMPLETED]
Hello from FreeRTOS fuzz demo!
[TEST_CASE_COMPLETED]
Hello from FreeRTOS fuzz demo!
[TEST_CASE_COMPLETED]
Hello from FreeRTOS fuzz demo!
[TEST_CASE_COMPLETED]
Hello from FreeRTOS fuzz demo!
[TEST_CASE_COMPLETED]
Hello from FreeRTOS fuzz demo!
[TEST_CASE_COMPLETED]
Hello from FreeRTOS fuzz demo!
[TEST_CASE_COMPLETED]
Hello from FreeRTOS fuzz demo!
[TEST_CASE_COMPLETED]
Hello from FreeRTOS fuzz demo!
[TEST_CASE_COMPLETED]
Hello from FreeRTOS fuzz demo!
[TEST_CASE_COMPLETED]
Hello from FreeRTOS fuzz demo!
[TEST_CASE_COMPLETED]
Hello from FreeRTOS fuzz demo!
[TEST_CASE_COMPLETED]
Hello from FreeRTOS fuzz demo!
[TEST_CASE_COMPLETED]
Hello from FreeRTOS fuzz demo!
[TEST_CASE_COMPLETED]
Hello from FreeRTOS fuzz demo!
[TEST_CASE_COMPLETED]
Hello from FreeRTOS fuzz demo!
[TEST_CASE_COMPLETED]
Hello from FreeRTOS fuzz demo!
[TEST_CASE_COMPLETED]
Hello from FreeRTOS fuzz demo!
[TEST_CASE_COMPLETED]
Hello from FreeRTOS fuzz demo!
[TEST_CASE_COMPLETED]
Hello from FreeRTOS fuzz demo!
[TEST_CASE_COMPLETED]
Hello from FreeRTOS fuzz demo!
[TEST_CASE_COMPLETED]
Hello from FreeRTOS fuzz demo!
[TEST_CASE_COMPLETED]
Hello from FreeRTOS fuzz demo!
[TEST_CASE_COMPLETED]
Hello from FreeRTOS fuzz demo!
[TEST_CASE_COMPLETED]
Hello from FreeRTOS fuzz demo!
[TEST_CASE_COMPLETED]
Hello from FreeRTOS fuzz demo!
[TEST_CASE_COMPLETED]
Hello from FreeRTOS fuzz demo!
[TEST_CASE_COMPLETED]
Hello from FreeRTOS fuzz demo!
[TEST_CASE_COMPLETED]
Hello from FreeRTOS fuzz demo!
[TEST_CASE_COMPLETED]
Hello from FreeRTOS fuzz demo!
[TEST_CASE_COMPLETED]
Hello from FreeRTOS fuzz demo!
[TEST_CASE_COMPLETED]
Hello from FreeRTOS fuzz demo!
[TEST_CASE_COMPLETED]
Hello from FreeRTOS fuzz demo!
[TEST_CASE_COMPLETED]
Hello from FreeRTOS fuzz demo!
[TEST_CASE_COMPLETED]
Hello from FreeRTOS fuzz demo!
[TEST_CASE_COMPLETED]
Hello from FreeRTOS fuzz demo!
[TEST_CASE_COMPLETED]
Hello from FreeRTOS fuzz demo!
[TEST_CASE_COMPLETED]
[UserStats   #1]  (GLOBAL) run time: 2s, clients: 1, corpus: 122, objectives: 0, executions: 4793, exec/sec: 1.708k, edges: 100.000%, stability: 100.000%
                  (CLIENT) corpus: 122, objectives: 0, executions: 4793, exec/sec: 1.708k, edges: 477/477 (100%), stability: 374/374 (100%)
Hello from FreeRTOS fuzz demo!
[TEST_CASE_COMPLET[Testcase    #1]  (GLOBAL) run time: 2s, clients: 1, corpus: 123, objectives: 0, executions: 4793, exec/sec: 1.708k, edges: 100.000%, stability: 100.000%
ED]                  (CLIENT) corpus: 123, objectives: 0, executions: 4793, exec/sec: 1.708k, edges: 477/477 (100%), stability: 374/374 (100%)

Hello from FreeRTOS fuzz demo!
[TEST_CASE_COMPLETED]
Hello from FreeRTOS fuzz demo!
[TEST_CASE_COMPLETED]
Hello from FreeRTOS fuzz demo!
[TEST_CASE_COMPLETED]
Hello from FreeRTOS fuzz demo!
[TEST_CASE_COMPLETED]
Hello from FreeRTOS fuzz demo!
[TEST_CASE_COMPLETED]
Hello from FreeRTOS fuzz demo!
[TEST_CASE_COMPLETED]
Hello from FreeRTOS fuzz demo!
[TEST_CASE_COMPLETED]
Hello from FreeRTOS fuzz demo!
[TEST_CASE_COMPLETED]
Hello from FreeRTOS fuzz demo!
[TEST_CASE_COMPLETED]
Hello from FreeRTOS fuzz demo!
[TEST_CASE_COMPLETED]
Hello from FreeRTOS fuzz demo!
[TEST_CASE_COMPLETED]
Hello from FreeRTOS fuzz demo!
[TEST_CASE_COMPLETED]
Hello from FreeRTOS fuzz demo!
[TEST_CASE_COMPLETED]
Hello from FreeRTOS fuzz demo!
[TEST_CASE_COMPLETED]
Hello from FreeRTOS fuzz demo!
[TEST_CASE_COMPLETED]
Hello from FreeRTOS fuzz demo!
[TEST_CASE_COMPLETED]
Hello from FreeRTOS fuzz demo!
[TEST_CASE_COMPLETED]
Hello from FreeRTOS fuzz demo!
[TEST_CASE_COMPLETED]
Hello from FreeRTOS fuzz demo!
[TEST_CASE_COMPLETED]
Hello from FreeRTOS fuzz demo!
[TEST_CASE_COMPLETED]
Hello from FreeRTOS fuzz demo!
[TEST_CASE_COMPLETED]
Hello from FreeRTOS fuzz demo!
[TEST_CASE_COMPLETED]
Hello from FreeRTOS fuzz demo!
[TEST_CASE_COMPLETED]
Hello from FreeRTOS fuzz demo!
[TEST_CASE_COMPLETED]
Hello from FreeRTOS fuzz demo!
[TEST_CASE_COMPLETED]
Hello from FreeRTOS fuzz demo!
[TEST_CASE_COMPLETED]
Hello from FreeRTOS fuzz demo!
[TEST_CASE_COMPLETED]
Hello from FreeRTOS fuzz demo!
[TEST_CASE_COMPLETED]
Hello from FreeRTOS fuzz demo!
[TEST_CASE_COMPLETED]
Hello from FreeRTOS fuzz demo!
[TEST_CASE_COMPLETED]
Hello from FreeRTOS fuzz demo!
[TEST_CASE_COMPLETED]
Hello from FreeRTOS fuzz demo!
[TEST_CASE_COMPLETED]
Hello from FreeRTOS fuzz demo!
[TEST_CASE_COMPLETED]
Hello from FreeRTOS fuzz demo!
[TEST_CASE_COMPLETED]
Hello from FreeRTOS fuzz demo!
[TEST_CASE_COMPLETED]
Hello from FreeRTOS fuzz demo!
[TEST_CASE_COMPLETED]
Hello from FreeRTOS fuzz demo!
[TEST_CASE_COMPLETED]
Hello from FreeRTOS fuzz demo!
[TEST_CASE_COMPLETED]
Hello from FreeRTOS fuzz demo!
[TEST_CASE_COMPLETED]
Hello from FreeRTOS fuzz demo!
[TEST_CASE_COMPLETED]
Hello from FreeRTOS fuzz demo!
[TEST_CASE_COMPLETED]
Hello from FreeRTOS fuzz demo!
[TEST_CASE_COMPLETED]
Hello from FreeRTOS fuzz demo!
[TEST_CASE_COMPLETED]
Hello from FreeRTOS fuzz demo!
[TEST_CASE_COMPLETED]
Hello from FreeRTOS fuzz demo!
[TEST_CASE_COMPLETED]
Hello from FreeRTOS fuzz demo!
[TEST_CASE_COMPLETED]
Hello from FreeRTOS fuzz demo!
[TEST_CASE_COMPLETED]
Hello from FreeRTOS fuzz demo!
[TEST_CASE_COMPLETED]
Hello from FreeRTOS fuzz demo!
[TEST_CASE_COMPLETED]
Hello from FreeRTOS fuzz demo!
[TEST_CASE_COMPLETED]
Hello from FreeRTOS fuzz demo!
[TEST_CASE_COMPLETED]
Hello from FreeRTOS fuzz demo!
[TEST_CASE_COMPLETED]
Hello from FreeRTOS fuzz demo!
[TEST_CASE_COMPLETED]
Hello from FreeRTOS fuzz demo!
[TEST_CASE_COMPLETED]
Hello from FreeRTOS fuzz demo!
[TEST_CASE_COMPLETED]
Hello from FreeRTOS fuzz demo!
[TEST_CASE_COMPLETED]
Hello from FreeRTOS fuzz demo!
[TEST_CASE_COMPLETED]
Hello from FreeRTOS fuzz demo!
[TEST_CASE_COMPLETED]
Hello from FreeRTOS fuzz demo!
[TEST_CASE_COMPLETED]
Hello from FreeRTOS fuzz demo!
[TEST_CASE_COMPLETED]
Hello from FreeRTOS fuzz demo!
[TEST_CASE_COMPLETED]
Hello from FreeRTOS fuzz demo!
[TEST_CASE_COMPLETED]
Hello from FreeRTOS fuzz demo!
[TEST_CASE_COMPLETED]
Hello from FreeRTOS fuzz demo!
[TEST_CASE_COMPLETED]
Hello from FreeRTOS fuzz demo!
[TEST_CASE_COMPLETED]
Hello from FreeRTOS fuzz demo!
[TEST_CASE_COMPLETED]
Hello from FreeRTOS fuzz demo!
[TEST_CASE_COMPLETED]
Hello from FreeRTOS fuzz demo!
[TEST_CASE_COMPLETED]
Hello from FreeRTOS fuzz demo!
[TEST_CASE_COMPLETED]
Hello from FreeRTOS fuzz demo!
[TEST_CASE_COMPLETED]
Hello from FreeRTOS fuzz demo!
[TEST_CASE_COMPLETED]
Hello from FreeRTOS fuzz demo!
[TEST_CASE_COMPLETED]
Hello from FreeRTOS fuzz demo!
[TEST_CASE_COMPLETED]
Hello from FreeRTOS fuzz demo!
[TEST_CASE_COMPLETED]
Hello from FreeRTOS fuzz demo!
[TEST_CASE_COMPLETED]
Hello from FreeRTOS fuzz demo!
[TEST_CASE_COMPLETED]
Hello from FreeRTOS fuzz demo!
[TEST_CASE_COMPLETED]
Hello from FreeRTOS fuzz demo!
[TEST_CASE_COMPLETED]
Hello from FreeRTOS fuzz demo!
[TEST_CASE_COMPLETED]
Hello from FreeRTOS fuzz demo!
[TEST_CASE_COMPLETED]
Hello from FreeRTOS fuzz demo!
[TEST_CASE_COMPLETED]
Hello from FreeRTOS fuzz demo!
[TEST_CASE_COMPLETED]
Hello from FreeRTOS fuzz demo!
[TEST_CASE_COMPLETED]
Hello from FreeRTOS fuzz demo!
[TEST_CASE_COMPLETED]
Hello from FreeRTOS fuzz demo!
[TEST_CASE_COMPLETED]
Hello from FreeRTOS fuzz demo!
[TEST_CASE_COMPLETED]
Hello from FreeRTOS fuzz demo!
[TEST_CASE_COMPLETED]
Hello from FreeRTOS fuzz demo!
[TEST_CASE_COMPLETED]
Hello from FreeRTOS fuzz demo!
[TEST_CASE_COMPLETED]
Hello from FreeRTOS fuzz demo!
[TEST_CASE_COMPLETED]
Hello from FreeRTOS fuzz demo!
[TEST_CASE_COMPLETED]
Hello from FreeRTOS fuzz demo!
[TEST_CASE_COMPLETED]
Hello from FreeRTOS fuzz demo!
[TEST_CASE_COMPLETED]
Hello from FreeRTOS fuzz demo!
[TEST_CASE_COMPLETED]
Hello from FreeRTOS fuzz demo!
[TEST_CASE_COMPLETED]
Hello from FreeRTOS fuzz demo!
[TEST_CASE_COMPLETED]
Hello from FreeRTOS fuzz demo!
[TEST_CASE_COMPLETED]
Hello from FreeRTOS fuzz demo!
[TEST_CASE_COMPLETED]
Hello from FreeRTOS fuzz demo!
[TEST_CASE_COMPLETED]
Hello from FreeRTOS fuzz demo!
[TEST_CASE_COMPLETED]
Hello from FreeRTOS fuzz demo!
[TEST_CASE_COMPLETED]
Hello from FreeRTOS fuzz demo!
[TEST_CASE_COMPLETED]
Hello from FreeRTOS fuzz demo!
[TEST_CASE_COMPLETED]
Hello from FreeRTOS fuzz demo!
[TEST_CASE_COMPLETED]
Hello from FreeRTOS fuzz demo!
[TEST_CASE_COMPLETED]
Hello from FreeRTOS fuzz demo!
[TEST_CASE_COMPLETED]
Hello from FreeRTOS fuzz demo!
[TEST_CASE_COMPLETED]
Hello from FreeRTOS fuzz demo!
[TEST_CASE_COMPLETED]
Hello from FreeRTOS fuzz demo!
[TEST_CASE_COMPLETED]
Hello from FreeRTOS fuzz demo!
[TEST_CASE_COMPLETED]
Hello from FreeRTOS fuzz demo!
[TEST_CASE_COMPLETED]
Hello from FreeRTOS fuzz demo!
[TEST_CASE_COMPLETED]
Hello from FreeRTOS fuzz demo!
[TEST_CASE_COMPLETED]
Hello from FreeRTOS fuzz demo!
[TEST_CASE_COMPLETED]
Hello from FreeRTOS fuzz demo!
[TEST_CASE_COMPLETED]
Hello from FreeRTOS fuzz demo!
[TEST_CASE_COMPLETED]
Hello from FreeRTOS fuzz demo!
[TEST_CASE_COMPLETED]
Hello from FreeRTOS fuzz demo!
[TEST_CASE_COMPLETED]
Hello from FreeRTOS fuzz demo!
[TEST_CASE_COMPLETED]
Hello from FreeRTOS fuzz demo!
[TEST_CASE_COMPLETED]
Hello from FreeRTOS fuzz demo!
[TEST_CASE_COMPLETED]
Hello from FreeRTOS fuzz demo!
[TEST_CASE_COMPLETED]
Hello from FreeRTOS fuzz demo!
[TEST_CASE_COMPLETED]
Hello from FreeRTOS fuzz demo!
[TEST_CASE_COMPLETED]
Hello from FreeRTOS fuzz demo!
[TEST_CASE_COMPLETED]
Hello from FreeRTOS fuzz demo!
[TEST_CASE_COMPLETED]
Hello from FreeRTOS fuzz demo!
[TEST_CASE_COMPLETED]
Hello from FreeRTOS fuzz demo!
[TEST_CASE_COMPLETED]
Hello from FreeRTOS fuzz demo!
[TEST_CASE_COMPLETED]
Hello from FreeRTOS fuzz demo!
[TEST_CASE_COMPLETED]
Hello from FreeRTOS fuzz demo!
[TEST_CASE_COMPLETED]
Hello from FreeRTOS fuzz demo!
[TEST_CASE_COMPLETED]
Hello from FreeRTOS fuzz demo!
[TEST_CASE_COMPLETED]
Hello from FreeRTOS fuzz demo!
[TEST_CASE_COMPLETED]
Hello from FreeRTOS fuzz demo!
[TEST_CASE_COMPLETED]
Hello from FreeRTOS fuzz demo!
[TEST_CASE_COMPLETED]
Hello from FreeRTOS fuzz demo!
[TEST_CASE_COMPLETED]
Hello from FreeRTOS fuzz demo!
[TEST_CASE_COMPLETED]
Hello from FreeRTOS fuzz demo!
[TEST_CASE_COMPLETED]
Hello from FreeRTOS fuzz demo!
[TEST_CASE_COMPLETED]
Hello from FreeRTOS fuzz demo!
[TEST_CASE_COMPLETED]
Hello from FreeRTOS fuzz demo!
[TEST_CASE_COMPLETED]
Hello from FreeRTOS fuzz demo!
[TEST_CASE_COMPLETED]
Hello from FreeRTOS fuzz demo!
[TEST_CASE_COMPLETED]
Hello from FreeRTOS fuzz demo!
[TEST_CASE_COMPLETED]
[UserStats   #1]  (GLOBAL) run time: 2s, clients: 1, corpus: 123, objectives: 0, executions: 4935, exec/sec: 1.709k, edges: 100.000%, stability: 100.000%
                  (CLIENT) corpus: 123, objectives: 0, executions: 4935, exec/sec: 1.708k, edges: 478/478 (100%), stability: 374/374 (100%)
Hello from FreeRTOS fuzz demo!
[Testcase    #1]  (GLOBAL) run time: 2s, clients: 1, corpus: 124, objectives: 0, executions: 4935, exec/sec: 1.708k, edges: 100.000%, stability: 100.000%
                  (CLIENT) corpus: 124, objectives: 0, executions: 4935, exec/sec: 1.708k, edges: 478/478 (100%), stability: 374/374 (100%)
[TEST_CASE_COMPLETED]
Hello from FreeRTOS fuzz demo!
[TEST_CASE_COMPLETED]
Hello from FreeRTOS fuzz demo!
[TEST_CASE_COMPLETED]
Hello from FreeRTOS fuzz demo!
[TEST_CASE_COMPLETED]
Hello from FreeRTOS fuzz demo!
[TEST_CASE_COMPLETED]
Hello from FreeRTOS fuzz demo!
[TEST_CASE_COMPLETED]
Hello from FreeRTOS fuzz demo!
[TEST_CASE_COMPLETED]
Hello from FreeRTOS fuzz demo!
[TEST_CASE_COMPLETED]
Hello from FreeRTOS fuzz demo!
[TEST_CASE_COMPLETED]
Hello from FreeRTOS fuzz demo!
[UserStats   #1]  (GLOBAL) run time: 2s, clients: 1, corpus: 124, objectives: 0, executions: 4952, exec/sec: 1.711k, edges: 100.000%, stability: 100.000%
                  (CLIENT) corpus: 124, objectives: 0, executions: 4952, exec/sec: 1.711k, edges: 479/479 (100%), stability: 374/374 (100%)
[TEST_CASE_COMPLETED]
[Testcase    #1]  (GLOBAL) run time: 2s, clients: 1, corpus: 125, objectives: 0, executions: 4952, exec/sec: 1.711k, edges: 100.000%, stability: 100.000%
                  (CLIENT) corpus: 125, objectives: 0, executions: 4952, exec/sec: 1.711k, edges: 479/479 (100%), stability: 374/374 (100%)
Hello from FreeRTOS fuzz demo!
[TEST_CASE_COMPLETED]
Hello from FreeRTOS fuzz demo!
[TEST_CASE_COMPLETED]
Hello from FreeRTOS fuzz demo!
[TEST_CASE_COMPLETED]
Hello from FreeRTOS fuzz demo!
[TEST_CASE_COMPLETED]
Hello from FreeRTOS fuzz demo!
[TEST_CASE_COMPLETED]
Hello from FreeRTOS fuzz demo!
[TEST_CASE_COMPLETED]
Hello from FreeRTOS fuzz demo!
[TEST_CASE_COMPLETED]
Hello from FreeRTOS fuzz demo!
[TEST_CASE_COMPLETED]
Hello from FreeRTOS fuzz demo!
[TEST_CASE_COMPLETED]
Hello from FreeRTOS fuzz demo!
[TEST_CASE_COMPLETED]
Hello from FreeRTOS fuzz demo!
[TEST_CASE_COMPLETED]
Hello from FreeRTOS fuzz demo!
[TEST_CASE_COMPLETED]
Hello from FreeRTOS fuzz demo!
[TEST_CASE_COMPLETED]
Hello from FreeRTOS fuzz demo!
[TEST_CASE_COMPLETED]
Hello from FreeRTOS fuzz demo!
[TEST_CASE_COMPLETED]
Hello from FreeRTOS fuzz demo!
[TEST_CASE_COMPLETED]
Hello from FreeRTOS fuzz demo!
[TEST_CASE_COMPLETED]
Hello from FreeRTOS fuzz demo!
[TEST_CASE_COMPLETED]
Hello from FreeRTOS fuzz demo!
[TEST_CASE_COMPLETED]
Hello from FreeRTOS fuzz demo!
[TEST_CASE_COMPLETED]
Hello from FreeRTOS fuzz demo!
[TEST_CASE_COMPLETED]
Hello from FreeRTOS fuzz demo!
[TEST_CASE_COMPLETED]
Hello from FreeRTOS fuzz demo!
[TEST_CASE_COMPLETED]
Hello from FreeRTOS fuzz demo!
[TEST_CASE_COMPLETED]
Hello from FreeRTOS fuzz demo!
[TEST_CASE_COMPLETED]
Hello from FreeRTOS fuzz demo!
[TEST_CASE_COMPLETED]
Hello from FreeRTOS fuzz demo!
[TEST_CASE_COMPLETED]
Hello from FreeRTOS fuzz demo!
[TEST_CASE_COMPLETED]
Hello from FreeRTOS fuzz demo!
[TEST_CASE_COMPLETED]
Hello from FreeRTOS fuzz demo!
[TEST_CASE_COMPLETED]
Hello from FreeRTOS fuzz demo!
[TEST_CASE_COMPLETED]
Hello from FreeRTOS fuzz demo!
[TEST_CASE_COMPLETED]
Hello from FreeRTOS fuzz demo!
[TEST_CASE_COMPLETED]
Hello from FreeRTOS fuzz demo!
[TEST_CASE_COMPLETED]
Hello from FreeRTOS fuzz demo!
[TEST_CASE_COMPLETED]
Hello from FreeRTOS fuzz demo!
[TEST_CASE_COMPLETED]
Hello from FreeRTOS fuzz demo!
[TEST_CASE_COMPLETED]
Hello from FreeRTOS fuzz demo!
[TEST_CASE_COMPLETED]
Hello from FreeRTOS fuzz demo!
[TEST_CASE_COMPLETED]
Hello from FreeRTOS fuzz demo!
[TEST_CASE_COMPLETED]
Hello from FreeRTOS fuzz demo!
[TEST_CASE_COMPLETED]
Hello from FreeRTOS fuzz demo!
[TEST_CASE_COMPLETED]
Hello from FreeRTOS fuzz demo!
[TEST_CASE_COMPLETED]
Hello from FreeRTOS fuzz demo!
[TEST_CASE_COMPLETED]
Hello from FreeRTOS fuzz demo!
[TEST_CASE_COMPLETED]
Hello from FreeRTOS fuzz demo!
[TEST_CASE_COMPLETED]
Hello from FreeRTOS fuzz demo!
[TEST_CASE_COMPLETED]
Hello from FreeRTOS fuzz demo!
[TEST_CASE_COMPLETED]
Hello from FreeRTOS fuzz demo!
[TEST_CASE_COMPLETED]
Hello from FreeRTOS fuzz demo!
[TEST_CASE_COMPLETED]
Hello from FreeRTOS fuzz demo!
[TEST_CASE_COMPLETED]
Hello from FreeRTOS fuzz demo!
[TEST_CASE_COMPLETED]
Hello from FreeRTOS fuzz demo!
[TEST_CASE_COMPLETED]
Hello from FreeRTOS fuzz demo!
[TEST_CASE_COMPLETED]
Hello from FreeRTOS fuzz demo!
[TEST_CASE_COMPLETED]
Hello from FreeRTOS fuzz demo!
[TEST_CASE_COMPLETED]
Hello from FreeRTOS fuzz demo!
[TEST_CASE_COMPLETED]
Hello from FreeRTOS fuzz demo!
[TEST_CASE_COMPLETED]
Hello from FreeRTOS fuzz demo!
[TEST_CASE_COMPLETED]
Hello from FreeRTOS fuzz demo!
[TEST_CASE_COMPLETED]
Hello from FreeRTOS fuzz demo!
[TEST_CASE_COMPLETED]
Hello from FreeRTOS fuzz demo!
[TEST_CASE_COMPLETED]
Hello from FreeRTOS fuzz demo!
[TEST_CASE_COMPLETED]
Hello from FreeRTOS fuzz demo!
[TEST_CASE_COMPLETED]
Hello from FreeRTOS fuzz demo!
[TEST_CASE_COMPLETED]
Hello from FreeRTOS fuzz demo!
[TEST_CASE_COMPLETED]
Hello from FreeRTOS fuzz demo!
[TEST_CASE_COMPLETED]
Hello from FreeRTOS fuzz demo!
[TEST_CASE_COMPLETED]
Hello from FreeRTOS fuzz demo!
[TEST_CASE_COMPLETED]
Hello from FreeRTOS fuzz demo!
[TEST_CASE_COMPLETED]
Hello from FreeRTOS fuzz demo!
[TEST_CASE_COMPLETED]
Hello from FreeRTOS fuzz demo!
[TEST_CASE_COMPLETED]
Hello from FreeRTOS fuzz demo!
[TEST_CASE_COMPLETED]
Hello from FreeRTOS fuzz demo!
[TEST_CASE_COMPLETED]
Hello from FreeRTOS fuzz demo!
[TEST_CASE_COMPLETED]
Hello from FreeRTOS fuzz demo!
[TEST_CASE_COMPLETED]
Hello from FreeRTOS fuzz demo!
[TEST_CASE_COMPLETED]
Hello from FreeRTOS fuzz demo!
[TEST_CASE_COMPLETED]
Hello from FreeRTOS fuzz demo!
[TEST_CASE_COMPLETED]
Hello from FreeRTOS fuzz demo!
[TEST_CASE_COMPLETED]
Hello from FreeRTOS fuzz demo!
[TEST_CASE_COMPLETED]
Hello from FreeRTOS fuzz demo!
[TEST_CASE_COMPLETED]
Hello from FreeRTOS fuzz demo!
[TEST_CASE_COMPLETED]
Hello from FreeRTOS fuzz demo!
[TEST_CASE_COMPLETED]
Hello from FreeRTOS fuzz demo!
[TEST_CASE_COMPLETED]
Hello from FreeRTOS fuzz demo!
[TEST_CASE_COMPLETED]
Hello from FreeRTOS fuzz demo!
[TEST_CASE_COMPLETED]
Hello from FreeRTOS fuzz demo!
[TEST_CASE_COMPLETED]
Hello from FreeRTOS fuzz demo!
[TEST_CASE_COMPLETED]
Hello from FreeRTOS fuzz demo!
[TEST_CASE_COMPLETED]
Hello from FreeRTOS fuzz demo!
[TEST_CASE_COMPLETED]
Hello from FreeRTOS fuzz demo!
[TEST_CASE_COMPLETED]
Hello from FreeRTOS fuzz demo!
[TEST_CASE_COMPLETED]
Hello from FreeRTOS fuzz demo!
[TEST_CASE_COMPLETED]
Hello from FreeRTOS fuzz demo!
[TEST_CASE_COMPLETED]
Hello from FreeRTOS fuzz demo!
[TEST_CASE_COMPLETED]
Hello from FreeRTOS fuzz demo!
[TEST_CASE_COMPLETED]
Hello from FreeRTOS fuzz demo!
[TEST_CASE_COMPLETED]
Hello from FreeRTOS fuzz demo!
[TEST_CASE_COMPLETED]
Hello from FreeRTOS fuzz demo!
[TEST_CASE_COMPLETED]
Hello from FreeRTOS fuzz demo!
[TEST_CASE_COMPLETED]
Hello from FreeRTOS fuzz demo!
[TEST_CASE_COMPLETED]
Hello from FreeRTOS fuzz demo!
[TEST_CASE_COMPLETED]
Hello from FreeRTOS fuzz demo!
[TEST_CASE_COMPLETED]
Hello from FreeRTOS fuzz demo!
[TEST_CASE_COMPLETED]
Hello from FreeRTOS fuzz demo!
[TEST_CASE_COMPLETED]
Hello from FreeRTOS fuzz demo!
[TEST_CASE_COMPLETED]
Hello from FreeRTOS fuzz demo!
[TEST_CASE_COMPLETED]
Hello from FreeRTOS fuzz demo!
[UserStats   #1]  (GLOBAL) run time: 3s, clients: 1, corpus: 125, objectives: 0, executions: 5054, exec/sec: 1.710k, edges: 100.000%, stability: 100.000%
                  (CLIENT) corpus: 125, objectives: 0, executions: 5054, exec/sec: 1.710k, edges: 480/480 (100%), stability: 374/374 (100%)
[TEST_CASE_COMPLETED]
[Testcase    #1]  (GLOBAL) run time: 3s, clients: 1, corpus: 126, objectives: 0, executions: 5054, exec/sec: 1.710k, edges: 100.000%, stability: 100.000%
                  (CLIENT) corpus: 126, objectives: 0, executions: 5054, exec/sec: 1.710k, edges: 480/480 (100%), stability: 374/374 (100%)
Hello from FreeRTOS fuzz demo!
[TEST_CASE_COMPLETED]
Hello from FreeRTOS fuzz demo!
[TEST_CASE_COMPLETED]
Hello from FreeRTOS fuzz demo!
[TEST_CASE_COMPLETED]
Hello from FreeRTOS fuzz demo!
[TEST_CASE_COMPLETED]
Hello from FreeRTOS fuzz demo!
[TEST_CASE_COMPLETED]
Hello from FreeRTOS fuzz demo!
[TEST_CASE_COMPLETED]
Hello from FreeRTOS fuzz demo!
[TEST_CASE_COMPLETED]
Hello from FreeRTOS fuzz demo!
[TEST_CASE_COMPLETED]
Hello from FreeRTOS fuzz demo!
[TEST_CASE_COMPLETED]
Hello from FreeRTOS fuzz demo!
[TEST_CASE_COMPLETED]
Hello from FreeRTOS fuzz demo!
[TEST_CASE_COMPLETED]
Hello from FreeRTOS fuzz demo!
[TEST_CASE_COMPLETED]
Hello from FreeRTOS fuzz demo!
[TEST_CASE_COMPLETED]
Hello from FreeRTOS fuzz demo!
[TEST_CASE_COMPLETED]
Hello from FreeRTOS fuzz demo!
[TEST_CASE_COMPLETED]
Hello from FreeRTOS fuzz demo!
[TEST_CASE_COMPLETED]
Hello from FreeRTOS fuzz demo!
[TEST_CASE_COMPLETED]
Hello from FreeRTOS fuzz demo!
[TEST_CASE_COMPLETED]
Hello from FreeRTOS fuzz demo!
[TEST_CASE_COMPLETED]
Hello from FreeRTOS fuzz demo!
[TEST_CASE_COMPLETED]
Hello from FreeRTOS fuzz demo!
[TEST_CASE_COMPLETED]
Hello from FreeRTOS fuzz demo!
[TEST_CASE_COMPLETED]
Hello from FreeRTOS fuzz demo!
[TEST_CASE_COMPLETED]
Hello from FreeRTOS fuzz demo!
[TEST_CASE_COMPLETED]
Hello from FreeRTOS fuzz demo!
[TEST_CASE_COMPLETED]
Hello from FreeRTOS fuzz demo!
[TEST_CASE_COMPLETED]
Hello from FreeRTOS fuzz demo!
[TEST_CASE_COMPLETED]
Hello from FreeRTOS fuzz demo!
[TEST_CASE_COMPLETED]
Hello from FreeRTOS fuzz demo!
[TEST_CASE_COMPLETED]
Hello from FreeRTOS fuzz demo!
[TEST_CASE_COMPLETED]
Hello from FreeRTOS fuzz demo!
[TEST_CASE_COMPLETED]
Hello from FreeRTOS fuzz demo!
[TEST_CASE_COMPLETED]
Hello from FreeRTOS fuzz demo!
[TEST_CASE_COMPLETED]
Hello from FreeRTOS fuzz demo!
[TEST_CASE_COMPLETED]
Hello from FreeRTOS fuzz demo!
[TEST_CASE_COMPLETED]
Hello from FreeRTOS fuzz demo!
[TEST_CASE_COMPLETED]
Hello from FreeRTOS fuzz demo!
[TEST_CASE_COMPLETED]
Hello from FreeRTOS fuzz demo!
[TEST_CASE_COMPLETED]
Hello from FreeRTOS fuzz demo!
[TEST_CASE_COMPLETED]
Hello from FreeRTOS fuzz demo!
[TEST_CASE_COMPLETED]
Hello from FreeRTOS fuzz demo!
[TEST_CASE_COMPLETED]
Hello from FreeRTOS fuzz demo!
[TEST_CASE_COMPLETED]
Hello from FreeRTOS fuzz demo!
[TEST_CASE_COMPLETED]
Hello from FreeRTOS fuzz demo!
[TEST_CASE_COMPLETED]
Hello from FreeRTOS fuzz demo!
[TEST_CASE_COMPLETED]
Hello from FreeRTOS fuzz demo!
[TEST_CASE_COMPLETED]
Hello from FreeRTOS fuzz demo!
[TEST_CASE_COMPLETED]
Hello from FreeRTOS fuzz demo!
[TEST_CASE_COMPLETED]
Hello from FreeRTOS fuzz demo!
[TEST_CASE_COMPLETED]
Hello from FreeRTOS fuzz demo!
[TEST_CASE_COMPLETED]
Hello from FreeRTOS fuzz demo!
[TEST_CASE_COMPLETED]
Hello from FreeRTOS fuzz demo!
[TEST_CASE_COMPLETED]
Hello from FreeRTOS fuzz demo!
[TEST_CASE_COMPLETED]
Hello from FreeRTOS fuzz demo!
[UserStats   #1]  (GLOBAL) run time: 3s, clients: 1, corpus: 126, objectives: 0, executions: 5110, exec/sec: 1.711k, edges: 100.000%, stability: 100.000%
                  (CLIENT) corpus: 126, objectives: 0, executions: 5110, exec/sec: 1.711k, edges: 481/481 (100%), stability: 374/374 (100%)
[TEST_CASE_COMPLETED]
[Testcase    #1]  (GLOBAL) run time: 3s, clients: 1, corpus: 127, objectives: 0, executions: 5110, exec/sec: 1.711k, edges: 100.000%, stability: 100.000%
                  (CLIENT) corpus: 127, objectives: 0, executions: 5110, exec/sec: 1.711k, edges: 481/481 (100%), stability: 374/374 (100%)
Hello from FreeRTOS fuzz demo!
[TEST_CASE_COMPLETED]
Hello from FreeRTOS fuzz demo!
[TEST_CASE_COMPLETED]
Hello from FreeRTOS fuzz demo!
[TEST_CASE_COMPLETED]
Hello from FreeRTOS fuzz demo!
[TEST_CASE_COMPLETED]
Hello from FreeRTOS fuzz demo!
[TEST_CASE_COMPLETED]
Hello from FreeRTOS fuzz demo!
[TEST_CASE_COMPLETED]
Hello from FreeRTOS fuzz demo!
[TEST_CASE_COMPLETED]
Hello from FreeRTOS fuzz demo!
[TEST_CASE_COMPLETED]
Hello from FreeRTOS fuzz demo!
[TEST_CASE_COMPLETED]
Hello from FreeRTOS fuzz demo!
[TEST_CASE_COMPLETED]
Hello from FreeRTOS fuzz demo!
[TEST_CASE_COMPLETED]
Hello from FreeRTOS fuzz demo!
[TEST_CASE_COMPLETED]
Hello from FreeRTOS fuzz demo!
[TEST_CASE_COMPLETED]
Hello from FreeRTOS fuzz demo!
[TEST_CASE_COMPLETED]
Hello from FreeRTOS fuzz demo!
[TEST_CASE_COMPLETED]
Hello from FreeRTOS fuzz demo!
[TEST_CASE_COMPLETED]
Hello from FreeRTOS fuzz demo!
[TEST_CASE_COMPLETED]
Hello from FreeRTOS fuzz demo!
[TEST_CASE_COMPLETED]
Hello from FreeRTOS fuzz demo!
[TEST_CASE_COMPLETED]
Hello from FreeRTOS fuzz demo!
[TEST_CASE_COMPLETED]
Hello from FreeRTOS fuzz demo!
[TEST_CASE_COMPLETED]
Hello from FreeRTOS fuzz demo!
[TEST_CASE_COMPLETED]
Hello from FreeRTOS fuzz demo!
[TEST_CASE_COMPLETED]
Hello from FreeRTOS fuzz demo!
[TEST_CASE_COMPLETED]
Hello from FreeRTOS fuzz demo!
[TEST_CASE_COMPLETED]
Hello from FreeRTOS fuzz demo!
[TEST_CASE_COMPLETED]
Hello from FreeRTOS fuzz demo!
[TEST_CASE_COMPLETED]
Hello from FreeRTOS fuzz demo!
[TEST_CASE_COMPLETED]
Hello from FreeRTOS fuzz demo!
[TEST_CASE_COMPLETED]
Hello from FreeRTOS fuzz demo!
[TEST_CASE_COMPLETED]
Hello from FreeRTOS fuzz demo!
[TEST_CASE_COMPLETED]
Hello from FreeRTOS fuzz demo!
[TEST_CASE_COMPLETED]
Hello from FreeRTOS fuzz demo!
[TEST_CASE_COMPLETED]
Hello from FreeRTOS fuzz demo!
[TEST_CASE_COMPLETED]
Hello from FreeRTOS fuzz demo!
[TEST_CASE_COMPLETED]
Hello from FreeRTOS fuzz demo!
[TEST_CASE_COMPLETED]
Hello from FreeRTOS fuzz demo!
[TEST_CASE_COMPLETED]
Hello from FreeRTOS fuzz demo!
[TEST_CASE_COMPLETED]
Hello from FreeRTOS fuzz demo!
[TEST_CASE_COMPLETED]
Hello from FreeRTOS fuzz demo!
[TEST_CASE_COMPLETED]
Hello from FreeRTOS fuzz demo!
[TEST_CASE_COMPLETED]
Hello from FreeRTOS fuzz demo!
[TEST_CASE_COMPLETED]
Hello from FreeRTOS fuzz demo!
[TEST_CASE_COMPLETED]
Hello from FreeRTOS fuzz demo!
[TEST_CASE_COMPLETED]
Hello from FreeRTOS fuzz demo!
[TEST_CASE_COMPLETED]
Hello from FreeRTOS fuzz demo!
[TEST_CASE_COMPLETED]
Hello from FreeRTOS fuzz demo!
[TEST_CASE_COMPLETED]
Hello from FreeRTOS fuzz demo!
[TEST_CASE_COMPLETED]
Hello from FreeRTOS fuzz demo!
[TEST_CASE_COMPLETED]
Hello from FreeRTOS fuzz demo!
[TEST_CASE_COMPLETED]
Hello from FreeRTOS fuzz demo!
[TEST_CASE_COMPLETED]
Hello from FreeRTOS fuzz demo!
[TEST_CASE_COMPLETED]
Hello from FreeRTOS fuzz demo!
[TEST_CASE_COMPLETED]
Hello from FreeRTOS fuzz demo!
[TEST_CASE_COMPLETED]
Hello from FreeRTOS fuzz demo!
[TEST_CASE_COMPLETED]
Hello from FreeRTOS fuzz demo!
[TEST_CASE_COMPLETED]
Hello from FreeRTOS fuzz demo!
[TEST_CASE_COMPLETED]
Hello from FreeRTOS fuzz demo!
[TEST_CASE_COMPLETED]
Hello from FreeRTOS fuzz demo!
[TEST_CASE_COMPLETED]
Hello from FreeRTOS fuzz demo!
[TEST_CASE_COMPLETED]
Hello from FreeRTOS fuzz demo!
[TEST_CASE_COMPLETED]
Hello from FreeRTOS fuzz demo!
[TEST_CASE_COMPLETED]
Hello from FreeRTOS fuzz demo!
[TEST_CASE_COMPLETED]
Hello from FreeRTOS fuzz demo!
[TEST_CASE_COMPLETED]
Hello from FreeRTOS fuzz demo!
[TEST_CASE_COMPLETED]
Hello from FreeRTOS fuzz demo!
[TEST_CASE_COMPLETED]
Hello from FreeRTOS fuzz demo!
[TEST_CASE_COMPLETED]
Hello from FreeRTOS fuzz demo!
[TEST_CASE_COMPLETED]
Hello from FreeRTOS fuzz demo!
[TEST_CASE_COMPLETED]
Hello from FreeRTOS fuzz demo!
[TEST_CASE_COMPLETED]
Hello from FreeRTOS fuzz demo!
[TEST_CASE_COMPLETED]
Hello from FreeRTOS fuzz demo!
[TEST_CASE_COMPLETED]
Hello from FreeRTOS fuzz demo!
[TEST_CASE_COMPLETED]
Hello from FreeRTOS fuzz demo!
[TEST_CASE_COMPLETED]
Hello from FreeRTOS fuzz demo!
[TEST_CASE_COMPLETED]
Hello from FreeRTOS fuzz demo!
[TEST_CASE_COMPLETED]
Hello from FreeRTOS fuzz demo!
[TEST_CASE_COMPLETED]
Hello from FreeRTOS fuzz demo!
[TEST_CASE_COMPLETED]
Hello from FreeRTOS fuzz demo!
[TEST_CASE_COMPLETED]
Hello from FreeRTOS fuzz demo!
[TEST_CASE_COMPLETED]
Hello from FreeRTOS fuzz demo!
[TEST_CASE_COMPLETED]
Hello from FreeRTOS fuzz demo!
[TEST_CASE_COMPLETED]
Hello from FreeRTOS fuzz demo!
[TEST_CASE_COMPLETED]
Hello from FreeRTOS fuzz demo!
[TEST_CASE_COMPLETED]
Hello from FreeRTOS fuzz demo!
[TEST_CASE_COMPLETED]
Hello from FreeRTOS fuzz demo!
[TEST_CASE_COMPLETED]
Hello from FreeRTOS fuzz demo!
[TEST_CASE_COMPLETED]
Hello from FreeRTOS fuzz demo!
[TEST_CASE_COMPLETED]
Hello from FreeRTOS fuzz demo!
[TEST_CASE_COMPLETED]
Hello from FreeRTOS fuzz demo!
[TEST_CASE_COMPLETED]
Hello from FreeRTOS fuzz demo!
[TEST_CASE_COMPLETED]
Hello from FreeRTOS fuzz demo!
[TEST_CASE_COMPLETED]
Hello from FreeRTOS fuzz demo!
[TEST_CASE_COMPLETED]
Hello from FreeRTOS fuzz demo!
[TEST_CASE_COMPLETED]
Hello from FreeRTOS fuzz demo!
[TEST_CASE_COMPLETED]
Hello from FreeRTOS fuzz demo!
[TEST_CASE_COMPLETED]
Hello from FreeRTOS fuzz demo!
[TEST_CASE_COMPLETED]
Hello from FreeRTOS fuzz demo!
[TEST_CASE_COMPLETED]
Hello from FreeRTOS fuzz demo!
[TEST_CASE_COMPLETED]
Hello from FreeRTOS fuzz demo!
[TEST_CASE_COMPLETED]
Hello from FreeRTOS fuzz demo!
[TEST_CASE_COMPLETED]
Hello from FreeRTOS fuzz demo!
[TEST_CASE_COMPLETED]
Hello from FreeRTOS fuzz demo!
[TEST_CASE_COMPLETED]
Hello from FreeRTOS fuzz demo!
[TEST_CASE_COMPLETED]
Hello from FreeRTOS fuzz demo!
[TEST_CASE_COMPLETED]
Hello from FreeRTOS fuzz demo!
[TEST_CASE_COMPLETED]
Hello from FreeRTOS fuzz demo!
[TEST_CASE_COMPLETED]
Hello from FreeRTOS fuzz demo!
[TEST_CASE_COMPLETED]
Hello from FreeRTOS fuzz demo!
[TEST_CASE_COMPLETED]
Hello from FreeRTOS fuzz demo!
[TEST_CASE_COMPLETED]
Hello from FreeRTOS fuzz demo!
[TEST_CASE_COMPLETED]
Hello from FreeRTOS fuzz demo!
[TEST_CASE_COMPLETED]
Hello from FreeRTOS fuzz demo!
[TEST_CASE_COMPLETED]
Hello from FreeRTOS fuzz demo!
[TEST_CASE_COMPLETED]
Hello from FreeRTOS fuzz demo!
[TEST_CASE_COMPLETED]
Hello from FreeRTOS fuzz demo!
[TEST_CASE_COMPLETED]
Hello from FreeRTOS fuzz demo!
[TEST_CASE_COMPLETED]
Hello from FreeRTOS fuzz demo!
[TEST_CASE_COMPLETED]
Hello from FreeRTOS fuzz demo!
[TEST_CASE_COMPLETED]
Hello from FreeRTOS fuzz demo!
[TEST_CASE_COMPLETED]
Hello from FreeRTOS fuzz demo!
[TEST_CASE_COMPLETED]
Hello from FreeRTOS fuzz demo!
[TEST_CASE_COMPLETED]
Hello from FreeRTOS fuzz demo!
[TEST_CASE_COMPLETED]
Hello from FreeRTOS fuzz demo!
[TEST_CASE_COMPLETED]
Hello from FreeRTOS fuzz demo!
[TEST_CASE_COMPLETED]
Hello from FreeRTOS fuzz demo!
[TEST_CASE_COMPLETED]
Hello from FreeRTOS fuzz demo!
[TEST_CASE_COMPLETED]
Hello from FreeRTOS fuzz demo!
[TEST_CASE_COMPLETED]
Hello from FreeRTOS fuzz demo!
[TEST_CASE_COMPLETED]
Hello from FreeRTOS fuzz demo!
[TEST_CASE_COMPLETED]
Hello from FreeRTOS fuzz demo!
[TEST_CASE_COMPLETED]
Hello from FreeRTOS fuzz demo!
[TEST_CASE_COMPLETED]
Hello from FreeRTOS fuzz demo!
[TEST_CASE_COMPLETED]
Hello from FreeRTOS fuzz demo!
[TEST_CASE_COMPLETED]
Hello from FreeRTOS fuzz demo!
[TEST_CASE_COMPLETED]
Hello from FreeRTOS fuzz demo!
[TEST_CASE_COMPLETED]
Hello from FreeRTOS fuzz demo!
[TEST_CASE_COMPLETED]
Hello from FreeRTOS fuzz demo!
[TEST_CASE_COMPLETED]
Hello from FreeRTOS fuzz demo!
[TEST_CASE_COMPLETED]
Hello from FreeRTOS fuzz demo!
[TEST_CASE_COMPLETED]
Hello from FreeRTOS fuzz demo!
[TEST_CASE_COMPLETED]
Hello from FreeRTOS fuzz demo!
[TEST_CASE_COMPLETED]
Hello from FreeRTOS fuzz demo!
[TEST_CASE_COMPLETED]
Hello from FreeRTOS fuzz demo!
[TEST_CASE_COMPLETED]
Hello from FreeRTOS fuzz demo!
[TEST_CASE_COMPLETED]
Hello from FreeRTOS fuzz demo!
[TEST_CASE_COMPLETED]
Hello from FreeRTOS fuzz demo!
[TEST_CASE_COMPLETED]
Hello from FreeRTOS fuzz demo!
[TEST_CASE_COMPLETED]
Hello from FreeRTOS fuzz demo!
[TEST_CASE_COMPLETED]
Hello from FreeRTOS fuzz demo!
[TEST_CASE_COMPLETED]
Hello from FreeRTOS fuzz demo!
[TEST_CASE_COMPLETED]
Hello from FreeRTOS fuzz demo!
[TEST_CASE_COMPLETED]
Hello from FreeRTOS fuzz demo!
[TEST_CASE_COMPLETED]
Hello from FreeRTOS fuzz demo!
[TEST_CASE_COMPLETED]
Hello from FreeRTOS fuzz demo!
[TEST_CASE_COMPLETED]
Hello from FreeRTOS fuzz demo!
[TEST_CASE_COMPLETED]
Hello from FreeRTOS fuzz demo!
[TEST_CASE_COMPLETED]
Hello from FreeRTOS fuzz demo!
[TEST_CASE_COMPLETED]
Hello from FreeRTOS fuzz demo!
[TEST_CASE_COMPLETED]
Hello from FreeRTOS fuzz demo!
[TEST_CASE_COMPLETED]
Hello from FreeRTOS fuzz demo!
[TEST_CASE_COMPLETED]
Hello from FreeRTOS fuzz demo!
[TEST_CASE_COMPLETED]
Hello from FreeRTOS fuzz demo!
[TEST_CASE_COMPLETED]
Hello from FreeRTOS fuzz demo!
[TEST_CASE_COMPLETED]
Hello from FreeRTOS fuzz demo!
[TEST_CASE_COMPLETED]
[UserStats   #1]  (GLOBAL) run time: 3s, clients: 1, corpus: 127, objectives: 0, executions: 5278, exec/sec: 1.715k, edges: 100.000%, stability: 100.000%
                  (CLIENT) corpus: 127, objectives: 0, executions: 5278, exec/sec: 1.715k, edges: 481/481 (100%), stability: 374/374 (100%)
[Testcase    #1]  (GLOBAL) run time: 3s, clients: 1, corpus: 128, objectives: 0, executions: 5278, exec/sec: 1.714k, edges: 100.000%, stability: 100.000%
                  (CLIENT) corpus: 128, objectives: 0, executions: 5278, exec/sec: 1.714k, edges: 481/481 (100%), stability: 374/374 (100%)
Hello from FreeRTOS fuzz demo!
[TEST_CASE_COMPLETED]
Hello from FreeRTOS fuzz demo!
[TEST_CASE_COMPLETED]
Hello from FreeRTOS fuzz demo!
[TEST_CASE_COMPLETED]
Hello from FreeRTOS fuzz demo!
[TEST_CASE_COMPLETED]
Hello from FreeRTOS fuzz demo!
[TEST_CASE_COMPLETED]
Hello from FreeRTOS fuzz demo!
[TEST_CASE_COMPLETED]
Hello from FreeRTOS fuzz demo!
[TEST_CASE_COMPLETED]
Hello from FreeRTOS fuzz demo!
[TEST_CASE_COMPLETED]
Hello from FreeRTOS fuzz demo!
[TEST_CASE_COMPLETED]
Hello from FreeRTOS fuzz demo!
[TEST_CASE_COMPLETED]
Hello from FreeRTOS fuzz demo!
[TEST_CASE_COMPLETED]
Hello from FreeRTOS fuzz demo!
[TEST_CASE_COMPLETED]
Hello from FreeRTOS fuzz demo!
[TEST_CASE_COMPLETED]
Hello from FreeRTOS fuzz demo!
[TEST_CASE_COMPLETED]
Hello from FreeRTOS fuzz demo!
[TEST_CASE_COMPLETED]
Hello from FreeRTOS fuzz demo!
[TEST_CASE_COMPLETED]
Hello from FreeRTOS fuzz demo!
[TEST_CASE_COMPLETED]
Hello from FreeRTOS fuzz demo!
[TEST_CASE_COMPLETED]
Hello from FreeRTOS fuzz demo!
[TEST_CASE_COMPLETED]
Hello from FreeRTOS fuzz demo!
[TEST_CASE_COMPLETED]
Hello from FreeRTOS fuzz demo!
[TEST_CASE_COMPLETED]
Hello from FreeRTOS fuzz demo!
[TEST_CASE_COMPLETED]
Hello from FreeRTOS fuzz demo!
[TEST_CASE_COMPLETED]
Hello from FreeRTOS fuzz demo!
[TEST_CASE_COMPLETED]
Hello from FreeRTOS fuzz demo!
[TEST_CASE_COMPLETED]
Hello from FreeRTOS fuzz demo!
[TEST_CASE_COMPLETED]
Hello from FreeRTOS fuzz demo!
[TEST_CASE_COMPLETED]
Hello from FreeRTOS fuzz demo!
[TEST_CASE_COMPLETED]
Hello from FreeRTOS fuzz demo!
[TEST_CASE_COMPLETED]
Hello from FreeRTOS fuzz demo!
[TEST_CASE_COMPLETED]
Hello from FreeRTOS fuzz demo!
[TEST_CASE_COMPLETED]
Hello from FreeRTOS fuzz demo!
[TEST_CASE_COMPLETED]
Hello from FreeRTOS fuzz demo!
[TEST_CASE_COMPLETED]
Hello from FreeRTOS fuzz demo!
[TEST_CASE_COMPLETED]
Hello from FreeRTOS fuzz demo!
[TEST_CASE_COMPLETED]
Hello from FreeRTOS fuzz demo!
[TEST_CASE_COMPLETED]
Hello from FreeRTOS fuzz demo!
[TEST_CASE_COMPLETED]
Hello from FreeRTOS fuzz demo!
[TEST_CASE_COMPLETED]
Hello from FreeRTOS fuzz demo!
[TEST_CASE_COMPLETED]
Hello from FreeRTOS fuzz demo!
[TEST_CASE_COMPLETED]
Hello from FreeRTOS fuzz demo!
[TEST_CASE_COMPLETED]
Hello from FreeRTOS fuzz demo!
[TEST_CASE_COMPLETED]
Hello from FreeRTOS fuzz demo!
[TEST_CASE_COMPLETED]
Hello from FreeRTOS fuzz demo!
[TEST_CASE_COMPLETED]
Hello from FreeRTOS fuzz demo!
[TEST_CASE_COMPLETED]
Hello from FreeRTOS fuzz demo!
[TEST_CASE_COMPLETED]
Hello from FreeRTOS fuzz demo!
[TEST_CASE_COMPLETED]
Hello from FreeRTOS fuzz demo!
[TEST_CASE_COMPLETED]
Hello from FreeRTOS fuzz demo!
[TEST_CASE_COMPLETED]
Hello from FreeRTOS fuzz demo!
[TEST_CASE_COMPLETED]
Hello from FreeRTOS fuzz demo!
[TEST_CASE_COMPLETED]
Hello from FreeRTOS fuzz demo!
[TEST_CASE_COMPLETED]
Hello from FreeRTOS fuzz demo!
[TEST_CASE_COMPLETED]
Hello from FreeRTOS fuzz demo!
[TEST_CASE_COMPLETED]
Hello from FreeRTOS fuzz demo!
[TEST_CASE_COMPLETED]
Hello from FreeRTOS fuzz demo!
[TEST_CASE_COMPLETED]
Hello from FreeRTOS fuzz demo!
[TEST_CASE_COMPLETED]
Hello from FreeRTOS fuzz demo!
[TEST_CASE_COMPLETED]
Hello from FreeRTOS fuzz demo!
[TEST_CASE_COMPLETED]
Hello from FreeRTOS fuzz demo!
[TEST_CASE_COMPLETED]
Hello from FreeRTOS fuzz demo!
[TEST_CASE_COMPLETED]
Hello from FreeRTOS fuzz demo!
[TEST_CASE_COMPLETED]
Hello from FreeRTOS fuzz demo!
[TEST_CASE_COMPLETED]
Hello from FreeRTOS fuzz demo!
[TEST_CASE_COMPLETED]
[UserStats   #1]  (GLOBAL) run time: 3s, clients: 1, corpus: 128, objectives: 0, executions: 5341, exec/sec: 1.715k, edges: 100.000%, stability: 100.000%
                  (CLIENT) corpus: 128, objectives: 0, executions: 5341, exec/sec: 1.715k, edges: 482/482 (100%), stability: 374/374 (100%)
Hello from Fre[Testcase    #1]  (GLOBAL) run time: 3s, clients: 1, corpus: 129, objectives: 0, executions: 5341, exec/sec: 1.715k, edges: 100.000%, stability: 100.000%
eRT                  (CLIENT) corpus: 129, objectives: 0, executions: 5341, exec/sec: 1.715k, edges: 482/482 (100%), stability: 374/374 (100%)
OS fuzz demo!
[TEST_CASE_COMPLETED]
Hello from FreeRTOS fuzz demo!
[TEST_CASE_COMPLETED]
Hello from FreeRTOS fuzz demo!
[TEST_CASE_COMPLETED]
Hello from FreeRTOS fuzz demo!
[TEST_CASE_COMPLETED]
Hello from FreeRTOS fuzz demo!
[TEST_CASE_COMPLETED]
Hello from FreeRTOS fuzz demo!
[TEST_CASE_COMPLETED]
Hello from FreeRTOS fuzz demo!
[TEST_CASE_COMPLETED]
Hello from FreeRTOS fuzz demo!
[TEST_CASE_COMPLETED]
Hello from FreeRTOS fuzz demo!
[TEST_CASE_COMPLETED]
Hello from FreeRTOS fuzz demo!
[TEST_CASE_COMPLETED]
Hello from FreeRTOS fuzz demo!
[TEST_CASE_COMPLETED]
Hello from FreeRTOS fuzz demo!
[TEST_CASE_COMPLETED]
Hello from FreeRTOS fuzz demo!
[TEST_CASE_COMPLETED]
Hello from FreeRTOS fuzz demo!
[TEST_CASE_COMPLETED]
Hello from FreeRTOS fuzz demo!
[TEST_CASE_COMPLETED]
Hello from FreeRTOS fuzz demo!
[TEST_CASE_COMPLETED]
Hello from FreeRTOS fuzz demo!
[TEST_CASE_COMPLETED]
Hello from FreeRTOS fuzz demo!
[TEST_CASE_COMPLETED]
Hello from FreeRTOS fuzz demo!
[TEST_CASE_COMPLETED]
Hello from FreeRTOS fuzz demo!
[TEST_CASE_COMPLETED]
Hello from FreeRTOS fuzz demo!
[TEST_CASE_COMPLETED]
Hello from FreeRTOS fuzz demo!
[TEST_CASE_COMPLETED]
Hello from FreeRTOS fuzz demo!
[TEST_CASE_COMPLETED]
Hello from FreeRTOS fuzz demo!
[TEST_CASE_COMPLETED]
Hello from FreeRTOS fuzz demo!
[TEST_CASE_COMPLETED]
Hello from FreeRTOS fuzz demo!
[TEST_CASE_COMPLETED]
Hello from FreeRTOS fuzz demo!
[TEST_CASE_COMPLETED]
Hello from FreeRTOS fuzz demo!
[TEST_CASE_COMPLETED]
Hello from FreeRTOS fuzz demo!
[TEST_CASE_COMPLETED]
Hello from FreeRTOS fuzz demo!
[TEST_CASE_COMPLETED]
Hello from FreeRTOS fuzz demo!
[TEST_CASE_COMPLETED]
Hello from FreeRTOS fuzz demo!
[TEST_CASE_COMPLETED]
Hello from FreeRTOS fuzz demo!
[TEST_CASE_COMPLETED]
Hello from FreeRTOS fuzz demo!
[TEST_CASE_COMPLETED]
Hello from FreeRTOS fuzz demo!
[TEST_CASE_COMPLETED]
Hello from FreeRTOS fuzz demo!
[TEST_CASE_COMPLETED]
Hello from FreeRTOS fuzz demo!
[TEST_CASE_COMPLETED]
Hello from FreeRTOS fuzz demo!
[TEST_CASE_COMPLETED]
Hello from FreeRTOS fuzz demo!
[TEST_CASE_COMPLETED]
Hello from FreeRTOS fuzz demo!
[TEST_CASE_COMPLETED]
Hello from FreeRTOS fuzz demo!
[TEST_CASE_COMPLETED]
Hello from FreeRTOS fuzz demo!
[TEST_CASE_COMPLETED]
Hello from FreeRTOS fuzz demo!
[TEST_CASE_COMPLETED]
Hello from FreeRTOS fuzz demo!
[TEST_CASE_COMPLETED]
Hello from FreeRTOS fuzz demo!
[TEST_CASE_COMPLETED]
Hello from FreeRTOS fuzz demo!
[TEST_CASE_COMPLETED]
Hello from FreeRTOS fuzz demo!
[TEST_CASE_COMPLETED]
Hello from FreeRTOS fuzz demo!
[TEST_CASE_COMPLETED]
Hello from FreeRTOS fuzz demo!
[TEST_CASE_COMPLETED]
Hello from FreeRTOS fuzz demo!
[TEST_CASE_COMPLETED]
Hello from FreeRTOS fuzz demo!
[TEST_CASE_COMPLETED]
Hello from FreeRTOS fuzz demo!
[TEST_CASE_COMPLETED]
Hello from FreeRTOS fuzz demo!
[TEST_CASE_COMPLETED]
Hello from FreeRTOS fuzz demo!
[TEST_CASE_COMPLETED]
Hello from FreeRTOS fuzz demo!
[TEST_CASE_COMPLETED]
Hello from FreeRTOS fuzz demo!
[TEST_CASE_COMPLETED]
Hello from FreeRTOS fuzz demo!
[TEST_CASE_COMPLETED]
Hello from FreeRTOS fuzz demo!
[TEST_CASE_COMPLETED]
Hello from FreeRTOS fuzz demo!
[TEST_CASE_COMPLETED]
Hello from FreeRTOS fuzz demo!
[TEST_CASE_COMPLETED]
Hello from FreeRTOS fuzz demo!
[TEST_CASE_COMPLETED]
Hello from FreeRTOS fuzz demo!
[TEST_CASE_COMPLETED]
Hello from FreeRTOS fuzz demo!
[TEST_CASE_COMPLETED]
Hello from FreeRTOS fuzz demo!
[TEST_CASE_COMPLETED]
Hello from FreeRTOS fuzz demo!
[TEST_CASE_COMPLETED]
Hello from FreeRTOS fuzz demo!
[TEST_CASE_COMPLETED]
Hello from FreeRTOS fuzz demo!
[TEST_CASE_COMPLETED]
Hello from FreeRTOS fuzz demo!
[TEST_CASE_COMPLETED]
Hello from FreeRTOS fuzz demo!
[TEST_CASE_COMPLETED]
Hello from FreeRTOS fuzz demo!
[TEST_CASE_COMPLETED]
Hello from FreeRTOS fuzz demo!
[TEST_CASE_COMPLETED]
Hello from FreeRTOS fuzz demo!
[TEST_CASE_COMPLETED]
Hello from FreeRTOS fuzz demo!
[TEST_CASE_COMPLETED]
Hello from FreeRTOS fuzz demo!
[TEST_CASE_COMPLETED]
Hello from FreeRTOS fuzz demo!
[TEST_CASE_COMPLETED]
Hello from FreeRTOS fuzz demo!
[TEST_CASE_COMPLETED]
Hello from FreeRTOS fuzz demo!
[TEST_CASE_COMPLETED]
Hello from FreeRTOS fuzz demo!
[TEST_CASE_COMPLETED]
Hello from FreeRTOS fuzz demo!
[TEST_CASE_COMPLETED]
Hello from FreeRTOS fuzz demo!
[TEST_CASE_COMPLETED]
Hello from FreeRTOS fuzz demo!
[TEST_CASE_COMPLETED]
Hello from FreeRTOS fuzz demo!
[TEST_CASE_COMPLETED]
Hello from FreeRTOS fuzz demo!
[TEST_CASE_COMPLETED]
Hello from FreeRTOS fuzz demo!
[TEST_CASE_COMPLETED]
Hello from FreeRTOS fuzz demo!
[TEST_CASE_COMPLETED]
Hello from FreeRTOS fuzz demo!
[TEST_CASE_COMPLETED]
Hello from FreeRTOS fuzz demo!
[TEST_CASE_COMPLETED]
Hello from FreeRTOS fuzz demo!
[TEST_CASE_COMPLETED]
Hello from FreeRTOS fuzz demo!
[TEST_CASE_COMPLETED]
Hello from FreeRTOS fuzz demo!
[TEST_CASE_COMPLETED]
Hello from FreeRTOS fuzz demo!
[TEST_CASE_COMPLETED]
Hello from FreeRTOS fuzz demo!
[TEST_CASE_COMPLETED]
Hello from FreeRTOS fuzz demo!
[TEST_CASE_COMPLETED]
Hello from FreeRTOS fuzz demo!
[TEST_CASE_COMPLETED]
Hello from FreeRTOS fuzz demo!
[TEST_CASE_COMPLETED]
Hello from FreeRTOS fuzz demo!
[TEST_CASE_COMPLETED]
Hello from FreeRTOS fuzz demo!
[TEST_CASE_COMPLETED]
Hello from FreeRTOS fuzz demo!
[TEST_CASE_COMPLETED]
Hello from FreeRTOS fuzz demo!
[TEST_CASE_COMPLETED]
Hello from FreeRTOS fuzz demo!
[TEST_CASE_COMPLETED]
Hello from FreeRTOS fuzz demo!
[TEST_CASE_COMPLETED]
Hello from FreeRTOS fuzz demo!
[TEST_CASE_COMPLETED]
Hello from FreeRTOS fuzz demo!
[TEST_CASE_COMPLETED]
Hello from FreeRTOS fuzz demo!
[TEST_CASE_COMPLETED]
Hello from FreeRTOS fuzz demo!
[TEST_CASE_COMPLETED]
Hello from FreeRTOS fuzz demo!
[TEST_CASE_COMPLETED]
Hello from FreeRTOS fuzz demo!
[TEST_CASE_COMPLETED]
Hello from FreeRTOS fuzz demo!
[TEST_CASE_COMPLETED]
Hello from FreeRTOS fuzz demo!
[TEST_CASE_COMPLETED]
Hello from FreeRTOS fuzz demo!
[TEST_CASE_COMPLETED]
Hello from FreeRTOS fuzz demo!
[TEST_CASE_COMPLETED]
Hello from FreeRTOS fuzz demo!
[TEST_CASE_COMPLETED]
Hello from FreeRTOS fuzz demo!
[TEST_CASE_COMPLETED]
Hello from FreeRTOS fuzz demo!
[TEST_CASE_COMPLETED]
Hello from FreeRTOS fuzz demo!
[TEST_CASE_COMPLETED]
Hello from FreeRTOS fuzz demo!
[TEST_CASE_COMPLETED]
Hello from FreeRTOS fuzz demo!
[TEST_CASE_COMPLETED]
Hello from FreeRTOS fuzz demo!
[TEST_CASE_COMPLETED]
Hello from FreeRTOS fuzz demo!
[TEST_CASE_COMPLETED]
Hello from FreeRTOS fuzz demo!
[TEST_CASE_COMPLETED]
Hello from FreeRTOS fuzz demo!
[TEST_CASE_COMPLETED]
Hello from FreeRTOS fuzz demo!
[TEST_CASE_COMPLETED]
Hello from FreeRTOS fuzz demo!
[TEST_CASE_COMPLETED]
Hello from FreeRTOS fuzz demo!
[TEST_CASE_COMPLETED]
Hello from FreeRTOS fuzz demo!
[TEST_CASE_COMPLETED]
Hello from FreeRTOS fuzz demo!
[TEST_CASE_COMPLETED]
Hello from FreeRTOS fuzz demo!
[TEST_CASE_COMPLETED]
Hello from FreeRTOS fuzz demo!
[TEST_CASE_COMPLETED]
Hello from FreeRTOS fuzz demo!
[TEST_CASE_COMPLETED]
Hello from FreeRTOS fuzz demo!
[TEST_CASE_COMPLETED]
Hello from FreeRTOS fuzz demo!
[TEST_CASE_COMPLETED]
Hello from FreeRTOS fuzz demo!
[TEST_CASE_COMPLETED]
Hello from FreeRTOS fuzz demo!
[TEST_CASE_COMPLETED]
Hello from FreeRTOS fuzz demo!
[TEST_CASE_COMPLETED]
Hello from FreeRTOS fuzz demo!
[TEST_CASE_COMPLETED]
Hello from FreeRTOS fuzz demo!
[TEST_CASE_COMPLETED]
Hello from FreeRTOS fuzz demo!
[TEST_CASE_COMPLETED]
Hello from FreeRTOS fuzz demo!
[TEST_CASE_COMPLETED]
Hello from FreeRTOS fuzz demo!
[TEST_CASE_COMPLETED]
Hello from FreeRTOS fuzz demo!
[TEST_CASE_COMPLETED]
Hello from FreeRTOS fuzz demo!
[TEST_CASE_COMPLETED]
Hello from FreeRTOS fuzz demo!
[TEST_CASE_COMPLETED]
Hello from FreeRTOS fuzz demo!
[TEST_CASE_COMPLETED]
Hello from FreeRTOS fuzz demo!
[TEST_CASE_COMPLETED]
Hello from FreeRTOS fuzz demo!
[TEST_CASE_COMPLETED]
Hello from FreeRTOS fuzz demo!
[TEST_CASE_COMPLETED]
Hello from FreeRTOS fuzz demo!
[TEST_CASE_COMPLETED]
Hello from FreeRTOS fuzz demo!
[TEST_CASE_COMPLETED]
Hello from FreeRTOS fuzz demo!
[TEST_CASE_COMPLETED]
Hello from FreeRTOS fuzz demo!
[TEST_CASE_COMPLETED]
Hello from FreeRTOS fuzz demo!
[TEST_CASE_COMPLETED]
Hello from FreeRTOS fuzz demo!
[TEST_CASE_COMPLETED]
Hello from FreeRTOS fuzz demo!
[TEST_CASE_COMPLETED]
Hello from FreeRTOS fuzz demo!
[TEST_CASE_COMPLETED]
Hello from FreeRTOS fuzz demo!
[TEST_CASE_COMPLETED]
Hello from FreeRTOS fuzz demo!
[TEST_CASE_COMPLETED]
Hello from FreeRTOS fuzz demo!
[TEST_CASE_COMPLETED]
Hello from FreeRTOS fuzz demo!
[TEST_CASE_COMPLETED]
Hello from FreeRTOS fuzz demo!
[TEST_CASE_COMPLETED]
Hello from FreeRTOS fuzz demo!
[TEST_CASE_COMPLETED]
Hello from FreeRTOS fuzz demo!
[TEST_CASE_COMPLETED]
Hello from FreeRTOS fuzz demo!
[TEST_CASE_COMPLETED]
Hello from FreeRTOS fuzz demo!
[TEST_CASE_COMPLETED]
Hello from FreeRTOS fuzz demo!
[TEST_CASE_COMPLETED]
Hello from FreeRTOS fuzz demo!
[TEST_CASE_COMPLETED]
Hello from FreeRTOS fuzz demo!
[TEST_CASE_COMPLETED]
Hello from FreeRTOS fuzz demo!
[TEST_CASE_COMPLETED]
Hello from FreeRTOS fuzz demo!
[TEST_CASE_COMPLETED]
Hello from FreeRTOS fuzz demo!
[TEST_CASE_COMPLETED]
Hello from FreeRTOS fuzz demo!
[TEST_CASE_COMPLETED]
Hello from FreeRTOS fuzz demo!
[TEST_CASE_COMPLETED]
Hello from FreeRTOS fuzz demo!
[TEST_CASE_COMPLETED]
Hello from FreeRTOS fuzz demo!
[TEST_CASE_COMPLETED]
Hello from FreeRTOS fuzz demo!
[TEST_CASE_COMPLETED]
Hello from FreeRTOS fuzz demo!
[TEST_CASE_COMPLETED]
Hello from FreeRTOS fuzz demo!
[TEST_CASE_COMPLETED]
Hello from FreeRTOS fuzz demo!
[TEST_CASE_COMPLETED]
Hello from FreeRTOS fuzz demo!
[TEST_CASE_COMPLETED]
Hello from FreeRTOS fuzz demo!
[TEST_CASE_COMPLETED]
Hello from FreeRTOS fuzz demo!
[TEST_CASE_COMPLETED]
Hello from FreeRTOS fuzz demo!
[TEST_CASE_COMPLETED]
Hello from FreeRTOS fuzz demo!
[TEST_CASE_COMPLETED]
Hello from FreeRTOS fuzz demo!
[TEST_CASE_COMPLETED]
Hello from FreeRTOS fuzz demo!
[TEST_CASE_COMPLETED]
Hello from FreeRTOS fuzz demo!
[TEST_CASE_COMPLETED]
Hello from FreeRTOS fuzz demo!
[TEST_CASE_COMPLETED]
Hello from FreeRTOS fuzz demo!
[TEST_CASE_COMPLETED]
Hello from FreeRTOS fuzz demo!
[TEST_CASE_COMPLETED]
Hello from FreeRTOS fuzz demo!
[TEST_CASE_COMPLETED]
Hello from FreeRTOS fuzz demo!
[TEST_CASE_COMPLETED]
Hello from FreeRTOS fuzz demo!
[TEST_CASE_COMPLETED]
Hello from FreeRTOS fuzz demo!
[TEST_CASE_COMPLETED]
Hello from FreeRTOS fuzz demo!
[TEST_CASE_COMPLETED]
Hello from FreeRTOS fuzz demo!
[TEST_CASE_COMPLETED]
Hello from FreeRTOS fuzz demo!
[TEST_CASE_COMPLETED]
Hello from FreeRTOS fuzz demo!
[TEST_CASE_COMPLETED]
Hello from FreeRTOS fuzz demo!
[TEST_CASE_COMPLETED]
Hello from FreeRTOS fuzz demo!
[TEST_CASE_COMPLETED]
Hello from FreeRTOS fuzz demo!
[TEST_CASE_COMPLETED]
Hello from FreeRTOS fuzz demo!
[TEST_CASE_COMPLETED]
Hello from FreeRTOS fuzz demo!
[TEST_CASE_COMPLETED]
Hello from FreeRTOS fuzz demo!
[TEST_CASE_COMPLETED]
Hello from FreeRTOS fuzz demo!
[TEST_CASE_COMPLETED]
Hello from FreeRTOS fuzz demo!
[TEST_CASE_COMPLETED]
Hello from FreeRTOS fuzz demo!
[TEST_CASE_COMPLETED]
Hello from FreeRTOS fuzz demo!
[TEST_CASE_COMPLETED]
Hello from FreeRTOS fuzz demo!
[TEST_CASE_COMPLETED]
Hello from FreeRTOS fuzz demo!
[TEST_CASE_COMPLETED]
Hello from FreeRTOS fuzz demo!
[TEST_CASE_COMPLETED]
Hello from FreeRTOS fuzz demo!
[TEST_CASE_COMPLETED]
Hello from FreeRTOS fuzz demo!
[TEST_CASE_COMPLETED]
Hello from FreeRTOS fuzz demo!
[TEST_CASE_COMPLETED]
Hello from FreeRTOS fuzz demo!
[TEST_CASE_COMPLETED]
Hello from FreeRTOS fuzz demo!
[TEST_CASE_COMPLETED]
Hello from FreeRTOS fuzz demo!
[TEST_CASE_COMPLETED]
Hello from FreeRTOS fuzz demo!
[TEST_CASE_COMPLETED]
Hello from FreeRTOS fuzz demo!
[TEST_CASE_COMPLETED]
Hello from FreeRTOS fuzz demo!
[TEST_CASE_COMPLETED]
Hello from FreeRTOS fuzz demo!
[TEST_CASE_COMPLETED]
Hello from FreeRTOS fuzz demo!
[TEST_CASE_COMPLETED]
Hello from FreeRTOS fuzz demo!
[TEST_CASE_COMPLETED]
Hello from FreeRTOS fuzz demo!
[TEST_CASE_COMPLETED]
Hello from FreeRTOS fuzz demo!
[TEST_CASE_COMPLETED]
Hello from FreeRTOS fuzz demo!
[TEST_CASE_COMPLETED]
Hello from FreeRTOS fuzz demo!
[TEST_CASE_COMPLETED]
Hello from FreeRTOS fuzz demo!
[TEST_CASE_COMPLETED]
Hello from FreeRTOS fuzz demo!
[TEST_CASE_COMPLETED]
Hello from FreeRTOS fuzz demo!
[TEST_CASE_COMPLETED]
Hello from FreeRTOS fuzz demo!
[TEST_CASE_COMPLETED]
Hello from FreeRTOS fuzz demo!
[TEST_CASE_COMPLETED]
Hello from FreeRTOS fuzz demo!
[TEST_CASE_COMPLETED]
Hello from FreeRTOS fuzz demo!
[TEST_CASE_COMPLETED]
Hello from FreeRTOS fuzz demo!
[TEST_CASE_COMPLETED]
Hello from FreeRTOS fuzz demo!
[TEST_CASE_COMPLETED]
Hello from FreeRTOS fuzz demo!
[TEST_CASE_COMPLETED]
Hello from FreeRTOS fuzz demo!
[TEST_CASE_COMPLETED]
Hello from FreeRTOS fuzz demo!
[TEST_CASE_COMPLETED]
[UserStats   #1]  (GLOBAL) run time: 3s, clients: 1, corpus: 129, objectives: 0, executions: 5580, exec/sec: 1.718k, edges: 100.000%, stability: 100.000%
                  (CLIENT) corpus: 129, objectives: 0, executions: 5580, exec/sec: 1.718k, edges: 483/483 (100%), stability: 374/374 (100%)
Hello from FreeRTOS fuzz demo!
[TEST_CASE_COMPLETED]
[Testcase    #1]  (GLOBAL) run time: 3s, clients: 1, corpus: 130, objectives: 0, executions: 5580, exec/sec: 1.718k, edges: 100.000%, stability: 100.000%
                  (CLIENT) corpus: 130, objectives: 0, executions: 5580, exec/sec: 1.718k, edges: 483/483 (100%), stability: 374/374 (100%)
Hello from FreeRTOS fuzz demo!
[TEST_CASE_COMPLETED]
Hello from FreeRTOS fuzz demo!
[TEST_CASE_COMPLETED]
Hello from FreeRTOS fuzz demo!
[TEST_CASE_COMPLETED]
Hello from FreeRTOS fuzz demo!
[TEST_CASE_COMPLETED]
Hello from FreeRTOS fuzz demo!
[TEST_CASE_COMPLETED]
Hello from FreeRTOS fuzz demo!
[TEST_CASE_COMPLETED]
Hello from FreeRTOS fuzz demo!
[TEST_CASE_COMPLETED]
Hello from FreeRTOS fuzz demo!
[TEST_CASE_COMPLETED]
Hello from FreeRTOS fuzz demo!
[TEST_CASE_COMPLETED]
[UserStats   #1]  (GLOBAL) run time: 3s, clients: 1, corpus: 130, objectives: 0, executions: 5592, exec/sec: 1.719k, edges: 100.000%, stability: 100.000%
                  (CLIENT) corpus: 130, objectives: 0, executions: 5592, exec/sec: 1.719k, edges: 483/483 (100%), stability: 374/374 (100%)
Hello from FreeRTOS [Testcase    #1]  (GLOBAL) run time: 3s, clients: 1, corpus: 131, objectives: 0, executions: 5592, exec/sec: 1.719k, edges: 100.000%, stability: 100.000%
fu                  (CLIENT) corpus: 131, objectives: 0, executions: 5592, exec/sec: 1.719k, edges: 483/483 (100%), stability: 374/374 (100%)
zz demo!
[TEST_CASE_COMPLETED]
Hello from FreeRTOS fuzz demo!
[TEST_CASE_COMPLETED]
Hello from FreeRTOS fuzz demo!
[TEST_CASE_COMPLETED]
Hello from FreeRTOS fuzz demo!
[TEST_CASE_COMPLETED]
Hello from FreeRTOS fuzz demo!
[TEST_CASE_COMPLETED]
Hello from FreeRTOS fuzz demo!
[TEST_CASE_COMPLETED]
Hello from FreeRTOS fuzz demo!
[TEST_CASE_COMPLETED]
Hello from FreeRTOS fuzz demo!
[TEST_CASE_COMPLETED]
Hello from FreeRTOS fuzz demo!
[TEST_CASE_COMPLETED]
Hello from FreeRTOS fuzz demo!
[TEST_CASE_COMPLETED]
Hello from FreeRTOS fuzz demo!
[TEST_CASE_COMPLETED]
Hello from FreeRTOS fuzz demo!
[TEST_CASE_COMPLETED]
Hello from FreeRTOS fuzz demo!
[TEST_CASE_COMPLETED]
Hello from FreeRTOS fuzz demo!
[TEST_CASE_COMPLETED]
Hello from FreeRTOS fuzz demo!
[TEST_CASE_COMPLETED]
Hello from FreeRTOS fuzz demo!
[TEST_CASE_COMPLETED]
Hello from FreeRTOS fuzz demo!
[TEST_CASE_COMPLETED]
Hello from FreeRTOS fuzz demo!
[TEST_CASE_COMPLETED]
Hello from FreeRTOS fuzz demo!
[TEST_CASE_COMPLETED]
Hello from FreeRTOS fuzz demo!
[TEST_CASE_COMPLETED]
Hello from FreeRTOS fuzz demo!
[TEST_CASE_COMPLETED]
Hello from FreeRTOS fuzz demo!
[TEST_CASE_COMPLETED]
Hello from FreeRTOS fuzz demo!
[TEST_CASE_COMPLETED]
Hello from FreeRTOS fuzz demo!
[TEST_CASE_COMPLETED]
Hello from FreeRTOS fuzz demo!
[TEST_CASE_COMPLETED]
Hello from FreeRTOS fuzz demo!
[TEST_CASE_COMPLETED]
Hello from FreeRTOS fuzz demo!
[TEST_CASE_COMPLETED]
Hello from FreeRTOS fuzz demo!
[TEST_CASE_COMPLETED]
Hello from FreeRTOS fuzz demo!
[TEST_CASE_COMPLETED]
Hello from FreeRTOS fuzz demo!
[TEST_CASE_COMPLETED]
Hello from FreeRTOS fuzz demo!
[TEST_CASE_COMPLETED]
Hello from FreeRTOS fuzz demo!
[TEST_CASE_COMPLETED]
Hello from FreeRTOS fuzz demo!
[TEST_CASE_COMPLETED]
Hello from FreeRTOS fuzz demo!
[TEST_CASE_COMPLETED]
Hello from FreeRTOS fuzz demo!
[TEST_CASE_COMPLETED]
Hello from FreeRTOS fuzz demo!
[TEST_CASE_COMPLETED]
Hello from FreeRTOS fuzz demo!
[TEST_CASE_COMPLETED]
Hello from FreeRTOS fuzz demo!
[TEST_CASE_COMPLETED]
Hello from FreeRTOS fuzz demo!
[TEST_CASE_COMPLETED]
Hello from FreeRTOS fuzz demo!
[TEST_CASE_COMPLETED]
Hello from FreeRTOS fuzz demo!
[TEST_CASE_COMPLETED]
Hello from FreeRTOS fuzz demo!
[TEST_CASE_COMPLETED]
Hello from FreeRTOS fuzz demo!
[TEST_CASE_COMPLETED]
Hello from FreeRTOS fuzz demo!
[TEST_CASE_COMPLETED]
Hello from FreeRTOS fuzz demo!
[TEST_CASE_COMPLETED]
Hello from FreeRTOS fuzz demo!
[TEST_CASE_COMPLETED]
Hello from FreeRTOS fuzz demo!
[TEST_CASE_COMPLETED]
Hello from FreeRTOS fuzz demo!
[TEST_CASE_COMPLETED]
Hello from FreeRTOS fuzz demo!
[TEST_CASE_COMPLETED]
Hello from FreeRTOS fuzz demo!
[TEST_CASE_COMPLETED]
Hello from FreeRTOS fuzz demo!
[TEST_CASE_COMPLETED]
Hello from FreeRTOS fuzz demo!
[TEST_CASE_COMPLETED]
Hello from FreeRTOS fuzz demo!
[TEST_CASE_COMPLETED]
Hello from FreeRTOS fuzz demo!
[TEST_CASE_COMPLETED]
Hello from FreeRTOS fuzz demo!
[TEST_CASE_COMPLETED]
Hello from FreeRTOS fuzz demo!
[TEST_CASE_COMPLETED]
Hello from FreeRTOS fuzz demo!
[TEST_CASE_COMPLETED]
Hello from FreeRTOS fuzz demo!
[TEST_CASE_COMPLETED]
Hello from FreeRTOS fuzz demo!
[TEST_CASE_COMPLETED]
Hello from FreeRTOS fuzz demo!
[TEST_CASE_COMPLETED]
Hello from FreeRTOS fuzz demo!
[TEST_CASE_COMPLETED]
Hello from FreeRTOS fuzz demo!
[TEST_CASE_COMPLETED]
Hello from FreeRTOS fuzz demo!
[TEST_CASE_COMPLETED]
[UserStats   #1]  (GLOBAL) run time: 3s, clients: 1, corpus: 131, objectives: 0, executions: 5647, exec/sec: 1.717k, edges: 100.000%, stability: 100.000%
                  (CLIENT) corpus: 131, objectives: 0, executions: 5647, exec/sec: 1.717k, edges: 484/484 (100%), stability: 374/374 (100%)
Hello from FreeRTOS fuzz demo!
[[Testcase    #1]  (GLOBAL) run time: 3s, clients: 1, corpus: 132, objectives: 0, executions: 5647, exec/sec: 1.717k, edges: 100.000%, stability: 100.000%
TE                  (CLIENT) corpus: 132, objectives: 0, executions: 5647, exec/sec: 1.717k, edges: 484/484 (100%), stability: 374/374 (100%)
ST_CASE_COMPLETED]
Hello from FreeRTOS fuzz demo!
[TEST_CASE_COMPLETED]
Hello from FreeRTOS fuzz demo!
[TEST_CASE_COMPLETED]
Hello from FreeRTOS fuzz demo!
[TEST_CASE_COMPLETED]
Hello from FreeRTOS fuzz demo!
[TEST_CASE_COMPLETED]
Hello from FreeRTOS fuzz demo!
[TEST_CASE_COMPLETED]
Hello from FreeRTOS fuzz demo!
[TEST_CASE_COMPLETED]
Hello from FreeRTOS fuzz demo!
[TEST_CASE_COMPLETED]
Hello from FreeRTOS fuzz demo!
[TEST_CASE_COMPLETED]
Hello from FreeRTOS fuzz demo!
[TEST_CASE_COMPLETED]
Hello from FreeRTOS fuzz demo!
[TEST_CASE_COMPLETED]
Hello from FreeRTOS fuzz demo!
[TEST_CASE_COMPLETED]
Hello from FreeRTOS fuzz demo!
[TEST_CASE_COMPLETED]
Hello from FreeRTOS fuzz demo!
[TEST_CASE_COMPLETED]
Hello from FreeRTOS fuzz demo!
[TEST_CASE_COMPLETED]
Hello from FreeRTOS fuzz demo!
[TEST_CASE_COMPLETED]
Hello from FreeRTOS fuzz demo!
[TEST_CASE_COMPLETED]
Hello from FreeRTOS fuzz demo!
[TEST_CASE_COMPLETED]
Hello from FreeRTOS fuzz demo!
[TEST_CASE_COMPLETED]
Hello from FreeRTOS fuzz demo!
[TEST_CASE_COMPLETED]
Hello from FreeRTOS fuzz demo!
[TEST_CASE_COMPLETED]
Hello from FreeRTOS fuzz demo!
[TEST_CASE_COMPLETED]
Hello from FreeRTOS fuzz demo!
[TEST_CASE_COMPLETED]
Hello from FreeRTOS fuzz demo!
[TEST_CASE_COMPLETED]
Hello from FreeRTOS fuzz demo!
[TEST_CASE_COMPLETED]
Hello from FreeRTOS fuzz demo!
[TEST_CASE_COMPLETED]
Hello from FreeRTOS fuzz demo!
[TEST_CASE_COMPLETED]
Hello from FreeRTOS fuzz demo!
[TEST_CASE_COMPLETED]
Hello from FreeRTOS fuzz demo!
[TEST_CASE_COMPLETED]
Hello from FreeRTOS fuzz demo!
[TEST_CASE_COMPLETED]
Hello from FreeRTOS fuzz demo!
[TEST_CASE_COMPLETED]
Hello from FreeRTOS fuzz demo!
[TEST_CASE_COMPLETED]
Hello from FreeRTOS fuzz demo!
[TEST_CASE_COMPLETED]
Hello from FreeRTOS fuzz demo!
[TEST_CASE_COMPLETED]
Hello from FreeRTOS fuzz demo!
[TEST_CASE_COMPLETED]
Hello from FreeRTOS fuzz demo!
[TEST_CASE_COMPLETED]
Hello from FreeRTOS fuzz demo!
[TEST_CASE_COMPLETED]
Hello from FreeRTOS fuzz demo!
[TEST_CASE_COMPLETED]
Hello from FreeRTOS fuzz demo!
[TEST_CASE_COMPLETED]
Hello from FreeRTOS fuzz demo!
[TEST_CASE_COMPLETED]
Hello from FreeRTOS fuzz demo!
[TEST_CASE_COMPLETED]
Hello from FreeRTOS fuzz demo!
[TEST_CASE_COMPLETED]
Hello from FreeRTOS fuzz demo!
[TEST_CASE_COMPLETED]
Hello from FreeRTOS fuzz demo!
[TEST_CASE_COMPLETED]
Hello from FreeRTOS fuzz demo!
[TEST_CASE_COMPLETED]
[UserStats   #1]  (GLOBAL) run time: 3s, clients: 1, corpus: 132, objectives: 0, executions: 5693, exec/sec: 1.718k, edges: 100.000%, stability: 100.000%
                  (CLIENT) corpus: 132, objectives: 0, executions: 5693, exec/sec: 1.718k, edges: 485/485 (100%), stability: 374/374 (100%)
Hello from FreeRTOS fuzz demo!
[TEST_CASE_COMPL[Testcase    #1]  (GLOBAL) run time: 3s, clients: 1, corpus: 133, objectives: 0, executions: 5693, exec/sec: 1.718k, edges: 100.000%, stability: 100.000%
ETE                  (CLIENT) corpus: 133, objectives: 0, executions: 5693, exec/sec: 1.718k, edges: 485/485 (100%), stability: 374/374 (100%)
D]
Hello from FreeRTOS fuzz demo!
[TEST_CASE_COMPLETED]
Hello from FreeRTOS fuzz demo!
[TEST_CASE_COMPLETED]
Hello from FreeRTOS fuzz demo!
[TEST_CASE_COMPLETED]
Hello from FreeRTOS fuzz demo!
[TEST_CASE_COMPLETED]
Hello from FreeRTOS fuzz demo!
[TEST_CASE_COMPLETED]
Hello from FreeRTOS fuzz demo!
[TEST_CASE_COMPLETED]
Hello from FreeRTOS fuzz demo!
[TEST_CASE_COMPLETED]
Hello from FreeRTOS fuzz demo!
[TEST_CASE_COMPLETED]
Hello from FreeRTOS fuzz demo!
[TEST_CASE_COMPLETED]
Hello from FreeRTOS fuzz demo!
[TEST_CASE_COMPLETED]
Hello from FreeRTOS fuzz demo!
[TEST_CASE_COMPLETED]
Hello from FreeRTOS fuzz demo!
[TEST_CASE_COMPLETED]
Hello from FreeRTOS fuzz demo!
[TEST_CASE_COMPLETED]
Hello from FreeRTOS fuzz demo!
[TEST_CASE_COMPLETED]
Hello from FreeRTOS fuzz demo!
[TEST_CASE_COMPLETED]
Hello from FreeRTOS fuzz demo!
[TEST_CASE_COMPLETED]
Hello from FreeRTOS fuzz demo!
[TEST_CASE_COMPLETED]
Hello from FreeRTOS fuzz demo!
[TEST_CASE_COMPLETED]
Hello from FreeRTOS fuzz demo!
[TEST_CASE_COMPLETED]
Hello from FreeRTOS fuzz demo!
[TEST_CASE_COMPLETED]
Hello from FreeRTOS fuzz demo!
[TEST_CASE_COMPLETED]
Hello from FreeRTOS fuzz demo!
[TEST_CASE_COMPLETED]
Hello from FreeRTOS fuzz demo!
[TEST_CASE_COMPLETED]
Hello from FreeRTOS fuzz demo!
[TEST_CASE_COMPLETED]
Hello from FreeRTOS fuzz demo!
[TEST_CASE_COMPLETED]
Hello from FreeRTOS fuzz demo!
[TEST_CASE_COMPLETED]
Hello from FreeRTOS fuzz demo!
[TEST_CASE_COMPLETED]
Hello from FreeRTOS fuzz demo!
[TEST_CASE_COMPLETED]
Hello from FreeRTOS fuzz demo!
[TEST_CASE_COMPLETED]
Hello from FreeRTOS fuzz demo!
[TEST_CASE_COMPLETED]
Hello from FreeRTOS fuzz demo!
[TEST_CASE_COMPLETED]
Hello from FreeRTOS fuzz demo!
[TEST_CASE_COMPLETED]
Hello from FreeRTOS fuzz demo!
[TEST_CASE_COMPLETED]
Hello from FreeRTOS fuzz demo!
[TEST_CASE_COMPLETED]
Hello from FreeRTOS fuzz demo!
[TEST_CASE_COMPLETED]
Hello from FreeRTOS fuzz demo!
[TEST_CASE_COMPLETED]
Hello from FreeRTOS fuzz demo!
[TEST_CASE_COMPLETED]
Hello from FreeRTOS fuzz demo!
[TEST_CASE_COMPLETED]
Hello from FreeRTOS fuzz demo!
[TEST_CASE_COMPLETED]
Hello from FreeRTOS fuzz demo!
[TEST_CASE_COMPLETED]
Hello from FreeRTOS fuzz demo!
[TEST_CASE_COMPLETED]
Hello from FreeRTOS fuzz demo!
[TEST_CASE_COMPLETED]
Hello from FreeRTOS fuzz demo!
[TEST_CASE_COMPLETED]
Hello from FreeRTOS fuzz demo!
[TEST_CASE_COMPLETED]
Hello from FreeRTOS fuzz demo!
[TEST_CASE_COMPLETED]
Hello from FreeRTOS fuzz demo!
[TEST_CASE_COMPLETED]
Hello from FreeRTOS fuzz demo!
[TEST_CASE_COMPLETED]
Hello from FreeRTOS fuzz demo!
[TEST_CASE_COMPLETED]
Hello from FreeRTOS fuzz demo!
[TEST_CASE_COMPLETED]
Hello from FreeRTOS fuzz demo!
[TEST_CASE_COMPLETED]
Hello from FreeRTOS fuzz demo!
[TEST_CASE_COMPLETED]
Hello from FreeRTOS fuzz demo!
[TEST_CASE_COMPLETED]
Hello from FreeRTOS fuzz demo!
[TEST_CASE_COMPLETED]
Hello from FreeRTOS fuzz demo!
[TEST_CASE_COMPLETED]
Hello from FreeRTOS fuzz demo!
[TEST_CASE_COMPLETED]
Hello from FreeRTOS fuzz demo!
[TEST_CASE_COMPLETED]
Hello from FreeRTOS fuzz demo!
[TEST_CASE_COMPLETED]
Hello from FreeRTOS fuzz demo!
[TEST_CASE_COMPLETED]
Hello from FreeRTOS fuzz demo!
[TEST_CASE_COMPLETED]
Hello from FreeRTOS fuzz demo!
[TEST_CASE_COMPLETED]
Hello from FreeRTOS fuzz demo!
[TEST_CASE_COMPLETED]
Hello from FreeRTOS fuzz demo!
[TEST_CASE_COMPLETED]
Hello from FreeRTOS fuzz demo!
[TEST_CASE_COMPLETED]
Hello from FreeRTOS fuzz demo!
[TEST_CASE_COMPLETED]
Hello from FreeRTOS fuzz demo!
[TEST_CASE_COMPLETED]
Hello from FreeRTOS fuzz demo!
[TEST_CASE_COMPLETED]
Hello from FreeRTOS fuzz demo!
[TEST_CASE_COMPLETED]
Hello from FreeRTOS fuzz demo!
[TEST_CASE_COMPLETED]
Hello from FreeRTOS fuzz demo!
[TEST_CASE_COMPLETED]
Hello from FreeRTOS fuzz demo!
[TEST_CASE_COMPLETED]
Hello from FreeRTOS fuzz demo!
[TEST_CASE_COMPLETED]
Hello from FreeRTOS fuzz demo!
[TEST_CASE_COMPLETED]
Hello from FreeRTOS fuzz demo!
[TEST_CASE_COMPLETED]
Hello from FreeRTOS fuzz demo!
[TEST_CASE_COMPLETED]
Hello from FreeRTOS fuzz demo!
[TEST_CASE_COMPLETED]
Hello from FreeRTOS fuzz demo!
[TEST_CASE_COMPLETED]
Hello from FreeRTOS fuzz demo!
[TEST_CASE_COMPLETED]
Hello from FreeRTOS fuzz demo!
[TEST_CASE_COMPLETED]
Hello from FreeRTOS fuzz demo!
[TEST_CASE_COMPLETED]
Hello from FreeRTOS fuzz demo!
[TEST_CASE_COMPLETED]
Hello from FreeRTOS fuzz demo!
[TEST_CASE_COMPLETED]
Hello from FreeRTOS fuzz demo!
[TEST_CASE_COMPLETED]
Hello from FreeRTOS fuzz demo!
[TEST_CASE_COMPLETED]
Hello from FreeRTOS fuzz demo!
[TEST_CASE_COMPLETED]
Hello from FreeRTOS fuzz demo!
[TEST_CASE_COMPLETED]
Hello from FreeRTOS fuzz demo!
[TEST_CASE_COMPLETED]
Hello from FreeRTOS fuzz demo!
[TEST_CASE_COMPLETED]
Hello from FreeRTOS fuzz demo!
[TEST_CASE_COMPLETED]
Hello from FreeRTOS fuzz demo!
[TEST_CASE_COMPLETED]
Hello from FreeRTOS fuzz demo!
[TEST_CASE_COMPLETED]
Hello from FreeRTOS fuzz demo!
[TEST_CASE_COMPLETED]
Hello from FreeRTOS fuzz demo!
[TEST_CASE_COMPLETED]
Hello from FreeRTOS fuzz demo!
[TEST_CASE_COMPLETED]
Hello from FreeRTOS fuzz demo!
[TEST_CASE_COMPLETED]
Hello from FreeRTOS fuzz demo!
[TEST_CASE_COMPLETED]
Hello from FreeRTOS fuzz demo!
[TEST_CASE_COMPLETED]
Hello from FreeRTOS fuzz demo!
[TEST_CASE_COMPLETED]
Hello from FreeRTOS fuzz demo!
[TEST_CASE_COMPLETED]
Hello from FreeRTOS fuzz demo!
[TEST_CASE_COMPLETED]
Hello from FreeRTOS fuzz demo!
[TEST_CASE_COMPLETED]
Hello from FreeRTOS fuzz demo!
[TEST_CASE_COMPLETED]
Hello from FreeRTOS fuzz demo!
[TEST_CASE_COMPLETED]
Hello from FreeRTOS fuzz demo!
[TEST_CASE_COMPLETED]
Hello from FreeRTOS fuzz demo!
[TEST_CASE_COMPLETED]
Hello from FreeRTOS fuzz demo!
[TEST_CASE_COMPLETED]
Hello from FreeRTOS fuzz demo!
[TEST_CASE_COMPLETED]
Hello from FreeRTOS fuzz demo!
[TEST_CASE_COMPLETED]
Hello from FreeRTOS fuzz demo!
[TEST_CASE_COMPLETED]
Hello from FreeRTOS fuzz demo!
[TEST_CASE_COMPLETED]
Hello from FreeRTOS fuzz demo!
[TEST_CASE_COMPLETED]
Hello from FreeRTOS fuzz demo!
[TEST_CASE_COMPLETED]
Hello from FreeRTOS fuzz demo!
[TEST_CASE_COMPLETED]
Hello from FreeRTOS fuzz demo!
[TEST_CASE_COMPLETED]
Hello from FreeRTOS fuzz demo!
[TEST_CASE_COMPLETED]
Hello from FreeRTOS fuzz demo!
[TEST_CASE_COMPLETED]
Hello from FreeRTOS fuzz demo!
[TEST_CASE_COMPLETED]
Hello from FreeRTOS fuzz demo!
[TEST_CASE_COMPLETED]
Hello from FreeRTOS fuzz demo!
[TEST_CASE_COMPLETED]
Hello from FreeRTOS fuzz demo!
[TEST_CASE_COMPLETED]
Hello from FreeRTOS fuzz demo!
[TEST_CASE_COMPLETED]
Hello from FreeRTOS fuzz demo!
[TEST_CASE_COMPLETED]
Hello from FreeRTOS fuzz demo!
[TEST_CASE_COMPLETED]
Hello from FreeRTOS fuzz demo!
[TEST_CASE_COMPLETED]
Hello from FreeRTOS fuzz demo!
[TEST_CASE_COMPLETED]
Hello from FreeRTOS fuzz demo!
[TEST_CASE_COMPLETED]
Hello from FreeRTOS fuzz demo!
[TEST_CASE_COMPLETED]
Hello from FreeRTOS fuzz demo!
[TEST_CASE_COMPLETED]
Hello from FreeRTOS fuzz demo!
[TEST_CASE_COMPLETED]
Hello from FreeRTOS fuzz demo!
[TEST_CASE_COMPLETED]
Hello from FreeRTOS fuzz demo!
[TEST_CASE_COMPLETED]
Hello from FreeRTOS fuzz demo!
[TEST_CASE_COMPLETED]
Hello from FreeRTOS fuzz demo!
[TEST_CASE_COMPLETED]
Hello from FreeRTOS fuzz demo!
[TEST_CASE_COMPLETED]
Hello from FreeRTOS fuzz demo!
[TEST_CASE_COMPLETED]
Hello from FreeRTOS fuzz demo!
[TEST_CASE_COMPLETED]
Hello from FreeRTOS fuzz demo!
[TEST_CASE_COMPLETED]
Hello from FreeRTOS fuzz demo!
[TEST_CASE_COMPLETED]
Hello from FreeRTOS fuzz demo!
[TEST_CASE_COMPLETED]
Hello from FreeRTOS fuzz demo!
[TEST_CASE_COMPLETED]
Hello from FreeRTOS fuzz demo!
[TEST_CASE_COMPLETED]
Hello from FreeRTOS fuzz demo!
[TEST_CASE_COMPLETED]
Hello from FreeRTOS fuzz demo!
[TEST_CASE_COMPLETED]
Hello from FreeRTOS fuzz demo!
[TEST_CASE_COMPLETED]
Hello from FreeRTOS fuzz demo!
[TEST_CASE_COMPLETED]
Hello from FreeRTOS fuzz demo!
[TEST_CASE_COMPLETED]
Hello from FreeRTOS fuzz demo!
[TEST_CASE_COMPLETED]
Hello from FreeRTOS fuzz demo!
[TEST_CASE_COMPLETED]
Hello from FreeRTOS fuzz demo!
[TEST_CASE_COMPLETED]
Hello from FreeRTOS fuzz demo!
[TEST_CASE_COMPLETED]
Hello from FreeRTOS fuzz demo!
[TEST_CASE_COMPLETED]
Hello from FreeRTOS fuzz demo!
[TEST_CASE_COMPLETED]
Hello from FreeRTOS fuzz demo!
[TEST_CASE_COMPLETED]
Hello from FreeRTOS fuzz demo!
[TEST_CASE_COMPLETED]
Hello from FreeRTOS fuzz demo!
[TEST_CASE_COMPLETED]
Hello from FreeRTOS fuzz demo!
[TEST_CASE_COMPLETED]
Hello from FreeRTOS fuzz demo!
[TEST_CASE_COMPLETED]
Hello from FreeRTOS fuzz demo!
[TEST_CASE_COMPLETED]
Hello from FreeRTOS fuzz demo!
[TEST_CASE_COMPLETED]
Hello from FreeRTOS fuzz demo!
[TEST_CASE_COMPLETED]
Hello from FreeRTOS fuzz demo!
[TEST_CASE_COMPLETED]
Hello from FreeRTOS fuzz demo!
[TEST_CASE_COMPLETED]
Hello from FreeRTOS fuzz demo!
[TEST_CASE_COMPLETED]
Hello from FreeRTOS fuzz demo!
[TEST_CASE_COMPLETED]
Hello from FreeRTOS fuzz demo!
[TEST_CASE_COMPLETED]
Hello from FreeRTOS fuzz demo!
[TEST_CASE_COMPLETED]
Hello from FreeRTOS fuzz demo!
[TEST_CASE_COMPLETED]
Hello from FreeRTOS fuzz demo!
[TEST_CASE_COMPLETED]
Hello from FreeRTOS fuzz demo!
[TEST_CASE_COMPLETED]
Hello from FreeRTOS fuzz demo!
[TEST_CASE_COMPLETED]
Hello from FreeRTOS fuzz demo!
[TEST_CASE_COMPLETED]
Hello from FreeRTOS fuzz demo!
[TEST_CASE_COMPLETED]
Hello from FreeRTOS fuzz demo!
[TEST_CASE_COMPLETED]
Hello from FreeRTOS fuzz demo!
[TEST_CASE_COMPLETED]
Hello from FreeRTOS fuzz demo!
[TEST_CASE_COMPLETED]
Hello from FreeRTOS fuzz demo!
[TEST_CASE_COMPLETED]
Hello from FreeRTOS fuzz demo!
[TEST_CASE_COMPLETED]
Hello from FreeRTOS fuzz demo!
[TEST_CASE_COMPLETED]
Hello from FreeRTOS fuzz demo!
[TEST_CASE_COMPLETED]
Hello from FreeRTOS fuzz demo!
[TEST_CASE_COMPLETED]
Hello from FreeRTOS fuzz demo!
[TEST_CASE_COMPLETED]
Hello from FreeRTOS fuzz demo!
[TEST_CASE_COMPLETED]
Hello from FreeRTOS fuzz demo!
[TEST_CASE_COMPLETED]
Hello from FreeRTOS fuzz demo!
[TEST_CASE_COMPLETED]
Hello from FreeRTOS fuzz demo!
[TEST_CASE_COMPLETED]
Hello from FreeRTOS fuzz demo!
[TEST_CASE_COMPLETED]
Hello from FreeRTOS fuzz demo!
[TEST_CASE_COMPLETED]
Hello from FreeRTOS fuzz demo!
[TEST_CASE_COMPLETED]
Hello from FreeRTOS fuzz demo!
[TEST_CASE_COMPLETED]
Hello from FreeRTOS fuzz demo!
[TEST_CASE_COMPLETED]
Hello from FreeRTOS fuzz demo!
[TEST_CASE_COMPLETED]
Hello from FreeRTOS fuzz demo!
[TEST_CASE_COMPLETED]
Hello from FreeRTOS fuzz demo!
[TEST_CASE_COMPLETED]
Hello from FreeRTOS fuzz demo!
[TEST_CASE_COMPLETED]
Hello from FreeRTOS fuzz demo!
[TEST_CASE_COMPLETED]
Hello from FreeRTOS fuzz demo!
[TEST_CASE_COMPLETED]
Hello from FreeRTOS fuzz demo!
[TEST_CASE_COMPLETED]
Hello from FreeRTOS fuzz demo!
[TEST_CASE_COMPLETED]
Hello from FreeRTOS fuzz demo!
[TEST_CASE_COMPLETED]
Hello from FreeRTOS fuzz demo!
[TEST_CASE_COMPLETED]
Hello from FreeRTOS fuzz demo!
[TEST_CASE_COMPLETED]
Hello from FreeRTOS fuzz demo!
[TEST_CASE_COMPLETED]
Hello from FreeRTOS fuzz demo!
[TEST_CASE_COMPLETED]
Hello from FreeRTOS fuzz demo!
[TEST_CASE_COMPLETED]
Hello from FreeRTOS fuzz demo!
[TEST_CASE_COMPLETED]
Hello from FreeRTOS fuzz demo!
[TEST_CASE_COMPLETED]
Hello from FreeRTOS fuzz demo!
[TEST_CASE_COMPLETED]
Hello from FreeRTOS fuzz demo!
[TEST_CASE_COMPLETED]
Hello from FreeRTOS fuzz demo!
[TEST_CASE_COMPLETED]
Hello from FreeRTOS fuzz demo!
[TEST_CASE_COMPLETED]
Hello from FreeRTOS fuzz demo!
[TEST_CASE_COMPLETED]
Hello from FreeRTOS fuzz demo!
[TEST_CASE_COMPLETED]
Hello from FreeRTOS fuzz demo!
[TEST_CASE_COMPLETED]
Hello from FreeRTOS fuzz demo!
[TEST_CASE_COMPLETED]
Hello from FreeRTOS fuzz demo!
[TEST_CASE_COMPLETED]
Hello from FreeRTOS fuzz demo!
[TEST_CASE_COMPLETED]
Hello from FreeRTOS fuzz demo!
[TEST_CASE_COMPLETED]
Hello from FreeRTOS fuzz demo!
[TEST_CASE_COMPLETED]
Hello from FreeRTOS fuzz demo!
[TEST_CASE_COMPLETED]
Hello from FreeRTOS fuzz demo!
[TEST_CASE_COMPLETED]
Hello from FreeRTOS fuzz demo!
[TEST_CASE_COMPLETED]
Hello from FreeRTOS fuzz demo!
[TEST_CASE_COMPLETED]
Hello from FreeRTOS fuzz demo!
[TEST_CASE_COMPLETED]
Hello from FreeRTOS fuzz demo!
[TEST_CASE_COMPLETED]
Hello from FreeRTOS fuzz demo!
[TEST_CASE_COMPLETED]
Hello from FreeRTOS fuzz demo!
[TEST_CASE_COMPLETED]
Hello from FreeRTOS fuzz demo!
[TEST_CASE_COMPLETED]
Hello from FreeRTOS fuzz demo!
[TEST_CASE_COMPLETED]
Hello from FreeRTOS fuzz demo!
[TEST_CASE_COMPLETED]
Hello from FreeRTOS fuzz demo!
[TEST_CASE_COMPLETED]
Hello from FreeRTOS fuzz demo!
[TEST_CASE_COMPLETED]
Hello from FreeRTOS fuzz demo!
[TEST_CASE_COMPLETED]
Hello from FreeRTOS fuzz demo!
[TEST_CASE_COMPLETED]
Hello from FreeRTOS fuzz demo!
[TEST_CASE_COMPLETED]
Hello from FreeRTOS fuzz demo!
[TEST_CASE_COMPLETED]
Hello from FreeRTOS fuzz demo!
[TEST_CASE_COMPLETED]
Hello from FreeRTOS fuzz demo!
[TEST_CASE_COMPLETED]
Hello from FreeRTOS fuzz demo!
[TEST_CASE_COMPLETED]
Hello from FreeRTOS fuzz demo!
[TEST_CASE_COMPLETED]
Hello from FreeRTOS fuzz demo!
[TEST_CASE_COMPLETED]
Hello from FreeRTOS fuzz demo!
[TEST_CASE_COMPLETED]
Hello from FreeRTOS fuzz demo!
[TEST_CASE_COMPLETED]
Hello from FreeRTOS fuzz demo!
[TEST_CASE_COMPLETED]
Hello from FreeRTOS fuzz demo!
[TEST_CASE_COMPLETED]
Hello from FreeRTOS fuzz demo!
[TEST_CASE_COMPLETED]
Hello from FreeRTOS fuzz demo!
[TEST_CASE_COMPLETED]
Hello from FreeRTOS fuzz demo!
[TEST_CASE_COMPLETED]
Hello from FreeRTOS fuzz demo!
[TEST_CASE_COMPLETED]
Hello from FreeRTOS fuzz demo!
[TEST_CASE_COMPLETED]
Hello from FreeRTOS fuzz demo!
[TEST_CASE_COMPLETED]
Hello from FreeRTOS fuzz demo!
[TEST_CASE_COMPLETED]
Hello from FreeRTOS fuzz demo!
[TEST_CASE_COMPLETED]
Hello from FreeRTOS fuzz demo!
[TEST_CASE_COMPLETED]
Hello from FreeRTOS fuzz demo!
[TEST_CASE_COMPLETED]
Hello from FreeRTOS fuzz demo!
[TEST_CASE_COMPLETED]
Hello from FreeRTOS fuzz demo!
[TEST_CASE_COMPLETED]
Hello from FreeRTOS fuzz demo!
[TEST_CASE_COMPLETED]
Hello from FreeRTOS fuzz demo!
[TEST_CASE_COMPLETED]
Hello from FreeRTOS fuzz demo!
[TEST_CASE_COMPLETED]
Hello from FreeRTOS fuzz demo!
[TEST_CASE_COMPLETED]
Hello from FreeRTOS fuzz demo!
[TEST_CASE_COMPLETED]
Hello from FreeRTOS fuzz demo!
[TEST_CASE_COMPLETED]
Hello from FreeRTOS fuzz demo!
[TEST_CASE_COMPLETED]
Hello from FreeRTOS fuzz demo!
[TEST_CASE_COMPLETED]
Hello from FreeRTOS fuzz demo!
[TEST_CASE_COMPLETED]
Hello from FreeRTOS fuzz demo!
[TEST_CASE_COMPLETED]
Hello from FreeRTOS fuzz demo!
[TEST_CASE_COMPLETED]
Hello from FreeRTOS fuzz demo!
[TEST_CASE_COMPLETED]
Hello from FreeRTOS fuzz demo!
[TEST_CASE_COMPLETED]
Hello from FreeRTOS fuzz demo!
[TEST_CASE_COMPLETED]
Hello from FreeRTOS fuzz demo!
[TEST_CASE_COMPLETED]
Hello from FreeRTOS fuzz demo!
[TEST_CASE_COMPLETED]
Hello from FreeRTOS fuzz demo!
[TEST_CASE_COMPLETED]
Hello from FreeRTOS fuzz demo!
[TEST_CASE_COMPLETED]
Hello from FreeRTOS fuzz demo!
[TEST_CASE_COMPLETED]
Hello from FreeRTOS fuzz demo!
[TEST_CASE_COMPLETED]
Hello from FreeRTOS fuzz demo!
[TEST_CASE_COMPLETED]
Hello from FreeRTOS fuzz demo!
[TEST_CASE_COMPLETED]
Hello from FreeRTOS fuzz demo!
[TEST_CASE_COMPLETED]
Hello from FreeRTOS fuzz demo!
[TEST_CASE_COMPLETED]
Hello from FreeRTOS fuzz demo!
[TEST_CASE_COMPLETED]
Hello from FreeRTOS fuzz demo!
[TEST_CASE_COMPLETED]
Hello from FreeRTOS fuzz demo!
[TEST_CASE_COMPLETED]
Hello from FreeRTOS fuzz demo!
[TEST_CASE_COMPLETED]
Hello from FreeRTOS fuzz demo!
[TEST_CASE_COMPLETED]
[UserStats   #1]  (GLOBAL) run time: 3s, clients: 1, corpus: 133, objectives: 0, executions: 5979, exec/sec: 1.722k, edges: 100.000%, stability: 100.000%
                  (CLIENT) corpus: 133, objectives: 0, executions: 5979, exec/sec: 1.722k, edges: 486/486 (100%), stability: 374/374 (100%)
Hello fro[Testcase    #1]  (GLOBAL) run time: 3s, clients: 1, corpus: 134, objectives: 0, executions: 5979, exec/sec: 1.722k, edges: 100.000%, stability: 100.000%
m F                  (CLIENT) corpus: 134, objectives: 0, executions: 5979, exec/sec: 1.721k, edges: 486/486 (100%), stability: 374/374 (100%)
reeRTOS fuzz demo!
[TEST_CASE_COMPLETED]
Hello from FreeRTOS fuzz demo!
[TEST_CASE_COMPLETED]
Hello from FreeRTOS fuzz demo!
[TEST_CASE_COMPLETED]
Hello from FreeRTOS fuzz demo!
[TEST_CASE_COMPLETED]
Hello from FreeRTOS fuzz demo!
[TEST_CASE_COMPLETED]
Hello from FreeRTOS fuzz demo!
[TEST_CASE_COMPLETED]
Hello from FreeRTOS fuzz demo!
[TEST_CASE_COMPLETED]
Hello from FreeRTOS fuzz demo!
[TEST_CASE_COMPLETED]
Hello from FreeRTOS fuzz demo!
[TEST_CASE_COMPLETED]
Hello from FreeRTOS fuzz demo!
[TEST_CASE_COMPLETED]
Hello from FreeRTOS fuzz demo!
[TEST_CASE_COMPLETED]
Hello from FreeRTOS fuzz demo!
[TEST_CASE_COMPLETED]
Hello from FreeRTOS fuzz demo!
[TEST_CASE_COMPLETED]
Hello from FreeRTOS fuzz demo!
[TEST_CASE_COMPLETED]
Hello from FreeRTOS fuzz demo!
[TEST_CASE_COMPLETED]
Hello from FreeRTOS fuzz demo!
[TEST_CASE_COMPLETED]
Hello from FreeRTOS fuzz demo!
[TEST_CASE_COMPLETED]
Hello from FreeRTOS fuzz demo!
[TEST_CASE_COMPLETED]
Hello from FreeRTOS fuzz demo!
[TEST_CASE_COMPLETED]
Hello from FreeRTOS fuzz demo!
[TEST_CASE_COMPLETED]
Hello from FreeRTOS fuzz demo!
[TEST_CASE_COMPLETED]
Hello from FreeRTOS fuzz demo!
[TEST_CASE_COMPLETED]
Hello from FreeRTOS fuzz demo!
[TEST_CASE_COMPLETED]
Hello from FreeRTOS fuzz demo!
[TEST_CASE_COMPLETED]
Hello from FreeRTOS fuzz demo!
[TEST_CASE_COMPLETED]
Hello from FreeRTOS fuzz demo!
[TEST_CASE_COMPLETED]
Hello from FreeRTOS fuzz demo!
[TEST_CASE_COMPLETED]
Hello from FreeRTOS fuzz demo!
[TEST_CASE_COMPLETED]
Hello from FreeRTOS fuzz demo!
[TEST_CASE_COMPLETED]
Hello from FreeRTOS fuzz demo!
[TEST_CASE_COMPLETED]
Hello from FreeRTOS fuzz demo!
[TEST_CASE_COMPLETED]
Hello from FreeRTOS fuzz demo!
[TEST_CASE_COMPLETED]
Hello from FreeRTOS fuzz demo!
[TEST_CASE_COMPLETED]
Hello from FreeRTOS fuzz demo!
[TEST_CASE_COMPLETED]
Hello from FreeRTOS fuzz demo!
[TEST_CASE_COMPLETED]
Hello from FreeRTOS fuzz demo!
[TEST_CASE_COMPLETED]
Hello from FreeRTOS fuzz demo!
[TEST_CASE_COMPLETED]
Hello from FreeRTOS fuzz demo!
[TEST_CASE_COMPLETED]
Hello from FreeRTOS fuzz demo!
[TEST_CASE_COMPLETED]
Hello from FreeRTOS fuzz demo!
[TEST_CASE_COMPLETED]
Hello from FreeRTOS fuzz demo!
[TEST_CASE_COMPLETED]
Hello from FreeRTOS fuzz demo!
[TEST_CASE_COMPLETED]
Hello from FreeRTOS fuzz demo!
[TEST_CASE_COMPLETED]
Hello from FreeRTOS fuzz demo!
[TEST_CASE_COMPLETED]
Hello from FreeRTOS fuzz demo!
[TEST_CASE_COMPLETED]
Hello from FreeRTOS fuzz demo!
[TEST_CASE_COMPLETED]
Hello from FreeRTOS fuzz demo!
[TEST_CASE_COMPLETED]
Hello from FreeRTOS fuzz demo!
[TEST_CASE_COMPLETED]
Hello from FreeRTOS fuzz demo!
[TEST_CASE_COMPLETED]
Hello from FreeRTOS fuzz demo!
[TEST_CASE_COMPLETED]
Hello from FreeRTOS fuzz demo!
[TEST_CASE_COMPLETED]
Hello from FreeRTOS fuzz demo!
[TEST_CASE_COMPLETED]
Hello from FreeRTOS fuzz demo!
[TEST_CASE_COMPLETED]
Hello from FreeRTOS fuzz demo!
[TEST_CASE_COMPLETED]
Hello from FreeRTOS fuzz demo!
[TEST_CASE_COMPLETED]
Hello from FreeRTOS fuzz demo!
[TEST_CASE_COMPLETED]
Hello from FreeRTOS fuzz demo!
[TEST_CASE_COMPLETED]
Hello from FreeRTOS fuzz demo!
[TEST_CASE_COMPLETED]
Hello from FreeRTOS fuzz demo!
[TEST_CASE_COMPLETED]
Hello from FreeRTOS fuzz demo!
[TEST_CASE_COMPLETED]
Hello from FreeRTOS fuzz demo!
[TEST_CASE_COMPLETED]
Hello from FreeRTOS fuzz demo!
[TEST_CASE_COMPLETED]
Hello from FreeRTOS fuzz demo!
[TEST_CASE_COMPLETED]
Hello from FreeRTOS fuzz demo!
[TEST_CASE_COMPLETED]
Hello from FreeRTOS fuzz demo!
[TEST_CASE_COMPLETED]
Hello from FreeRTOS fuzz demo!
[TEST_CASE_COMPLETED]
Hello from FreeRTOS fuzz demo!
[TEST_CASE_COMPLETED]
Hello from FreeRTOS fuzz demo!
[TEST_CASE_COMPLETED]
Hello from FreeRTOS fuzz demo!
[TEST_CASE_COMPLETED]
Hello from FreeRTOS fuzz demo!
[TEST_CASE_COMPLETED]
Hello from FreeRTOS fuzz demo!
[TEST_CASE_COMPLETED]
Hello from FreeRTOS fuzz demo!
[TEST_CASE_COMPLETED]
Hello from FreeRTOS fuzz demo!
[TEST_CASE_COMPLETED]
Hello from FreeRTOS fuzz demo!
[TEST_CASE_COMPLETED]
Hello from FreeRTOS fuzz demo!
[TEST_CASE_COMPLETED]
Hello from FreeRTOS fuzz demo!
[TEST_CASE_COMPLETED]
Hello from FreeRTOS fuzz demo!
[TEST_CASE_COMPLETED]
Hello from FreeRTOS fuzz demo!
[TEST_CASE_COMPLETED]
Hello from FreeRTOS fuzz demo!
[TEST_CASE_COMPLETED]
Hello from FreeRTOS fuzz demo!
[TEST_CASE_COMPLETED]
Hello from FreeRTOS fuzz demo!
[TEST_CASE_COMPLETED]
Hello from FreeRTOS fuzz demo!
[TEST_CASE_COMPLETED]
Hello from FreeRTOS fuzz demo!
[TEST_CASE_COMPLETED]
Hello from FreeRTOS fuzz demo!
[TEST_CASE_COMPLETED]
Hello from FreeRTOS fuzz demo!
[TEST_CASE_COMPLETED]
Hello from FreeRTOS fuzz demo!
[TEST_CASE_COMPLETED]
Hello from FreeRTOS fuzz demo!
[TEST_CASE_COMPLETED]
Hello from FreeRTOS fuzz demo!
[TEST_CASE_COMPLETED]
Hello from FreeRTOS fuzz demo!
[TEST_CASE_COMPLETED]
Hello from FreeRTOS fuzz demo!
[TEST_CASE_COMPLETED]
Hello from FreeRTOS fuzz demo!
[TEST_CASE_COMPLETED]
Hello from FreeRTOS fuzz demo!
[TEST_CASE_COMPLETED]
Hello from FreeRTOS fuzz demo!
[TEST_CASE_COMPLETED]
Hello from FreeRTOS fuzz demo!
[TEST_CASE_COMPLETED]
Hello from FreeRTOS fuzz demo!
[TEST_CASE_COMPLETED]
Hello from FreeRTOS fuzz demo!
[TEST_CASE_COMPLETED]
Hello from FreeRTOS fuzz demo!
[TEST_CASE_COMPLETED]
Hello from FreeRTOS fuzz demo!
[TEST_CASE_COMPLETED]
Hello from FreeRTOS fuzz demo!
[TEST_CASE_COMPLETED]
Hello from FreeRTOS fuzz demo!
[TEST_CASE_COMPLETED]
Hello from FreeRTOS fuzz demo!
[TEST_CASE_COMPLETED]
Hello from FreeRTOS fuzz demo!
[TEST_CASE_COMPLETED]
Hello from FreeRTOS fuzz demo!
[TEST_CASE_COMPLETED]
Hello from FreeRTOS fuzz demo!
[TEST_CASE_COMPLETED]
Hello from FreeRTOS fuzz demo!
[TEST_CASE_COMPLETED]
Hello from FreeRTOS fuzz demo!
[TEST_CASE_COMPLETED]
Hello from FreeRTOS fuzz demo!
[TEST_CASE_COMPLETED]
Hello from FreeRTOS fuzz demo!
[TEST_CASE_COMPLETED]
[UserStats   #1]  (GLOBAL) run time: 3s, clients: 1, corpus: 134, objectives: 0, executions: 6088, exec/sec: 1.723k, edges: 100.000%, stability: 100.000%
                  (CLIENT) corpus: 134, objectives: 0, executions: 6088, exec/sec: 1.723k, edges: 487/487 (100%), stability: 374/374 (100%)
Hello from FreeRTOS fuzz demo!
[TES[Testcase    #1]  (GLOBAL) run time: 3s, clients: 1, corpus: 135, objectives: 0, executions: 6088, exec/sec: 1.722k, edges: 100.000%, stability: 100.000%
T_CA                  (CLIENT) corpus: 135, objectives: 0, executions: 6088, exec/sec: 1.722k, edges: 487/487 (100%), stability: 374/374 (100%)
SE_COMPLETED]
Hello from FreeRTOS fuzz demo!
[TEST_CASE_COMPLETED]
Hello from FreeRTOS fuzz demo!
[TEST_CASE_COMPLETED]
Hello from FreeRTOS fuzz demo!
[TEST_CASE_COMPLETED]
Hello from FreeRTOS fuzz demo!
[TEST_CASE_COMPLETED]
Hello from FreeRTOS fuzz demo!
[TEST_CASE_COMPLETED]
Hello from FreeRTOS fuzz demo!
[TEST_CASE_COMPLETED]
Hello from FreeRTOS fuzz demo!
[TEST_CASE_COMPLETED]
Hello from FreeRTOS fuzz demo!
[TEST_CASE_COMPLETED]
Hello from FreeRTOS fuzz demo!
[TEST_CASE_COMPLETED]
Hello from FreeRTOS fuzz demo!
[TEST_CASE_COMPLETED]
Hello from FreeRTOS fuzz demo!
[TEST_CASE_COMPLETED]
Hello from FreeRTOS fuzz demo!
[TEST_CASE_COMPLETED]
Hello from FreeRTOS fuzz demo!
[TEST_CASE_COMPLETED]
Hello from FreeRTOS fuzz demo!
[TEST_CASE_COMPLETED]
Hello from FreeRTOS fuzz demo!
[TEST_CASE_COMPLETED]
Hello from FreeRTOS fuzz demo!
[TEST_CASE_COMPLETED]
Hello from FreeRTOS fuzz demo!
[TEST_CASE_COMPLETED]
Hello from FreeRTOS fuzz demo!
[UserStats   #1]  (GLOBAL) run time: 3s, clients: 1, corpus: 135, objectives: 0, executions: 6112, exec/sec: 1.724k, edges: 100.000%, stability: 100.000%
                  (CLIENT) corpus: 135, objectives: 0, executions: 6112, exec/sec: 1.724k, edges: 488/488 (100%), stability: 374/374 (100%)
[TEST_CASE_COMPLETED]
[Testcase    #1]  (GLOBAL) run time: 3s, clients: 1, corpus: 136, objectives: 0, executions: 6112, exec/sec: 1.724k, edges: 100.000%, stability: 100.000%
                  (CLIENT) corpus: 136, objectives: 0, executions: 6112, exec/sec: 1.724k, edges: 488/488 (100%), stability: 374/374 (100%)
Hello from FreeRTOS fuzz demo!
[TEST_CASE_COMPLETED]
Hello from FreeRTOS fuzz demo!
[TEST_CASE_COMPLETED]
Hello from FreeRTOS fuzz demo!
[TEST_CASE_COMPLETED]
Hello from FreeRTOS fuzz demo!
[TEST_CASE_COMPLETED]
Hello from FreeRTOS fuzz demo!
[TEST_CASE_COMPLETED]
Hello from FreeRTOS fuzz demo!
[TEST_CASE_COMPLETED]
Hello from FreeRTOS fuzz demo!
[TEST_CASE_COMPLETED]
Hello from FreeRTOS fuzz demo!
[TEST_CASE_COMPLETED]
Hello from FreeRTOS fuzz demo!
[TEST_CASE_COMPLETED]
Hello from FreeRTOS fuzz demo!
[TEST_CASE_COMPLETED]
Hello from FreeRTOS fuzz demo!
[TEST_CASE_COMPLETED]
Hello from FreeRTOS fuzz demo!
[TEST_CASE_COMPLETED]
Hello from FreeRTOS fuzz demo!
[TEST_CASE_COMPLETED]
Hello from FreeRTOS fuzz demo!
[TEST_CASE_COMPLETED]
Hello from FreeRTOS fuzz demo!
[TEST_CASE_COMPLETED]
Hello from FreeRTOS fuzz demo!
[TEST_CASE_COMPLETED]
Hello from FreeRTOS fuzz demo!
[TEST_CASE_COMPLETED]
Hello from FreeRTOS fuzz demo!
[TEST_CASE_COMPLETED]
Hello from FreeRTOS fuzz demo!
[TEST_CASE_COMPLETED]
Hello from FreeRTOS fuzz demo!
[TEST_CASE_COMPLETED]
Hello from FreeRTOS fuzz demo!
[TEST_CASE_COMPLETED]
Hello from FreeRTOS fuzz demo!
[TEST_CASE_COMPLETED]
Hello from FreeRTOS fuzz demo!
[TEST_CASE_COMPLETED]
Hello from FreeRTOS fuzz demo!
[TEST_CASE_COMPLETED]
Hello from FreeRTOS fuzz demo!
[TEST_CASE_COMPLETED]
Hello from FreeRTOS fuzz demo!
[TEST_CASE_COMPLETED]
Hello from FreeRTOS fuzz demo!
[TEST_CASE_COMPLETED]
Hello from FreeRTOS fuzz demo!
[TEST_CASE_COMPLETED]
Hello from FreeRTOS fuzz demo!
[TEST_CASE_COMPLETED]
Hello from FreeRTOS fuzz demo!
[TEST_CASE_COMPLETED]
Hello from FreeRTOS fuzz demo!
[TEST_CASE_COMPLETED]
Hello from FreeRTOS fuzz demo!
[TEST_CASE_COMPLETED]
Hello from FreeRTOS fuzz demo!
[TEST_CASE_COMPLETED]
Hello from FreeRTOS fuzz demo!
[TEST_CASE_COMPLETED]
Hello from FreeRTOS fuzz demo!
[TEST_CASE_COMPLETED]
Hello from FreeRTOS fuzz demo!
[TEST_CASE_COMPLETED]
He[UserStats   #1]  (GLOBAL) run time: 3s, clients: 1, corpus: 136, objectives: 0, executions: 6149, exec/sec: 1.725k, edges: 100.000%, stability: 100.000%
llo                   (CLIENT) corpus: 136, objectives: 0, executions: 6149, exec/sec: 1.725k, edges: 489/489 (100%), stability: 374/374 (100%)
from FreeRTOS fuzz demo!
[TEST_CASE_COMPLETED]
[Testcase    #1]  (GLOBAL) run time: 3s, clients: 1, corpus: 137, objectives: 0, executions: 6149, exec/sec: 1.724k, edges: 100.000%, stability: 100.000%
                  (CLIENT) corpus: 137, objectives: 0, executions: 6149, exec/sec: 1.724k, edges: 489/489 (100%), stability: 374/374 (100%)
Hello from FreeRTOS fuzz demo!
[TEST_CASE_COMPLETED]
Hello from FreeRTOS fuzz demo!
[TEST_CASE_COMPLETED]
Hello from FreeRTOS fuzz demo!
[TEST_CASE_COMPLETED]
Hello from FreeRTOS fuzz demo!
[TEST_CASE_COMPLETED]
Hello from FreeRTOS fuzz demo!
[TEST_CASE_COMPLETED]
Hello from FreeRTOS fuzz demo!
[TEST_CASE_COMPLETED]
Hello from FreeRTOS fuzz demo!
[TEST_CASE_COMPLETED]
Hello from FreeRTOS fuzz demo!
[TEST_CASE_COMPLETED]
Hello from FreeRTOS fuzz demo!
[UserStats   #1]  (GLOBAL) run time: 3s, clients: 1, corpus: 137, objectives: 0, executions: 6151, exec/sec: 1.723k, edges: 100.000%, stability: 100.000%
                  (CLIENT) corpus: 137, objectives: 0, executions: 6151, exec/sec: 1.723k, edges: 490/490 (100%), stability: 374/374 (100%)
[TEST_CASE_COMPLETED]
[Testcase    #1]  (GLOBAL) run time: 3s, clients: 1, corpus: 138, objectives: 0, executions: 6151, exec/sec: 1.722k, edges: 100.000%, stability: 100.000%
                  (CLIENT) corpus: 138, objectives: 0, executions: 6151, exec/sec: 1.722k, edges: 490/490 (100%), stability: 374/374 (100%)
Hello from FreeRTOS fuzz demo!
[TEST_CASE_COMPLETED]
Hello from FreeRTOS fuzz demo!
[TEST_CASE_COMPLETED]
Hello from FreeRTOS fuzz demo!
[TEST_CASE_COMPLETED]
Hello from FreeRTOS fuzz demo!
[TEST_CASE_COMPLETED]
Hello from FreeRTOS fuzz demo!
[TEST_CASE_COMPLETED]
Hello from FreeRTOS fuzz demo!
[TEST_CASE_COMPLETED]
Hello from FreeRTOS fuzz demo!
[TEST_CASE_COMPLETED]
Hello from FreeRTOS fuzz demo!
[TEST_CASE_COMPLETED]
Hello from FreeRTOS fuzz demo!
[TEST_CASE_COMPLETED]
[UserStats   #1]  (GLOBAL) run time: 3s, clients: 1, corpus: 138, objectives: 0, executions: 6165, exec/sec: 1.724k, edges: 100.000%, stability: 100.000%
                  (CLIENT) corpus: 138, objectives: 0, executions: 6165, exec/sec: 1.724k, edges: 491/491 (100%), stability: 374/374 (100%)
[Testcase    #1]  (GLOBAL) run time: 3s, clients: 1, corpus: 139, objectives: 0, executions: 6165, exec/sec: 1.724k, edges: 100.000%, stability: 100.000%
                  (CLIENT) corpus: 139, objectives: 0, executions: 6165, exec/sec: 1.724k, edges: 491/491 (100%), stability: 374/374 (100%)
Hello from FreeRTOS fuzz demo!
[TEST_CASE_COMPLETED]
Hello from FreeRTOS fuzz demo!
[TEST_CASE_COMPLETED]
Hello from FreeRTOS fuzz demo!
[TEST_CASE_COMPLETED]
Hello from FreeRTOS fuzz demo!
[TEST_CASE_COMPLETED]
Hello from FreeRTOS fuzz demo!
[TEST_CASE_COMPLETED]
Hello from FreeRTOS fuzz demo!
[TEST_CASE_COMPLETED]
Hello from FreeRTOS fuzz demo!
[TEST_CASE_COMPLETED]
Hello from FreeRTOS fuzz demo!
[TEST_CASE_COMPLETED]
Hello from FreeRTOS fuzz demo!
[TEST_CASE_COMPLETED]
[UserStats   #1]  (GLOBAL) run time: 3s, clients: 1, corpus: 139, objectives: 0, executions: 6169, exec/sec: 1.722k, edges: 100.000%, stability: 100.000%
                  (CLIENT) corpus: 139, objectives: 0, executions: 6169, exec/sec: 1.722k, edges: 492/492 (100%), stability: 374/374 (100%)
Hello from Free[Testcase    #1]  (GLOBAL) run time: 3s, clients: 1, corpus: 140, objectives: 0, executions: 6169, exec/sec: 1.722k, edges: 100.000%, stability: 100.000%
RT                  (CLIENT) corpus: 140, objectives: 0, executions: 6169, exec/sec: 1.722k, edges: 492/492 (100%), stability: 374/374 (100%)
OS fuzz demo!
[TEST_CASE_COMPLETED]
Hello from FreeRTOS fuzz demo!
[TEST_CASE_COMPLETED]
Hello from FreeRTOS fuzz demo!
[TEST_CASE_COMPLETED]
Hello from FreeRTOS fuzz demo!
[TEST_CASE_COMPLETED]
Hello from FreeRTOS fuzz demo!
[TEST_CASE_COMPLETED]
Hello from FreeRTOS fuzz demo!
[TEST_CASE_COMPLETED]
Hello from FreeRTOS fuzz demo!
[TEST_CASE_COMPLETED]
Hello from FreeRTOS fuzz demo!
[TEST_CASE_COMPLETED]
Hello from FreeRTOS fuzz demo!
[TEST_CASE_COMPLETED]
Hello from FreeRTOS fuzz demo!
[TEST_CASE_COMPLETED]
Hello from FreeRTOS fuzz demo!
[TEST_CASE_COMPLETED]
Hello from FreeRTOS fuzz demo!
[TEST_CASE_COMPLETED]
Hello from FreeRTOS fuzz demo!
[TEST_CASE_COMPLETED]
Hello from FreeRTOS fuzz demo!
[TEST_CASE_COMPLETED]
Hello from FreeRTOS fuzz demo!
[TEST_CASE_COMPLETED]
Hello from FreeRTOS fuzz demo!
[TEST_CASE_COMPLETED]
Hello from FreeRTOS fuzz demo!
[TEST_CASE_COMPLETED]
Hello from FreeRTOS fuzz demo!
[TEST_CASE_COMPLETED]
Hello from FreeRTOS fuzz demo!
[TEST_CASE_COMPLETED]
Hello from FreeRTOS fuzz demo!
[TEST_CASE_COMPLETED]
Hello from FreeRTOS fuzz demo!
[TEST_CASE_COMPLETED]
Hello from FreeRTOS fuzz demo!
[TEST_CASE_COMPLETED]
Hello from FreeRTOS fuzz demo!
[TEST_CASE_COMPLETED]
Hello from FreeRTOS fuzz demo!
[TEST_CASE_COMPLETED]
Hello from FreeRTOS fuzz demo!
[TEST_CASE_COMPLETED]
Hello from FreeRTOS fuzz demo!
[TEST_CASE_COMPLETED]
Hello from FreeRTOS fuzz demo!
[TEST_CASE_COMPLETED]
Hello from FreeRTOS fuzz demo!
[TEST_CASE_COMPLETED]
Hello from FreeRTOS fuzz demo!
[TEST_CASE_COMPLETED]
Hello from FreeRTOS fuzz demo!
[TEST_CASE_COMPLETED]
Hello from FreeRTOS fuzz demo!
[TEST_CASE_COMPLETED]
Hello from FreeRTOS fuzz demo!
[TEST_CASE_COMPLETED]
Hello from FreeRTOS fuzz demo!
[TEST_CASE_COMPLETED]
Hello from FreeRTOS fuzz demo!
[TEST_CASE_COMPLETED]
Hello from FreeRTOS fuzz demo!
[TEST_CASE_COMPLETED]
Hello from FreeRTOS fuzz demo!
[TEST_CASE_COMPLETED]
Hello from FreeRTOS fuzz demo!
[TEST_CASE_COMPLETED]
Hello from FreeRTOS fuzz demo!
[TEST_CASE_COMPLETED]
Hello from FreeRTOS fuzz demo!
[TEST_CASE_COMPLETED]
Hello from FreeRTOS fuzz demo!
[TEST_CASE_COMPLETED]
Hello from FreeRTOS fuzz demo!
[TEST_CASE_COMPLETED]
Hello from FreeRTOS fuzz demo!
[TEST_CASE_COMPLETED]
Hello from FreeRTOS fuzz demo!
[TEST_CASE_COMPLETED]
Hello from FreeRTOS fuzz demo!
[TEST_CASE_COMPLETED]
Hello from FreeRTOS fuzz demo!
[TEST_CASE_COMPLETED]
Hello from FreeRTOS fuzz demo!
[TEST_CASE_COMPLETED]
Hello from FreeRTOS fuzz demo!
[TEST_CASE_COMPLETED]
Hello from FreeRTOS fuzz demo!
[TEST_CASE_COMPLETED]
Hello from FreeRTOS fuzz demo!
[TEST_CASE_COMPLETED]
Hello from FreeRTOS fuzz demo!
[TEST_CASE_COMPLETED]
Hello from FreeRTOS fuzz demo!
[TEST_CASE_COMPLETED]
Hello from FreeRTOS fuzz demo!
[TEST_CASE_COMPLETED]
Hello from FreeRTOS fuzz demo!
[TEST_CASE_COMPLETED]
Hello from FreeRTOS fuzz demo!
[TEST_CASE_COMPLETED]
Hello from FreeRTOS fuzz demo!
[TEST_CASE_COMPLETED]
Hello from FreeRTOS fuzz demo!
[TEST_CASE_COMPLETED]
Hello from FreeRTOS fuzz demo!
[TEST_CASE_COMPLETED]
Hello from FreeRTOS fuzz demo!
[TEST_CASE_COMPLETED]
Hello from FreeRTOS fuzz demo!
[TEST_CASE_COMPLETED]
Hello from FreeRTOS fuzz demo!
[TEST_CASE_COMPLETED]
Hello from FreeRTOS fuzz demo!
[TEST_CASE_COMPLETED]
Hello from FreeRTOS fuzz demo!
[TEST_CASE_COMPLETED]
Hello from FreeRTOS fuzz demo!
[TEST_CASE_COMPLETED]
Hello from FreeRTOS fuzz demo!
[TEST_CASE_COMPLETED]
Hello from FreeRTOS fuzz demo!
[TEST_CASE_COMPLETED]
Hello from FreeRTOS fuzz demo!
[TEST_CASE_COMPLETED]
Hello from FreeRTOS fuzz demo!
[TEST_CASE_COMPLETED]
Hello from FreeRTOS fuzz demo!
[TEST_CASE_COMPLETED]
Hello from FreeRTOS fuzz demo!
[TEST_CASE_COMPLETED]
Hello from FreeRTOS fuzz demo!
[TEST_CASE_COMPLETED]
Hello from FreeRTOS fuzz demo!
[TEST_CASE_COMPLETED]
Hello from FreeRTOS fuzz demo!
[TEST_CASE_COMPLETED]
Hello from FreeRTOS fuzz demo!
[TEST_CASE_COMPLETED]
Hello from FreeRTOS fuzz demo!
[TEST_CASE_COMPLETED]
Hello from FreeRTOS fuzz demo!
[TEST_CASE_COMPLETED]
Hello from FreeRTOS fuzz demo!
[TEST_CASE_COMPLETED]
Hello from FreeRTOS fuzz demo!
[TEST_CASE_COMPLETED]
Hello from FreeRTOS fuzz demo!
[TEST_CASE_COMPLETED]
Hello from FreeRTOS fuzz demo!
[TEST_CASE_COMPLETED]
Hello from FreeRTOS fuzz demo!
[TEST_CASE_COMPLETED]
Hello from FreeRTOS fuzz demo!
[TEST_CASE_COMPLETED]
Hello from FreeRTOS fuzz demo!
[TEST_CASE_COMPLETED]
Hello from FreeRTOS fuzz demo!
[TEST_CASE_COMPLETED]
Hello from FreeRTOS fuzz demo!
[TEST_CASE_COMPLETED]
Hello from FreeRTOS fuzz demo!
[TEST_CASE_COMPLETED]
Hello from FreeRTOS fuzz demo!
[TEST_CASE_COMPLETED]
Hello from FreeRTOS fuzz demo!
[TEST_CASE_COMPLETED]
Hello from FreeRTOS fuzz demo!
[TEST_CASE_COMPLETED]
Hello from FreeRTOS fuzz demo!
[TEST_CASE_COMPLETED]
Hello from FreeRTOS fuzz demo!
[TEST_CASE_COMPLETED]
Hello from FreeRTOS fuzz demo!
[TEST_CASE_COMPLETED]
Hello from FreeRTOS fuzz demo!
[TEST_CASE_COMPLETED]
Hello from FreeRTOS fuzz demo!
[TEST_CASE_COMPLETED]
Hello from FreeRTOS fuzz demo!
[TEST_CASE_COMPLETED]
Hello from FreeRTOS fuzz demo!
[TEST_CASE_COMPLETED]
Hello from FreeRTOS fuzz demo!
[TEST_CASE_COMPLETED]
Hello from FreeRTOS fuzz demo!
[TEST_CASE_COMPLETED]
Hello from FreeRTOS fuzz demo!
[TEST_CASE_COMPLETED]
Hello from FreeRTOS fuzz demo!
[TEST_CASE_COMPLETED]
Hello from FreeRTOS fuzz demo!
[TEST_CASE_COMPLETED]
Hello from FreeRTOS fuzz demo!
[TEST_CASE_COMPLETED]
Hello from FreeRTOS fuzz demo!
[TEST_CASE_COMPLETED]
Hello from FreeRTOS fuzz demo!
[TEST_CASE_COMPLETED]
Hello from FreeRTOS fuzz demo!
[TEST_CASE_COMPLETED]
Hello from FreeRTOS fuzz demo!
[TEST_CASE_COMPLETED]
Hello from FreeRTOS fuzz demo!
[TEST_CASE_COMPLETED]
Hello from FreeRTOS fuzz demo!
[TEST_CASE_COMPLETED]
Hello from FreeRTOS fuzz demo!
[TEST_CASE_COMPLETED]
Hello from FreeRTOS fuzz demo!
[TEST_CASE_COMPLETED]
Hello from FreeRTOS fuzz demo!
[TEST_CASE_COMPLETED]
Hello from FreeRTOS fuzz demo!
[TEST_CASE_COMPLETED]
Hello from FreeRTOS fuzz demo!
[TEST_CASE_COMPLETED]
Hello from FreeRTOS fuzz demo!
[TEST_CASE_COMPLETED]
Hello from FreeRTOS fuzz demo!
[TEST_CASE_COMPLETED]
Hello from FreeRTOS fuzz demo!
[TEST_CASE_COMPLETED]
Hello from FreeRTOS fuzz demo!
[TEST_CASE_COMPLETED]
Hello from FreeRTOS fuzz demo!
[TEST_CASE_COMPLETED]
Hello from FreeRTOS fuzz demo!
[TEST_CASE_COMPLETED]
Hello from FreeRTOS fuzz demo!
[TEST_CASE_COMPLETED]
Hello from FreeRTOS fuzz demo!
[TEST_CASE_COMPLETED]
Hello from FreeRTOS fuzz demo!
[TEST_CASE_COMPLETED]
Hello from FreeRTOS fuzz demo!
[TEST_CASE_COMPLETED]
Hello from FreeRTOS fuzz demo!
[TEST_CASE_COMPLETED]
Hello from FreeRTOS fuzz demo!
[TEST_CASE_COMPLETED]
Hello from FreeRTOS fuzz demo!
[TEST_CASE_COMPLETED]
Hello from FreeRTOS fuzz demo!
[TEST_CASE_COMPLETED]
Hello from FreeRTOS fuzz demo!
[TEST_CASE_COMPLETED]
Hello from FreeRTOS fuzz demo!
[TEST_CASE_COMPLETED]
Hello from FreeRTOS fuzz demo!
[TEST_CASE_COMPLETED]
Hello from FreeRTOS fuzz demo!
[TEST_CASE_COMPLETED]
Hello from FreeRTOS fuzz demo!
[TEST_CASE_COMPLETED]
Hello from FreeRTOS fuzz demo!
[TEST_CASE_COMPLETED]
Hello from FreeRTOS fuzz demo!
[TEST_CASE_COMPLETED]
Hello from FreeRTOS fuzz demo!
[TEST_CASE_COMPLETED]
Hello from FreeRTOS fuzz demo!
[TEST_CASE_COMPLETED]
Hello from FreeRTOS fuzz demo!
[TEST_CASE_COMPLETED]
Hello from FreeRTOS fuzz demo!
[TEST_CASE_COMPLETED]
Hello from FreeRTOS fuzz demo!
[TEST_CASE_COMPLETED]
Hello from FreeRTOS fuzz demo!
[TEST_CASE_COMPLETED]
Hello from FreeRTOS fuzz demo!
[TEST_CASE_COMPLETED]
Hello from FreeRTOS fuzz demo!
[TEST_CASE_COMPLETED]
Hello from FreeRTOS fuzz demo!
[TEST_CASE_COMPLETED]
Hello from FreeRTOS fuzz demo!
[TEST_CASE_COMPLETED]
Hello from FreeRTOS fuzz demo!
[TEST_CASE_COMPLETED]
Hello from FreeRTOS fuzz demo!
[TEST_CASE_COMPLETED]
Hello from FreeRTOS fuzz demo!
[TEST_CASE_COMPLETED]
[UserStats   #1]  (GLOBAL) run time: 3s, clients: 1, corpus: 140, objectives: 0, executions: 6323, exec/sec: 1.726k, edges: 100.000%, stability: 100.000%
                  (CLIENT) corpus: 140, objectives: 0, executions: 6323, exec/sec: 1.726k, edges: 493/493 (100%), stability: 374/374 (100%)
Hello from FreeRTOS fuzz demo!
[TEST_CASE_COMPLETED]
Hello from FreeRTOS fuzz demo!
[TEST_CASE_COMPLETED]
Hello from FreeRTOS fuzz demo!
[TEST_CASE_COMPLETED]
Hello from FreeRTOS fuzz demo!
[TEST_CASE_COMPLETED]
Hello from FreeRTOS fuzz demo!
[TEST_CASE_COMPLETED]
Hello from FreeRTOS fuzz demo!
[TEST_CASE_COMPLETED]
Hello from FreeRTOS fuzz demo!
[TEST_CASE_COMPLETED]
Hello from FreeRTOS fuzz demo!
[TEST_CASE_COMPLETED]
Hello from FreeRTOS fuzz demo!
[TEST_CASE_COMPLETED]
Hello from FreeRTOS fuzz demo!
[TEST_CASE_COMPLETED]
[Testcase    #1]  (GLOBAL) run time: 3s, clients: 1, corpus: 141, objectives: 0, executions: 6323, exec/sec: 1.723k, edges: 100.000%, stability: 100.000%
                  (CLIENT) corpus: 141, objectives: 0, executions: 6323, exec/sec: 1.723k, edges: 493/493 (100%), stability: 374/374 (100%)
Hello from FreeRTOS fuzz demo!
[TEST_CASE_COMPLETED]
Hello from FreeRTOS fuzz demo!
[TEST_CASE_COMPLETED]
Hello from FreeRTOS fuzz demo!
[TEST_CASE_COMPLETED]
Hello from FreeRTOS fuzz demo!
[TEST_CASE_COMPLETED]
Hello from FreeRTOS fuzz demo!
[TEST_CASE_COMPLETED]
Hello from FreeRTOS fuzz demo!
[TEST_CASE_COMPLETED]
Hello from FreeRTOS fuzz demo!
[TEST_CASE_COMPLETED]
Hello from FreeRTOS fuzz demo!
[TEST_CASE_COMPLETED]
Hello from FreeRTOS fuzz demo!
[TEST_CASE_COMPLETED]
Hello from FreeRTOS fuzz demo!
[TEST_CASE_COMPLETED]
Hello from FreeRTOS fuzz demo!
[TEST_CASE_COMPLETED]
Hello from FreeRTOS fuzz demo!
[TEST_CASE_COMPLETED]
Hello from FreeRTOS fuzz demo!
[TEST_CASE_COMPLETED]
Hello from FreeRTOS fuzz demo!
[TEST_CASE_COMPLETED]
Hello from FreeRTOS fuzz demo!
[TEST_CASE_COMPLETED]
Hello from FreeRTOS fuzz demo!
[TEST_CASE_COMPLETED]
Hello from FreeRTOS fuzz demo!
[TEST_CASE_COMPLETED]
Hello from FreeRTOS fuzz demo!
[TEST_CASE_COMPLETED]
Hello from FreeRTOS fuzz demo!
[TEST_CASE_COMPLETED]
Hello from FreeRTOS fuzz demo!
[TEST_CASE_COMPLETED]
Hello from FreeRTOS fuzz demo!
[TEST_CASE_COMPLETED]
Hello from FreeRTOS fuzz demo!
[TEST_CASE_COMPLETED]
Hello from FreeRTOS fuzz demo!
[TEST_CASE_COMPLETED]
Hello from FreeRTOS fuzz demo!
[TEST_CASE_COMPLETED]
Hello from FreeRTOS fuzz demo!
[TEST_CASE_COMPLETED]
Hello from FreeRTOS fuzz demo!
[TEST_CASE_COMPLETED]
Hello from FreeRTOS fuzz demo!
[TEST_CASE_COMPLETED]
Hello from FreeRTOS fuzz demo!
[TEST_CASE_COMPLETED]
Hello from FreeRTOS fuzz demo!
[TEST_CASE_COMPLETED]
Hello from FreeRTOS fuzz demo!
[TEST_CASE_COMPLETED]
Hello from FreeRTOS fuzz demo!
[TEST_CASE_COMPLETED]
Hello from FreeRTOS fuzz demo!
[TEST_CASE_COMPLETED]
Hello from FreeRTOS fuzz demo!
[TEST_CASE_COMPLETED]
Hello from FreeRTOS fuzz demo!
[TEST_CASE_COMPLETED]
Hello from FreeRTOS fuzz demo!
[TEST_CASE_COMPLETED]
Hello from FreeRTOS fuzz demo!
[TEST_CASE_COMPLETED]
Hello from FreeRTOS fuzz demo!
[TEST_CASE_COMPLETED]
Hello from FreeRTOS fuzz demo!
[TEST_CASE_COMPLETED]
Hello from FreeRTOS fuzz demo!
[TEST_CASE_COMPLETED]
Hello from FreeRTOS fuzz demo!
[TEST_CASE_COMPLETED]
Hello from FreeRTOS fuzz demo!
[TEST_CASE_COMPLETED]
Hello from FreeRTOS fuzz demo!
[TEST_CASE_COMPLETED]
Hello from FreeRTOS fuzz demo!
[TEST_CASE_COMPLETED]
Hello from FreeRTOS fuzz demo!
[TEST_CASE_COMPLETED]
Hello from FreeRTOS fuzz demo!
[TEST_CASE_COMPLETED]
Hello from FreeRTOS fuzz demo!
[TEST_CASE_COMPLETED]
Hello from FreeRTOS fuzz demo!
[TEST_CASE_COMPLETED]
Hello from FreeRTOS fuzz demo!
[TEST_CASE_COMPLETED]
Hello from FreeRTOS fuzz demo!
[TEST_CASE_COMPLETED]
Hello from FreeRTOS fuzz demo!
[TEST_CASE_COMPLETED]
Hello from FreeRTOS fuzz demo!
[TEST_CASE_COMPLETED]
Hello from FreeRTOS fuzz demo!
[TEST_CASE_COMPLETED]
Hello from FreeRTOS fuzz demo!
[TEST_CASE_COMPLETED]
Hello from FreeRTOS fuzz demo!
[TEST_CASE_COMPLETED]
Hello from FreeRTOS fuzz demo!
[TEST_CASE_COMPLETED]
Hello from FreeRTOS fuzz demo!
[TEST_CASE_COMPLETED]
Hello from FreeRTOS fuzz demo!
[TEST_CASE_COMPLETED]
Hello from FreeRTOS fuzz demo!
[TEST_CASE_COMPLETED]
Hello from FreeRTOS fuzz demo!
[TEST_CASE_COMPLETED]
Hello from FreeRTOS fuzz demo!
[TEST_CASE_COMPLETED]
Hello from FreeRTOS fuzz demo!
[TEST_CASE_COMPLETED]
Hello from FreeRTOS fuzz demo!
[TEST_CASE_COMPLETED]
Hello from FreeRTOS fuzz demo!
[TEST_CASE_COMPLETED]
Hello from FreeRTOS fuzz demo!
[TEST_CASE_COMPLETED]
Hello from FreeRTOS fuzz demo!
[TEST_CASE_COMPLETED]
Hello from FreeRTOS fuzz demo!
[TEST_CASE_COMPLETED]
Hello from FreeRTOS fuzz demo!
[TEST_CASE_COMPLETED]
Hello from FreeRTOS fuzz demo!
[TEST_CASE_COMPLETED]
Hello from FreeRTOS fuzz demo!
[TEST_CASE_COMPLETED]
Hello from FreeRTOS fuzz demo!
[TEST_CASE_COMPLETED]
Hello from FreeRTOS fuzz demo!
[TEST_CASE_COMPLETED]
Hello from FreeRTOS fuzz demo!
[TEST_CASE_COMPLETED]
Hello from FreeRTOS fuzz demo!
[TEST_CASE_COMPLETED]
Hello from FreeRTOS fuzz demo!
[TEST_CASE_COMPLETED]
Hello from FreeRTOS fuzz demo!
[TEST_CASE_COMPLETED]
Hello from FreeRTOS fuzz demo!
[TEST_CASE_COMPLETED]
Hello from FreeRTOS fuzz demo!
[TEST_CASE_COMPLETED]
Hello from FreeRTOS fuzz demo!
[TEST_CASE_COMPLETED]
Hello from FreeRTOS fuzz demo!
ASSERT! Line 118, file ./../../../../Demo/CORTEX_MPS2_QEMU_IAR_GCC/fuzz_harness.c
[Objective   #1]  (GLOBAL) run time: 6s, clients: 1, corpus: 141, objectives: 1, executions: 6412, exec/sec: 955.0, edges: 100.000%, stability: 100.000%
                  (CLIENT) corpus: 141, objectives: 1, executions: 6412, exec/sec: 955.0, edges: 493/493 (100%), stability: 374/374 (100%)
[Objective   #1]  (GLOBAL) run time: 9s, clients: 1, corpus: 141, objectives: 2, executions: 6413, exec/sec: 660.2, edges: 100.000%, stability: 100.000%
                  (CLIENT) corpus: 141, objectives: 2, executions: 6413, exec/sec: 660.2, edges: 493/493 (100%), stability: 374/374 (100%)
[Objective   #1]  (GLOBAL) run time: 12s, clients: 1, corpus: 141, objectives: 3, executions: 6414, exec/sec: 504.5, edges: 100.000%, stability: 100.000%
                  (CLIENT) corpus: 141, objectives: 3, executions: 6414, exec/sec: 504.5, edges: 493/493 (100%), stability: 374/374 (100%)
[Objective   #1]  (GLOBAL) run time: 15s, clients: 1, corpus: 141, objectives: 4, executions: 6415, exec/sec: 408.1, edges: 100.000%, stability: 100.000%
                  (CLIENT) corpus: 141, objectives: 4, executions: 6415, exec/sec: 408.1, edges: 493/493 (100%), stability: 374/374 (100%)
[Objective   #1]  (GLOBAL) run time: 18s, clients: 1, corpus: 141, objectives: 5, executions: 6416, exec/sec: 342.7, edges: 100.000%, stability: 100.000%
                  (CLIENT) corpus: 141, objectives: 5, executions: 6416, exec/sec: 342.7, edges: 493/493 (100%), stability: 374/374 (100%)
[Objective   #1]  (GLOBAL) run time: 21s, clients: 1, corpus: 141, objectives: 6, executions: 6417, exec/sec: 295.4, edges: 100.000%, stability: 100.000%
                  (CLIENT) corpus: 141, objectives: 6, executions: 6417, exec/sec: 295.4, edges: 493/493 (100%), stability: 374/374 (100%)
[Objective   #1]  (GLOBAL) run time: 24s, clients: 1, corpus: 141, objectives: 7, executions: 6418, exec/sec: 259.6, edges: 100.000%, stability: 100.000%
                  (CLIENT) corpus: 141, objectives: 7, executions: 6418, exec/sec: 259.6, edges: 493/493 (100%), stability: 374/374 (100%)
[Objective   #1]  (GLOBAL) run time: 27s, clients: 1, corpus: 141, objectives: 8, executions: 6419, exec/sec: 231.5, edges: 100.000%, stability: 100.000%
                  (CLIENT) corpus: 141, objectives: 8, executions: 6419, exec/sec: 231.5, edges: 493/493 (100%), stability: 374/374 (100%)
[Objective   #1]  (GLOBAL) run time: 30s, clients: 1, corpus: 141, objectives: 9, executions: 6420, exec/sec: 209.0, edges: 100.000%, stability: 100.000%
                  (CLIENT) corpus: 141, objectives: 9, executions: 6420, exec/sec: 209.0, edges: 493/493 (100%), stability: 374/374 (100%)
[Objective   #1]  (GLOBAL) run time: 33s, clients: 1, corpus: 141, objectives: 10, executions: 6421, exec/sec: 190.4, edges: 100.000%, stability: 100.000%
                  (CLIENT) corpus: 141, objectives: 10, executions: 6421, exec/sec: 190.4, edges: 493/493 (100%), stability: 374/374 (100%)
[Objective   #1]  (GLOBAL) run time: 36s, clients: 1, corpus: 141, objectives: 11, executions: 6422, exec/sec: 174.9, edges: 100.000%, stability: 100.000%
                  (CLIENT) corpus: 141, objectives: 11, executions: 6422, exec/sec: 174.9, edges: 493/493 (100%), stability: 374/374 (100%)
[Objective   #1]  (GLOBAL) run time: 39s, clients: 1, corpus: 141, objectives: 12, executions: 6423, exec/sec: 161.7, edges: 100.000%, stability: 100.000%
                  (CLIENT) corpus: 141, objectives: 12, executions: 6423, exec/sec: 161.7, edges: 493/493 (100%), stability: 374/374 (100%)
[Objective   #1]  (GLOBAL) run time: 42s, clients: 1, corpus: 141, objectives: 13, executions: 6424, exec/sec: 150.4, edges: 100.000%, stability: 100.000%
                  (CLIENT) corpus: 141, objectives: 13, executions: 6424, exec/sec: 150.4, edges: 493/493 (100%), stability: 374/374 (100%)
[Objective   #1]  (GLOBAL) run time: 45s, clients: 1, corpus: 141, objectives: 14, executions: 6425, exec/sec: 140.5, edges: 100.000%, stability: 100.000%
                  (CLIENT) corpus: 141, objectives: 14, executions: 6425, exec/sec: 140.5, edges: 493/493 (100%), stability: 374/374 (100%)
[Objective   #1]  (GLOBAL) run time: 48s, clients: 1, corpus: 141, objectives: 15, executions: 6426, exec/sec: 131.9, edges: 100.000%, stability: 100.000%
                  (CLIENT) corpus: 141, objectives: 15, executions: 6426, exec/sec: 131.9, edges: 493/493 (100%), stability: 374/374 (100%)
[Objective   #1]  (GLOBAL) run time: 51s, clients: 1, corpus: 141, objectives: 16, executions: 6427, exec/sec: 124.2, edges: 100.000%, stability: 100.000%
                  (CLIENT) corpus: 141, objectives: 16, executions: 6427, exec/sec: 124.2, edges: 493/493 (100%), stability: 374/374 (100%)
[Objective   #1]  (GLOBAL) run time: 54s, clients: 1, corpus: 141, objectives: 17, executions: 6428, exec/sec: 117.4, edges: 100.000%, stability: 100.000%
                  (CLIENT) corpus: 141, objectives: 17, executions: 6428, exec/sec: 117.4, edges: 493/493 (100%), stability: 374/374 (100%)
[Objective   #1]  (GLOBAL) run time: 57s, clients: 1, corpus: 141, objectives: 18, executions: 6429, exec/sec: 111.4, edges: 100.000%, stability: 100.000%
                  (CLIENT) corpus: 141, objectives: 18, executions: 6429, exec/sec: 111.4, edges: 493/493 (100%), stability: 374/374 (100%)
[Objective   #1]  (GLOBAL) run time: 1m-0s, clients: 1, corpus: 141, objectives: 19, executions: 6430, exec/sec: 105.9, edges: 100.000%, stability: 100.000%
                  (CLIENT) corpus: 141, objectives: 19, executions: 6430, exec/sec: 105.9, edges: 493/493 (100%), stability: 374/374 (100%)
[Objective   #1]  (GLOBAL) run time: 1m-3s, clients: 1, corpus: 141, objectives: 20, executions: 6431, exec/sec: 100.9, edges: 100.000%, stability: 100.000%
                  (CLIENT) corpus: 141, objectives: 20, executions: 6431, exec/sec: 100.9, edges: 493/493 (100%), stability: 374/374 (100%)
[Objective   #1]  (GLOBAL) run time: 1m-6s, clients: 1, corpus: 141, objectives: 21, executions: 6432, exec/sec: 96.38, edges: 100.000%, stability: 100.000%
                  (CLIENT) corpus: 141, objectives: 21, executions: 6432, exec/sec: 96.38, edges: 493/493 (100%), stability: 374/374 (100%)
[Objective   #1]  (GLOBAL) run time: 1m-9s, clients: 1, corpus: 141, objectives: 22, executions: 6433, exec/sec: 92.25, edges: 100.000%, stability: 100.000%
                  (CLIENT) corpus: 141, objectives: 22, executions: 6433, exec/sec: 92.25, edges: 493/493 (100%), stability: 374/374 (100%)
[Objective   #1]  (GLOBAL) run time: 1m-12s, clients: 1, corpus: 141, objectives: 23, executions: 6434, exec/sec: 88.46, edges: 100.000%, stability: 100.000%
                  (CLIENT) corpus: 141, objectives: 23, executions: 6434, exec/sec: 88.46, edges: 493/493 (100%), stability: 374/374 (100%)
[Objective   #1]  (GLOBAL) run time: 1m-15s, clients: 1, corpus: 141, objectives: 24, executions: 6435, exec/sec: 84.97, edges: 100.000%, stability: 100.000%
                  (CLIENT) corpus: 141, objectives: 24, executions: 6435, exec/sec: 84.97, edges: 493/493 (100%), stability: 374/374 (100%)
[Objective   #1]  (GLOBAL) run time: 1m-18s, clients: 1, corpus: 141, objectives: 25, executions: 6436, exec/sec: 81.74, edges: 100.000%, stability: 100.000%
                  (CLIENT) corpus: 141, objectives: 25, executions: 6436, exec/sec: 81.74, edges: 493/493 (100%), stability: 374/374 (100%)
[Objective   #1]  (GLOBAL) run time: 1m-21s, clients: 1, corpus: 141, objectives: 26, executions: 6437, exec/sec: 78.75, edges: 100.000%, stability: 100.000%
                  (CLIENT) corpus: 141, objectives: 26, executions: 6437, exec/sec: 78.75, edges: 493/493 (100%), stability: 374/374 (100%)
[Objective   #1]  (GLOBAL) run time: 1m-24s, clients: 1, corpus: 141, objectives: 27, executions: 6438, exec/sec: 75.98, edges: 100.000%, stability: 100.000%
                  (CLIENT) corpus: 141, objectives: 27, executions: 6438, exec/sec: 75.98, edges: 493/493 (100%), stability: 374/374 (100%)
[Objective   #1]  (GLOBAL) run time: 1m-27s, clients: 1, corpus: 141, objectives: 28, executions: 6439, exec/sec: 73.39, edges: 100.000%, stability: 100.000%
                  (CLIENT) corpus: 141, objectives: 28, executions: 6439, exec/sec: 73.39, edges: 493/493 (100%), stability: 374/374 (100%)
[Client Heartbeat #1]  (GLOBAL) run time: 1m-45s, clients: 1, corpus: 141, objectives: 28, executions: 6445, exec/sec: 60.95, edges: 100.000%, stability: 100.000%
                       (CLIENT) corpus: 141, objectives: 28, executions: 6445, exec/sec: 60.95, edges: 493/493 (100%), stability: 374/374 (100%)
[Objective   #1]  (GLOBAL) run time: 1m-48s, clients: 1, corpus: 141, objectives: 29, executions: 6446, exec/sec: 59.28, edges: 100.000%, stability: 100.000%
                  (CLIENT) corpus: 141, objectives: 29, executions: 6446, exec/sec: 59.28, edges: 493/493 (100%), stability: 374/374 (100%)
[Objective   #1]  (GLOBAL) run time: 1m-51s, clients: 1, corpus: 141, objectives: 30, executions: 6447, exec/sec: 57.69, edges: 100.000%, stability: 100.000%
                  (CLIENT) corpus: 141, objectives: 30, executions: 6447, exec/sec: 57.69, edges: 493/493 (100%), stability: 374/374 (100%)
[Objective   #1]  (GLOBAL) run time: 1m-54s, clients: 1, corpus: 141, objectives: 31, executions: 6448, exec/sec: 56.19, edges: 100.000%, stability: 100.000%
                  (CLIENT) corpus: 141, objectives: 31, executions: 6448, exec/sec: 56.19, edges: 493/493 (100%), stability: 374/374 (100%)
[Objective   #1]  (GLOBAL) run time: 1m-57s, clients: 1, corpus: 141, objectives: 32, executions: 6449, exec/sec: 54.77, edges: 100.000%, stability: 100.000%
                  (CLIENT) corpus: 141, objectives: 32, executions: 6449, exec/sec: 54.77, edges: 493/493 (100%), stability: 374/374 (100%)
[Objective   #1]  (GLOBAL) run time: 2m-0s, clients: 1, corpus: 141, objectives: 33, executions: 6450, exec/sec: 53.42, edges: 100.000%, stability: 100.000%
                  (CLIENT) corpus: 141, objectives: 33, executions: 6450, exec/sec: 53.42, edges: 493/493 (100%), stability: 374/374 (100%)
[Objective   #1]  (GLOBAL) run time: 2m-3s, clients: 1, corpus: 141, objectives: 34, executions: 6451, exec/sec: 52.13, edges: 100.000%, stability: 100.000%
                  (CLIENT) corpus: 141, objectives: 34, executions: 6451, exec/sec: 52.13, edges: 493/493 (100%), stability: 374/374 (100%)
[Objective   #1]  (GLOBAL) run time: 2m-6s, clients: 1, corpus: 141, objectives: 35, executions: 6452, exec/sec: 50.91, edges: 100.000%, stability: 100.000%
                  (CLIENT) corpus: 141, objectives: 35, executions: 6452, exec/sec: 50.91, edges: 493/493 (100%), stability: 374/374 (100%)
[Client Heartbeat #1]  (GLOBAL) run time: 2m-24s, clients: 1, corpus: 141, objectives: 35, executions: 6458, exec/sec: 44.62, edges: 100.000%, stability: 100.000%
                       (CLIENT) corpus: 141, objectives: 35, executions: 6458, exec/sec: 44.62, edges: 493/493 (100%), stability: 374/374 (100%)
[Objective   #1]  (GLOBAL) run time: 2m-27s, clients: 1, corpus: 141, objectives: 36, executions: 6459, exec/sec: 43.72, edges: 100.000%, stability: 100.000%
                  (CLIENT) corpus: 141, objectives: 36, executions: 6459, exec/sec: 43.72, edges: 493/493 (100%), stability: 374/374 (100%)
[Objective   #1]  (GLOBAL) run time: 2m-30s, clients: 1, corpus: 141, objectives: 37, executions: 6460, exec/sec: 42.85, edges: 100.000%, stability: 100.000%
                  (CLIENT) corpus: 141, objectives: 37, executions: 6460, exec/sec: 42.85, edges: 493/493 (100%), stability: 374/374 (100%)
[Objective   #1]  (GLOBAL) run time: 2m-33s, clients: 1, corpus: 141, objectives: 38, executions: 6461, exec/sec: 42.02, edges: 100.000%, stability: 100.000%
                  (CLIENT) corpus: 141, objectives: 38, executions: 6461, exec/sec: 42.02, edges: 493/493 (100%), stability: 374/374 (100%)
[Objective   #1]  (GLOBAL) run time: 2m-36s, clients: 1, corpus: 141, objectives: 39, executions: 6462, exec/sec: 41.22, edges: 100.000%, stability: 100.000%
                  (CLIENT) corpus: 141, objectives: 39, executions: 6462, exec/sec: 41.22, edges: 493/493 (100%), stability: 374/374 (100%)
[Objective   #1]  (GLOBAL) run time: 2m-39s, clients: 1, corpus: 141, objectives: 40, executions: 6463, exec/sec: 40.46, edges: 100.000%, stability: 100.000%
                  (CLIENT) corpus: 141, objectives: 40, executions: 6463, exec/sec: 40.46, edges: 493/493 (100%), stability: 374/374 (100%)
[Objective   #1]  (GLOBAL) run time: 2m-42s, clients: 1, corpus: 141, objectives: 41, executions: 6464, exec/sec: 39.72, edges: 100.000%, stability: 100.000%
                  (CLIENT) corpus: 141, objectives: 41, executions: 6464, exec/sec: 39.72, edges: 493/493 (100%), stability: 374/374 (100%)
[Objective   #1]  (GLOBAL) run time: 2m-45s, clients: 1, corpus: 141, objectives: 42, executions: 6465, exec/sec: 39.00, edges: 100.000%, stability: 100.000%
                  (CLIENT) corpus: 141, objectives: 42, executions: 6465, exec/sec: 39.00, edges: 493/493 (100%), stability: 374/374 (100%)
[Objective   #1]  (GLOBAL) run time: 2m-48s, clients: 1, corpus: 141, objectives: 43, executions: 6466, exec/sec: 38.32, edges: 100.000%, stability: 100.000%
                  (CLIENT) corpus: 141, objectives: 43, executions: 6466, exec/sec: 38.32, edges: 493/493 (100%), stability: 374/374 (100%)
[Objective   #1]  (GLOBAL) run time: 2m-51s, clients: 1, corpus: 141, objectives: 44, executions: 6467, exec/sec: 37.65, edges: 100.000%, stability: 100.000%
                  (CLIENT) corpus: 141, objectives: 44, executions: 6467, exec/sec: 37.65, edges: 493/493 (100%), stability: 374/374 (100%)
[Objective   #1]  (GLOBAL) run time: 2m-54s, clients: 1, corpus: 141, objectives: 45, executions: 6468, exec/sec: 37.01, edges: 100.000%, stability: 100.000%
                  (CLIENT) corpus: 141, objectives: 45, executions: 6468, exec/sec: 37.01, edges: 493/493 (100%), stability: 374/374 (100%)
[Objective   #1]  (GLOBAL) run time: 2m-57s, clients: 1, corpus: 141, objectives: 46, executions: 6469, exec/sec: 36.39, edges: 100.000%, stability: 100.000%
                  (CLIENT) corpus: 141, objectives: 46, executions: 6469, exec/sec: 36.39, edges: 493/493 (100%), stability: 374/374 (100%)
[Objective   #1]  (GLOBAL) run time: 3m-0s, clients: 1, corpus: 141, objectives: 47, executions: 6470, exec/sec: 35.79, edges: 100.000%, stability: 100.000%
                  (CLIENT) corpus: 141, objectives: 47, executions: 6470, exec/sec: 35.79, edges: 493/493 (100%), stability: 374/374 (100%)
[Objective   #1]  (GLOBAL) run time: 3m-3s, clients: 1, corpus: 141, objectives: 48, executions: 6471, exec/sec: 35.22, edges: 100.000%, stability: 100.000%
                  (CLIENT) corpus: 141, objectives: 48, executions: 6471, exec/sec: 35.22, edges: 493/493 (100%), stability: 374/374 (100%)
[Objective   #1]  (GLOBAL) run time: 3m-6s, clients: 1, corpus: 141, objectives: 49, executions: 6472, exec/sec: 34.65, edges: 100.000%, stability: 100.000%
                  (CLIENT) corpus: 141, objectives: 49, executions: 6472, exec/sec: 34.65, edges: 493/493 (100%), stability: 374/374 (100%)
[Objective   #1]  (GLOBAL) run time: 3m-9s, clients: 1, corpus: 141, objectives: 50, executions: 6473, exec/sec: 34.11, edges: 100.000%, stability: 100.000%
                  (CLIENT) corpus: 141, objectives: 50, executions: 6473, exec/sec: 34.11, edges: 493/493 (100%), stability: 374/374 (100%)
[Objective   #1]  (GLOBAL) run time: 3m-12s, clients: 1, corpus: 141, objectives: 51, executions: 6474, exec/sec: 33.59, edges: 100.000%, stability: 100.000%
                  (CLIENT) corpus: 141, objectives: 51, executions: 6474, exec/sec: 33.59, edges: 493/493 (100%), stability: 374/374 (100%)
[Objective   #1]  (GLOBAL) run time: 3m-15s, clients: 1, corpus: 141, objectives: 52, executions: 6475, exec/sec: 33.08, edges: 100.000%, stability: 100.000%
                  (CLIENT) corpus: 141, objectives: 52, executions: 6475, exec/sec: 33.08, edges: 493/493 (100%), stability: 374/374 (100%)
[Objective   #1]  (GLOBAL) run time: 3m-18s, clients: 1, corpus: 141, objectives: 53, executions: 6476, exec/sec: 32.58, edges: 100.000%, stability: 100.000%
                  (CLIENT) corpus: 141, objectives: 53, executions: 6476, exec/sec: 32.58, edges: 493/493 (100%), stability: 374/374 (100%)
[Objective   #1]  (GLOBAL) run time: 3m-21s, clients: 1, corpus: 141, objectives: 54, executions: 6477, exec/sec: 32.10, edges: 100.000%, stability: 100.000%
                  (CLIENT) corpus: 141, objectives: 54, executions: 6477, exec/sec: 32.10, edges: 493/493 (100%), stability: 374/374 (100%)
[Objective   #1]  (GLOBAL) run time: 3m-24s, clients: 1, corpus: 141, objectives: 55, executions: 6478, exec/sec: 31.64, edges: 100.000%, stability: 100.000%
                  (CLIENT) corpus: 141, objectives: 55, executions: 6478, exec/sec: 31.64, edges: 493/493 (100%), stability: 374/374 (100%)
[Objective   #1]  (GLOBAL) run time: 3m-27s, clients: 1, corpus: 141, objectives: 56, executions: 6479, exec/sec: 31.19, edges: 100.000%, stability: 100.000%
                  (CLIENT) corpus: 141, objectives: 56, executions: 6479, exec/sec: 31.19, edges: 493/493 (100%), stability: 374/374 (100%)
[Objective   #1]  (GLOBAL) run time: 3m-30s, clients: 1, corpus: 141, objectives: 57, executions: 6480, exec/sec: 30.75, edges: 100.000%, stability: 100.000%
                  (CLIENT) corpus: 141, objectives: 57, executions: 6480, exec/sec: 30.75, edges: 493/493 (100%), stability: 374/374 (100%)
[Objective   #1]  (GLOBAL) run time: 3m-33s, clients: 1, corpus: 141, objectives: 58, executions: 6481, exec/sec: 30.32, edges: 100.000%, stability: 100.000%
                  (CLIENT) corpus: 141, objectives: 58, executions: 6481, exec/sec: 30.32, edges: 493/493 (100%), stability: 374/374 (100%)
[Objective   #1]  (GLOBAL) run time: 3m-36s, clients: 1, corpus: 141, objectives: 59, executions: 6482, exec/sec: 29.90, edges: 100.000%, stability: 100.000%
                  (CLIENT) corpus: 141, objectives: 59, executions: 6482, exec/sec: 29.90, edges: 493/493 (100%), stability: 374/374 (100%)
[Objective   #1]  (GLOBAL) run time: 3m-39s, clients: 1, corpus: 141, objectives: 60, executions: 6483, exec/sec: 29.50, edges: 100.000%, stability: 100.000%
                  (CLIENT) corpus: 141, objectives: 60, executions: 6483, exec/sec: 29.50, edges: 493/493 (100%), stability: 374/374 (100%)
[Objective   #1]  (GLOBAL) run time: 3m-42s, clients: 1, corpus: 141, objectives: 61, executions: 6484, exec/sec: 29.11, edges: 100.000%, stability: 100.000%
                  (CLIENT) corpus: 141, objectives: 61, executions: 6484, exec/sec: 29.11, edges: 493/493 (100%), stability: 374/374 (100%)
[Objective   #1]  (GLOBAL) run time: 3m-45s, clients: 1, corpus: 141, objectives: 62, executions: 6485, exec/sec: 28.72, edges: 100.000%, stability: 100.000%
                  (CLIENT) corpus: 141, objectives: 62, executions: 6485, exec/sec: 28.72, edges: 493/493 (100%), stability: 374/374 (100%)
[Objective   #1]  (GLOBAL) run time: 3m-48s, clients: 1, corpus: 141, objectives: 63, executions: 6486, exec/sec: 28.35, edges: 100.000%, stability: 100.000%
                  (CLIENT) corpus: 141, objectives: 63, executions: 6486, exec/sec: 28.35, edges: 493/493 (100%), stability: 374/374 (100%)
[Objective   #1]  (GLOBAL) run time: 3m-51s, clients: 1, corpus: 141, objectives: 64, executions: 6487, exec/sec: 27.99, edges: 100.000%, stability: 100.000%
                  (CLIENT) corpus: 141, objectives: 64, executions: 6487, exec/sec: 27.99, edges: 493/493 (100%), stability: 374/374 (100%)
[Objective   #1]  (GLOBAL) run time: 3m-54s, clients: 1, corpus: 141, objectives: 65, executions: 6488, exec/sec: 27.64, edges: 100.000%, stability: 100.000%
                  (CLIENT) corpus: 141, objectives: 65, executions: 6488, exec/sec: 27.64, edges: 493/493 (100%), stability: 374/374 (100%)
[Objective   #1]  (GLOBAL) run time: 3m-57s, clients: 1, corpus: 141, objectives: 66, executions: 6489, exec/sec: 27.29, edges: 100.000%, stability: 100.000%
                  (CLIENT) corpus: 141, objectives: 66, executions: 6489, exec/sec: 27.29, edges: 493/493 (100%), stability: 374/374 (100%)
[Objective   #1]  (GLOBAL) run time: 4m-0s, clients: 1, corpus: 141, objectives: 67, executions: 6490, exec/sec: 26.96, edges: 100.000%, stability: 100.000%
                  (CLIENT) corpus: 141, objectives: 67, executions: 6490, exec/sec: 26.96, edges: 493/493 (100%), stability: 374/374 (100%)
[Objective   #1]  (GLOBAL) run time: 4m-3s, clients: 1, corpus: 141, objectives: 68, executions: 6491, exec/sec: 26.63, edges: 100.000%, stability: 100.000%
                  (CLIENT) corpus: 141, objectives: 68, executions: 6491, exec/sec: 26.63, edges: 493/493 (100%), stability: 374/374 (100%)
[Objective   #1]  (GLOBAL) run time: 4m-6s, clients: 1, corpus: 141, objectives: 69, executions: 6492, exec/sec: 26.31, edges: 100.000%, stability: 100.000%
                  (CLIENT) corpus: 141, objectives: 69, executions: 6492, exec/sec: 26.31, edges: 493/493 (100%), stability: 374/374 (100%)
[Objective   #1]  (GLOBAL) run time: 4m-9s, clients: 1, corpus: 141, objectives: 70, executions: 6493, exec/sec: 26.00, edges: 100.000%, stability: 100.000%
                  (CLIENT) corpus: 141, objectives: 70, executions: 6493, exec/sec: 26.00, edges: 493/493 (100%), stability: 374/374 (100%)
[Objective   #1]  (GLOBAL) run time: 4m-12s, clients: 1, corpus: 141, objectives: 71, executions: 6494, exec/sec: 25.69, edges: 100.000%, stability: 100.000%
                  (CLIENT) corpus: 141, objectives: 71, executions: 6494, exec/sec: 25.69, edges: 493/493 (100%), stability: 374/374 (100%)
[Client Heartbeat #1]  (GLOBAL) run time: 4m-30s, clients: 1, corpus: 141, objectives: 71, executions: 6500, exec/sec: 24.01, edges: 100.000%, stability: 100.000%
                       (CLIENT) corpus: 141, objectives: 71, executions: 6500, exec/sec: 24.01, edges: 493/493 (100%), stability: 374/374 (100%)
[Objective   #1]  (GLOBAL) run time: 4m-33s, clients: 1, corpus: 141, objectives: 72, executions: 6501, exec/sec: 23.75, edges: 100.000%, stability: 100.000%
                  (CLIENT) corpus: 141, objectives: 72, executions: 6501, exec/sec: 23.75, edges: 493/493 (100%), stability: 374/374 (100%)
[Objective   #1]  (GLOBAL) run time: 4m-36s, clients: 1, corpus: 141, objectives: 73, executions: 6502, exec/sec: 23.49, edges: 100.000%, stability: 100.000%
                  (CLIENT) corpus: 141, objectives: 73, executions: 6502, exec/sec: 23.49, edges: 493/493 (100%), stability: 374/374 (100%)
[Objective   #1]  (GLOBAL) run time: 4m-39s, clients: 1, corpus: 141, objectives: 74, executions: 6503, exec/sec: 23.24, edges: 100.000%, stability: 100.000%
                  (CLIENT) corpus: 141, objectives: 74, executions: 6503, exec/sec: 23.24, edges: 493/493 (100%), stability: 374/374 (100%)
[Objective   #1]  (GLOBAL) run time: 4m-42s, clients: 1, corpus: 141, objectives: 75, executions: 6504, exec/sec: 23.00, edges: 100.000%, stability: 100.000%
                  (CLIENT) corpus: 141, objectives: 75, executions: 6504, exec/sec: 23.00, edges: 493/493 (100%), stability: 374/374 (100%)
[Objective   #1]  (GLOBAL) run time: 4m-45s, clients: 1, corpus: 141, objectives: 76, executions: 6505, exec/sec: 22.76, edges: 100.000%, stability: 100.000%
                  (CLIENT) corpus: 141, objectives: 76, executions: 6505, exec/sec: 22.76, edges: 493/493 (100%), stability: 374/374 (100%)
[Objective   #1]  (GLOBAL) run time: 4m-48s, clients: 1, corpus: 141, objectives: 77, executions: 6506, exec/sec: 22.53, edges: 100.000%, stability: 100.000%
                  (CLIENT) corpus: 141, objectives: 77, executions: 6506, exec/sec: 22.53, edges: 493/493 (100%), stability: 374/374 (100%)
[Objective   #1]  (GLOBAL) run time: 4m-51s, clients: 1, corpus: 141, objectives: 78, executions: 6507, exec/sec: 22.30, edges: 100.000%, stability: 100.000%
                  (CLIENT) corpus: 141, objectives: 78, executions: 6507, exec/sec: 22.30, edges: 493/493 (100%), stability: 374/374 (100%)
[Objective   #1]  (GLOBAL) run time: 4m-54s, clients: 1, corpus: 141, objectives: 79, executions: 6508, exec/sec: 22.08, edges: 100.000%, stability: 100.000%
                  (CLIENT) corpus: 141, objectives: 79, executions: 6508, exec/sec: 22.08, edges: 493/493 (100%), stability: 374/374 (100%)
[Objective   #1]  (GLOBAL) run time: 4m-57s, clients: 1, corpus: 141, objectives: 80, executions: 6509, exec/sec: 21.86, edges: 100.000%, stability: 100.000%
                  (CLIENT) corpus: 141, objectives: 80, executions: 6509, exec/sec: 21.86, edges: 493/493 (100%), stability: 374/374 (100%)
[Objective   #1]  (GLOBAL) run time: 5m-0s, clients: 1, corpus: 141, objectives: 81, executions: 6510, exec/sec: 21.64, edges: 100.000%, stability: 100.000%
                  (CLIENT) corpus: 141, objectives: 81, executions: 6510, exec/sec: 21.64, edges: 493/493 (100%), stability: 374/374 (100%)
[Objective   #1]  (GLOBAL) run time: 5m-3s, clients: 1, corpus: 141, objectives: 82, executions: 6511, exec/sec: 21.43, edges: 100.000%, stability: 100.000%
                  (CLIENT) corpus: 141, objectives: 82, executions: 6511, exec/sec: 21.43, edges: 493/493 (100%), stability: 374/374 (100%)
