function_name,signature,source_file,full_name,index
xEventGroupCreateStatic,EventGroupHandle_t(StaticEventGroup_t*),/home/zwz/FreeRTOS/FreeRTOS/Source/event_groups.c,/home/zwz/FreeRTOS/FreeRTOS/Source/event_groups.c:<global>,0
xEventGroupCreate,EventGroupHandle_t(void),/home/zwz/FreeRTOS/FreeRTOS/Source/event_groups.c,xEventGroupCreateStatic,1
xEventGroupSync,"EventBits_t(EventGroupHandle_t,EventBits_t,EventBits_t,TickType_t)",/home/zwz/FreeRTOS/FreeRTOS/Source/event_groups.c,xEventGroupCreate,2
xEventGroupWaitBits,"EventBits_t(EventGroupHandle_t,EventBits_t,BaseType_t,BaseType_t,TickType_t)",/home/zwz/FreeRTOS/FreeRTOS/Source/event_groups.c,xEventGroupSync,3
xEventGroupClearBits,"EventBits_t(EventGroupHandle_t,EventBits_t)",/home/zwz/FreeRTOS/FreeRTOS/Source/event_groups.c,xEventGroupWaitBits,4
xEventGroupClearBitsFromISR,"BaseType_t(EventGroupHandle_t,EventBits_t)",/home/zwz/FreeRTOS/FreeRTOS/Source/event_groups.c,xEventGroupClearBits,5
xEventGroupGetBitsFromISR,EventBits_t(EventGroupHandle_t),/home/zwz/FreeRTOS/FreeRTOS/Source/event_groups.c,xEventGroupClearBitsFromISR,6
xEventGroupSetBits,"EventBits_t(EventGroupHandle_t,EventBits_t)",/home/zwz/FreeRTOS/FreeRTOS/Source/event_groups.c,xEventGroupGetBitsFromISR,7
vEventGroupDelete,void(EventGroupHandle_t),/home/zwz/FreeRTOS/FreeRTOS/Source/event_groups.c,xEventGroupSetBits,8
xEventGroupGetStaticBuffer,"BaseType_t(EventGroupHandle_t,StaticEventGroup_t**)",/home/zwz/FreeRTOS/FreeRTOS/Source/event_groups.c,vEventGroupDelete,9
vEventGroupSetBitsCallback,"void(void*,uint32_t)",/home/zwz/FreeRTOS/FreeRTOS/Source/event_groups.c,xEventGroupGetStaticBuffer,10
vEventGroupClearBitsCallback,"void(void*,uint32_t)",/home/zwz/FreeRTOS/FreeRTOS/Source/event_groups.c,vEventGroupSetBitsCallback,11
prvTestWaitCondition,"BaseType_t(EventBits_t,EventBits_t,BaseType_t)",/home/zwz/FreeRTOS/FreeRTOS/Source/event_groups.c,vEventGroupClearBitsCallback,12
xEventGroupSetBitsFromISR,"BaseType_t(EventGroupHandle_t,EventBits_t,BaseType_t*)",/home/zwz/FreeRTOS/FreeRTOS/Source/event_groups.c,prvTestWaitCondition,13
uxEventGroupGetNumber,UBaseType_t(void*),/home/zwz/FreeRTOS/FreeRTOS/Source/event_groups.c,xEventGroupSetBitsFromISR,14
vEventGroupSetNumber,"void(void*,UBaseType_t)",/home/zwz/FreeRTOS/FreeRTOS/Source/event_groups.c,uxEventGroupGetNumber,15
Reset_Handler,void(void),/home/zwz/FreeRTOS/FreeRTOS/Source/event_groups.c,vEventGroupSetNumber,16
prvGetRegistersFromStack,void(uint32_t*),init/startup.c,Reset_Handler,17
Default_Handler,void(void),init/startup.c,init/startup.c:<global>,18
HardFault_Handler,void(void),init/startup.c,prvGetRegistersFromStack,19
MemMang_Handler,void(void),init/startup.c,Default_Handler,20
BusFault_Handler,void(void),init/startup.c,HardFault_Handler,21
UsageFault_Handler,void(void),init/startup.c,MemMang_Handler,22
Debug_Handler,void(void),init/startup.c,BusFault_Handler,23
_start,void(void),init/startup.c,UsageFault_Handler,24
exit,void(int),init/startup.c,Debug_Handler,25
MPU_xTaskDelayUntil,"BaseType_t(TickType_t*,TickType_t)",init/startup.c,_start,26
MPU_xTaskAbortDelay,BaseType_t(TaskHandle_t),init/startup.c,exit,27
MPU_vTaskDelay,void(TickType_t),/home/zwz/FreeRTOS/FreeRTOS/Source/portable/GCC/ARM_CM3_MPU/mpu_wrappers_v2_asm.c,MPU_xTaskDelayUntil,28
MPU_uxTaskPriorityGet,UBaseType_t(TaskHandle_t),/home/zwz/FreeRTOS/FreeRTOS/Source/portable/GCC/ARM_CM3_MPU/mpu_wrappers_v2_asm.c,/home/zwz/FreeRTOS/FreeRTOS/Source/portable/GCC/ARM_CM3_MPU/mpu_wrappers_v2_asm.c:<global>,29
MPU_eTaskGetState,eTaskState(TaskHandle_t),/home/zwz/FreeRTOS/FreeRTOS/Source/portable/GCC/ARM_CM3_MPU/mpu_wrappers_v2_asm.c,MPU_xTaskAbortDelay,30
MPU_vTaskGetInfo,"void(TaskHandle_t,TaskStatus_t*,BaseType_t,eTaskState)",/home/zwz/FreeRTOS/FreeRTOS/Source/portable/GCC/ARM_CM3_MPU/mpu_wrappers_v2_asm.c,MPU_vTaskDelay,31
MPU_xTaskGetIdleTaskHandle,TaskHandle_t(void),/home/zwz/FreeRTOS/FreeRTOS/Source/portable/GCC/ARM_CM3_MPU/mpu_wrappers_v2_asm.c,MPU_uxTaskPriorityGet,32
MPU_vTaskSuspend,void(TaskHandle_t),/home/zwz/FreeRTOS/FreeRTOS/Source/portable/GCC/ARM_CM3_MPU/mpu_wrappers_v2_asm.c,MPU_eTaskGetState,33
MPU_vTaskResume,void(TaskHandle_t),/home/zwz/FreeRTOS/FreeRTOS/Source/portable/GCC/ARM_CM3_MPU/mpu_wrappers_v2_asm.c,MPU_vTaskGetInfo,34
MPU_xTaskGetTickCount,TickType_t(void),/home/zwz/FreeRTOS/FreeRTOS/Source/portable/GCC/ARM_CM3_MPU/mpu_wrappers_v2_asm.c,MPU_xTaskGetIdleTaskHandle,35
MPU_uxTaskGetNumberOfTasks,UBaseType_t(void),/home/zwz/FreeRTOS/FreeRTOS/Source/portable/GCC/ARM_CM3_MPU/mpu_wrappers_v2_asm.c,MPU_vTaskSuspend,36
MPU_uxTaskGetSystemState,"UBaseType_t(TaskStatus_t*,UBaseType_t,uint32_t*)",/home/zwz/FreeRTOS/FreeRTOS/Source/portable/GCC/ARM_CM3_MPU/mpu_wrappers_v2_asm.c,MPU_vTaskResume,37
MPU_uxTaskGetStackHighWaterMark,UBaseType_t(TaskHandle_t),/home/zwz/FreeRTOS/FreeRTOS/Source/portable/GCC/ARM_CM3_MPU/mpu_wrappers_v2_asm.c,MPU_xTaskGetTickCount,38
MPU_uxTaskGetStackHighWaterMark2,StackType_t(TaskHandle_t),/home/zwz/FreeRTOS/FreeRTOS/Source/portable/GCC/ARM_CM3_MPU/mpu_wrappers_v2_asm.c,MPU_uxTaskGetNumberOfTasks,39
MPU_xTaskGetCurrentTaskHandle,TaskHandle_t(void),/home/zwz/FreeRTOS/FreeRTOS/Source/portable/GCC/ARM_CM3_MPU/mpu_wrappers_v2_asm.c,MPU_uxTaskGetSystemState,40
MPU_xTaskGetSchedulerState,BaseType_t(void),/home/zwz/FreeRTOS/FreeRTOS/Source/portable/GCC/ARM_CM3_MPU/mpu_wrappers_v2_asm.c,MPU_uxTaskGetStackHighWaterMark,41
MPU_vTaskSetTimeOutState,void(TimeOut_t*),/home/zwz/FreeRTOS/FreeRTOS/Source/portable/GCC/ARM_CM3_MPU/mpu_wrappers_v2_asm.c,MPU_uxTaskGetStackHighWaterMark2,42
MPU_xTaskCheckForTimeOut,"BaseType_t(TimeOut_t*,TickType_t*)",/home/zwz/FreeRTOS/FreeRTOS/Source/portable/GCC/ARM_CM3_MPU/mpu_wrappers_v2_asm.c,MPU_xTaskGetCurrentTaskHandle,43
MPU_xTaskGenericNotifyEntry,BaseType_t(xTaskGenericNotifyParams_t*),/home/zwz/FreeRTOS/FreeRTOS/Source/portable/GCC/ARM_CM3_MPU/mpu_wrappers_v2_asm.c,MPU_xTaskGetSchedulerState,44
MPU_xTaskGenericNotifyWaitEntry,BaseType_t(xTaskGenericNotifyWaitParams_t*),/home/zwz/FreeRTOS/FreeRTOS/Source/portable/GCC/ARM_CM3_MPU/mpu_wrappers_v2_asm.c,MPU_vTaskSetTimeOutState,45
MPU_ulTaskGenericNotifyTake,"uint32_t(UBaseType_t,BaseType_t,TickType_t)",/home/zwz/FreeRTOS/FreeRTOS/Source/portable/GCC/ARM_CM3_MPU/mpu_wrappers_v2_asm.c,MPU_xTaskCheckForTimeOut,46
MPU_xTaskGenericNotifyStateClear,"BaseType_t(TaskHandle_t,UBaseType_t)",/home/zwz/FreeRTOS/FreeRTOS/Source/portable/GCC/ARM_CM3_MPU/mpu_wrappers_v2_asm.c,MPU_xTaskGenericNotifyEntry,47
MPU_ulTaskGenericNotifyValueClear,"uint32_t(TaskHandle_t,UBaseType_t,uint32_t)",/home/zwz/FreeRTOS/FreeRTOS/Source/portable/GCC/ARM_CM3_MPU/mpu_wrappers_v2_asm.c,MPU_xTaskGenericNotifyWaitEntry,48
MPU_xQueueGenericSend,"BaseType_t(QueueHandle_t,void*,TickType_t,BaseType_t)",/home/zwz/FreeRTOS/FreeRTOS/Source/portable/GCC/ARM_CM3_MPU/mpu_wrappers_v2_asm.c,MPU_ulTaskGenericNotifyTake,49
MPU_uxQueueMessagesWaiting,UBaseType_t(QueueHandle_t),/home/zwz/FreeRTOS/FreeRTOS/Source/portable/GCC/ARM_CM3_MPU/mpu_wrappers_v2_asm.c,MPU_xTaskGenericNotifyStateClear,50
MPU_uxQueueSpacesAvailable,UBaseType_t(QueueHandle_t),/home/zwz/FreeRTOS/FreeRTOS/Source/portable/GCC/ARM_CM3_MPU/mpu_wrappers_v2_asm.c,MPU_ulTaskGenericNotifyValueClear,51
MPU_xQueueReceive,"BaseType_t(QueueHandle_t,void*,TickType_t)",/home/zwz/FreeRTOS/FreeRTOS/Source/portable/GCC/ARM_CM3_MPU/mpu_wrappers_v2_asm.c,MPU_xQueueGenericSend,52
MPU_xQueuePeek,"BaseType_t(QueueHandle_t,void*,TickType_t)",/home/zwz/FreeRTOS/FreeRTOS/Source/portable/GCC/ARM_CM3_MPU/mpu_wrappers_v2_asm.c,MPU_uxQueueMessagesWaiting,53
MPU_xQueueSemaphoreTake,"BaseType_t(QueueHandle_t,TickType_t)",/home/zwz/FreeRTOS/FreeRTOS/Source/portable/GCC/ARM_CM3_MPU/mpu_wrappers_v2_asm.c,MPU_uxQueueSpacesAvailable,54
MPU_xQueueGetMutexHolder,TaskHandle_t(QueueHandle_t),/home/zwz/FreeRTOS/FreeRTOS/Source/portable/GCC/ARM_CM3_MPU/mpu_wrappers_v2_asm.c,MPU_xQueueReceive,55
MPU_xQueueTakeMutexRecursive,"BaseType_t(QueueHandle_t,TickType_t)",/home/zwz/FreeRTOS/FreeRTOS/Source/portable/GCC/ARM_CM3_MPU/mpu_wrappers_v2_asm.c,MPU_xQueuePeek,56
MPU_xQueueGiveMutexRecursive,BaseType_t(QueueHandle_t),/home/zwz/FreeRTOS/FreeRTOS/Source/portable/GCC/ARM_CM3_MPU/mpu_wrappers_v2_asm.c,MPU_xQueueSemaphoreTake,57
MPU_vQueueAddToRegistry,"void(QueueHandle_t,char*)",/home/zwz/FreeRTOS/FreeRTOS/Source/portable/GCC/ARM_CM3_MPU/mpu_wrappers_v2_asm.c,MPU_xQueueGetMutexHolder,58
MPU_vQueueUnregisterQueue,void(QueueHandle_t),/home/zwz/FreeRTOS/FreeRTOS/Source/portable/GCC/ARM_CM3_MPU/mpu_wrappers_v2_asm.c,MPU_xQueueTakeMutexRecursive,59
MPU_pcQueueGetName,char*(QueueHandle_t),/home/zwz/FreeRTOS/FreeRTOS/Source/portable/GCC/ARM_CM3_MPU/mpu_wrappers_v2_asm.c,MPU_xQueueGiveMutexRecursive,60
MPU_pvTimerGetTimerID,void*(TimerHandle_t),/home/zwz/FreeRTOS/FreeRTOS/Source/portable/GCC/ARM_CM3_MPU/mpu_wrappers_v2_asm.c,MPU_vQueueAddToRegistry,61
MPU_vTimerSetTimerID,"void(TimerHandle_t,void*)",/home/zwz/FreeRTOS/FreeRTOS/Source/portable/GCC/ARM_CM3_MPU/mpu_wrappers_v2_asm.c,MPU_vQueueUnregisterQueue,62
MPU_xTimerIsTimerActive,BaseType_t(TimerHandle_t),/home/zwz/FreeRTOS/FreeRTOS/Source/portable/GCC/ARM_CM3_MPU/mpu_wrappers_v2_asm.c,MPU_pcQueueGetName,63
MPU_xTimerGetTimerDaemonTaskHandle,TaskHandle_t(void),/home/zwz/FreeRTOS/FreeRTOS/Source/portable/GCC/ARM_CM3_MPU/mpu_wrappers_v2_asm.c,MPU_pvTimerGetTimerID,64
MPU_xTimerGenericCommandFromTaskEntry,BaseType_t(xTimerGenericCommandFromTaskParams_t*),/home/zwz/FreeRTOS/FreeRTOS/Source/portable/GCC/ARM_CM3_MPU/mpu_wrappers_v2_asm.c,MPU_vTimerSetTimerID,65
MPU_pcTimerGetName,char*(TimerHandle_t),/home/zwz/FreeRTOS/FreeRTOS/Source/portable/GCC/ARM_CM3_MPU/mpu_wrappers_v2_asm.c,MPU_xTimerIsTimerActive,66
MPU_vTimerSetReloadMode,"void(TimerHandle_t,BaseType_t)",/home/zwz/FreeRTOS/FreeRTOS/Source/portable/GCC/ARM_CM3_MPU/mpu_wrappers_v2_asm.c,MPU_xTimerGetTimerDaemonTaskHandle,67
MPU_xTimerGetReloadMode,BaseType_t(TimerHandle_t),/home/zwz/FreeRTOS/FreeRTOS/Source/portable/GCC/ARM_CM3_MPU/mpu_wrappers_v2_asm.c,MPU_xTimerGenericCommandFromTaskEntry,68
MPU_uxTimerGetReloadMode,UBaseType_t(TimerHandle_t),/home/zwz/FreeRTOS/FreeRTOS/Source/portable/GCC/ARM_CM3_MPU/mpu_wrappers_v2_asm.c,MPU_pcTimerGetName,69
MPU_xTimerGetPeriod,TickType_t(TimerHandle_t),/home/zwz/FreeRTOS/FreeRTOS/Source/portable/GCC/ARM_CM3_MPU/mpu_wrappers_v2_asm.c,MPU_vTimerSetReloadMode,70
MPU_xTimerGetExpiryTime,TickType_t(TimerHandle_t),/home/zwz/FreeRTOS/FreeRTOS/Source/portable/GCC/ARM_CM3_MPU/mpu_wrappers_v2_asm.c,MPU_xTimerGetReloadMode,71
MPU_xEventGroupWaitBitsEntry,EventBits_t(xEventGroupWaitBitsParams_t*),/home/zwz/FreeRTOS/FreeRTOS/Source/portable/GCC/ARM_CM3_MPU/mpu_wrappers_v2_asm.c,MPU_uxTimerGetReloadMode,72
MPU_xEventGroupClearBits,"EventBits_t(EventGroupHandle_t,EventBits_t)",/home/zwz/FreeRTOS/FreeRTOS/Source/portable/GCC/ARM_CM3_MPU/mpu_wrappers_v2_asm.c,MPU_xTimerGetPeriod,73
MPU_xEventGroupSetBits,"EventBits_t(EventGroupHandle_t,EventBits_t)",/home/zwz/FreeRTOS/FreeRTOS/Source/portable/GCC/ARM_CM3_MPU/mpu_wrappers_v2_asm.c,MPU_xTimerGetExpiryTime,74
MPU_xEventGroupSync,"EventBits_t(EventGroupHandle_t,EventBits_t,EventBits_t,TickType_t)",/home/zwz/FreeRTOS/FreeRTOS/Source/portable/GCC/ARM_CM3_MPU/mpu_wrappers_v2_asm.c,MPU_xEventGroupWaitBitsEntry,75
MPU_uxEventGroupGetNumber,UBaseType_t(void*),/home/zwz/FreeRTOS/FreeRTOS/Source/portable/GCC/ARM_CM3_MPU/mpu_wrappers_v2_asm.c,MPU_xEventGroupClearBits,76
MPU_vEventGroupSetNumber,"void(void*,UBaseType_t)",/home/zwz/FreeRTOS/FreeRTOS/Source/portable/GCC/ARM_CM3_MPU/mpu_wrappers_v2_asm.c,MPU_xEventGroupSetBits,77
MPU_xStreamBufferSend,"size_t(StreamBufferHandle_t,void*,size_t,TickType_t)",/home/zwz/FreeRTOS/FreeRTOS/Source/portable/GCC/ARM_CM3_MPU/mpu_wrappers_v2_asm.c,MPU_xEventGroupSync,78
MPU_xStreamBufferReceive,"size_t(StreamBufferHandle_t,void*,size_t,TickType_t)",/home/zwz/FreeRTOS/FreeRTOS/Source/portable/GCC/ARM_CM3_MPU/mpu_wrappers_v2_asm.c,MPU_uxEventGroupGetNumber,79
MPU_xStreamBufferIsFull,BaseType_t(StreamBufferHandle_t),/home/zwz/FreeRTOS/FreeRTOS/Source/portable/GCC/ARM_CM3_MPU/mpu_wrappers_v2_asm.c,MPU_vEventGroupSetNumber,80
MPU_xStreamBufferIsEmpty,BaseType_t(StreamBufferHandle_t),/home/zwz/FreeRTOS/FreeRTOS/Source/portable/GCC/ARM_CM3_MPU/mpu_wrappers_v2_asm.c,MPU_xStreamBufferSend,81
MPU_xStreamBufferSpacesAvailable,size_t(StreamBufferHandle_t),/home/zwz/FreeRTOS/FreeRTOS/Source/portable/GCC/ARM_CM3_MPU/mpu_wrappers_v2_asm.c,MPU_xStreamBufferReceive,82
MPU_xStreamBufferBytesAvailable,size_t(StreamBufferHandle_t),/home/zwz/FreeRTOS/FreeRTOS/Source/portable/GCC/ARM_CM3_MPU/mpu_wrappers_v2_asm.c,MPU_xStreamBufferIsFull,83
MPU_xStreamBufferSetTriggerLevel,"BaseType_t(StreamBufferHandle_t,size_t)",/home/zwz/FreeRTOS/FreeRTOS/Source/portable/GCC/ARM_CM3_MPU/mpu_wrappers_v2_asm.c,MPU_xStreamBufferIsEmpty,84
MPU_xStreamBufferNextMessageLengthBytes,size_t(StreamBufferHandle_t),/home/zwz/FreeRTOS/FreeRTOS/Source/portable/GCC/ARM_CM3_MPU/mpu_wrappers_v2_asm.c,MPU_xStreamBufferSpacesAvailable,85
BREAKPOINT,int(void),/home/zwz/FreeRTOS/FreeRTOS/Source/portable/GCC/ARM_CM3_MPU/mpu_wrappers_v2_asm.c,MPU_xStreamBufferBytesAvailable,86
create_queue,void(),/home/zwz/FreeRTOS/FreeRTOS/Source/portable/GCC/ARM_CM3_MPU/mpu_wrappers_v2_asm.c,MPU_xStreamBufferSetTriggerLevel,87
delete_queue,void(),/home/zwz/FreeRTOS/FreeRTOS/Source/portable/GCC/ARM_CM3_MPU/mpu_wrappers_v2_asm.c,MPU_xStreamBufferNextMessageLengthBytes,88
test_task,void(void),fuzz_harness.c,BREAKPOINT,89
fuzz_task,void(void),fuzz_harness.c,fuzz_harness.c:<global>,90
pxPortInitialiseStack,"StackType_t(StackType_t*,TaskFunction_t,void*,BaseType_t,xMPU_SETTINGS*)",fuzz_harness.c,create_queue,91
vPortSVCHandler,void(void),fuzz_harness.c,delete_queue,92
vSVCHandler_C,void(uint32_t*),fuzz_harness.c,test_task,93
vSystemCallEnter,"void(uint32_t*,uint8_t)",fuzz_harness.c,fuzz_task,94
vRequestSystemCallExit,void(void),/home/zwz/FreeRTOS/FreeRTOS/Source/portable/GCC/ARM_CM3_MPU/port.c,pxPortInitialiseStack,95
vSystemCallExit,void(uint32_t*),/home/zwz/FreeRTOS/FreeRTOS/Source/portable/GCC/ARM_CM3_MPU/port.c,/home/zwz/FreeRTOS/FreeRTOS/Source/portable/GCC/ARM_CM3_MPU/port.c:<global>,96
xPortIsTaskPrivileged,BaseType_t(void),/home/zwz/FreeRTOS/FreeRTOS/Source/portable/GCC/ARM_CM3_MPU/port.c,vPortSVCHandler,97
prvRestoreContextOfFirstTask,void(void),/home/zwz/FreeRTOS/FreeRTOS/Source/portable/GCC/ARM_CM3_MPU/port.c,vSVCHandler_C,98
xPortStartScheduler,BaseType_t(void),/home/zwz/FreeRTOS/FreeRTOS/Source/portable/GCC/ARM_CM3_MPU/port.c,vSystemCallEnter,99
vPortEndScheduler,void(void),/home/zwz/FreeRTOS/FreeRTOS/Source/portable/GCC/ARM_CM3_MPU/port.c,vRequestSystemCallExit,100
vPortEnterCritical,void(void),/home/zwz/FreeRTOS/FreeRTOS/Source/portable/GCC/ARM_CM3_MPU/port.c,vSystemCallExit,101
vPortExitCritical,void(void),/home/zwz/FreeRTOS/FreeRTOS/Source/portable/GCC/ARM_CM3_MPU/port.c,xPortIsTaskPrivileged,102
xPortPendSVHandler,void(void),/home/zwz/FreeRTOS/FreeRTOS/Source/portable/GCC/ARM_CM3_MPU/port.c,prvRestoreContextOfFirstTask,103
xPortSysTickHandler,void(void),/home/zwz/FreeRTOS/FreeRTOS/Source/portable/GCC/ARM_CM3_MPU/port.c,xPortStartScheduler,104
vPortSetupTimerInterrupt,void(void),/home/zwz/FreeRTOS/FreeRTOS/Source/portable/GCC/ARM_CM3_MPU/port.c,vPortEndScheduler,105
prvSetupMPU,void(void),/home/zwz/FreeRTOS/FreeRTOS/Source/portable/GCC/ARM_CM3_MPU/port.c,vPortEnterCritical,106
prvGetMPURegionSizeSetting,uint32_t(uint32_t),/home/zwz/FreeRTOS/FreeRTOS/Source/portable/GCC/ARM_CM3_MPU/port.c,vPortExitCritical,107
xIsPrivileged,BaseType_t(void),/home/zwz/FreeRTOS/FreeRTOS/Source/portable/GCC/ARM_CM3_MPU/port.c,xPortPendSVHandler,108
vResetPrivilege,void(void),/home/zwz/FreeRTOS/FreeRTOS/Source/portable/GCC/ARM_CM3_MPU/port.c,xPortSysTickHandler,109
vPortSwitchToUserMode,void(void),/home/zwz/FreeRTOS/FreeRTOS/Source/portable/GCC/ARM_CM3_MPU/port.c,vPortSetupTimerInterrupt,110
vPortStoreTaskMPUSettings,"void(xMPU_SETTINGS*,xMEMORY_REGION*,StackType_t*,StackType_t)",/home/zwz/FreeRTOS/FreeRTOS/Source/portable/GCC/ARM_CM3_MPU/port.c,prvSetupMPU,111
xPortIsAuthorizedToAccessBuffer,"BaseType_t(void*,uint32_t,uint32_t)",/home/zwz/FreeRTOS/FreeRTOS/Source/portable/GCC/ARM_CM3_MPU/port.c,prvGetMPURegionSizeSetting,112
vPortValidateInterruptPriority,void(void),/home/zwz/FreeRTOS/FreeRTOS/Source/portable/GCC/ARM_CM3_MPU/port.c,xIsPrivileged,113
vPortGrantAccessToKernelObject,"void(TaskHandle_t,int32_t)",/home/zwz/FreeRTOS/FreeRTOS/Source/portable/GCC/ARM_CM3_MPU/port.c,vResetPrivilege,114
vPortRevokeAccessToKernelObject,"void(TaskHandle_t,int32_t)",/home/zwz/FreeRTOS/FreeRTOS/Source/portable/GCC/ARM_CM3_MPU/port.c,vPortSwitchToUserMode,115
xPortIsAuthorizedToAccessKernelObject,BaseType_t(int32_t),/home/zwz/FreeRTOS/FreeRTOS/Source/portable/GCC/ARM_CM3_MPU/port.c,vPortStoreTaskMPUSettings,116
MPU_GetFreeIndexInKernelObjectPool,int32_t(void),/home/zwz/FreeRTOS/FreeRTOS/Source/portable/GCC/ARM_CM3_MPU/port.c,xPortIsAuthorizedToAccessBuffer,117
MPU_SetIndexFreeInKernelObjectPool,void(int32_t),/home/zwz/FreeRTOS/FreeRTOS/Source/portable/GCC/ARM_CM3_MPU/port.c,vPortValidateInterruptPriority,118
MPU_GetIndexForHandle,"int32_t(OpaqueObjectHandle_t,uint32_t)",/home/zwz/FreeRTOS/FreeRTOS/Source/portable/GCC/ARM_CM3_MPU/port.c,vPortGrantAccessToKernelObject,119
MPU_StoreHandleAndDataAtIndex,"void(int32_t,OpaqueObjectHandle_t,void*,uint32_t)",/home/zwz/FreeRTOS/FreeRTOS/Source/portable/GCC/ARM_CM3_MPU/port.c,vPortRevokeAccessToKernelObject,120
MPU_GetHandleAtIndex,"OpaqueObjectHandle_t(int32_t,uint32_t)",/home/zwz/FreeRTOS/FreeRTOS/Source/portable/GCC/ARM_CM3_MPU/port.c,xPortIsAuthorizedToAccessKernelObject,121
vGrantAccessToKernelObject,"void(TaskHandle_t,int32_t)",/home/zwz/FreeRTOS/FreeRTOS/Source/portable/Common/mpu_wrappers_v2.c,/home/zwz/FreeRTOS/FreeRTOS/Source/portable/Common/mpu_wrappers_v2.c:<global>,122
vRevokeAccessToKernelObject,"void(TaskHandle_t,int32_t)",/home/zwz/FreeRTOS/FreeRTOS/Source/portable/Common/mpu_wrappers_v2.c,MPU_GetFreeIndexInKernelObjectPool,123
MPU_TimerCallback,void(TimerHandle_t),/home/zwz/FreeRTOS/FreeRTOS/Source/portable/Common/mpu_wrappers_v2.c,MPU_SetIndexFreeInKernelObjectPool,124
MPU_xTaskDelayUntilImpl,"BaseType_t(TickType_t*,TickType_t)",/home/zwz/FreeRTOS/FreeRTOS/Source/portable/Common/mpu_wrappers_v2.c,MPU_GetIndexForHandle,125
MPU_xTaskAbortDelayImpl,BaseType_t(TaskHandle_t),/home/zwz/FreeRTOS/FreeRTOS/Source/portable/Common/mpu_wrappers_v2.c,MPU_StoreHandleAndDataAtIndex,126
MPU_vTaskDelayImpl,void(TickType_t),/home/zwz/FreeRTOS/FreeRTOS/Source/portable/Common/mpu_wrappers_v2.c,MPU_GetHandleAtIndex,127
MPU_uxTaskPriorityGetImpl,UBaseType_t(TaskHandle_t),/home/zwz/FreeRTOS/FreeRTOS/Source/portable/Common/mpu_wrappers_v2.c,vGrantAccessToKernelObject,128
MPU_eTaskGetStateImpl,eTaskState(TaskHandle_t),/home/zwz/FreeRTOS/FreeRTOS/Source/portable/Common/mpu_wrappers_v2.c,vRevokeAccessToKernelObject,129
MPU_vTaskGetInfoImpl,"void(TaskHandle_t,TaskStatus_t*,BaseType_t,eTaskState)",/home/zwz/FreeRTOS/FreeRTOS/Source/portable/Common/mpu_wrappers_v2.c,MPU_TimerCallback,130
MPU_xTaskGetIdleTaskHandleImpl,TaskHandle_t(void),/home/zwz/FreeRTOS/FreeRTOS/Source/portable/Common/mpu_wrappers_v2.c,MPU_xTaskDelayUntilImpl,131
MPU_vTaskSuspendImpl,void(TaskHandle_t),/home/zwz/FreeRTOS/FreeRTOS/Source/portable/Common/mpu_wrappers_v2.c,MPU_xTaskAbortDelayImpl,132
MPU_vTaskResumeImpl,void(TaskHandle_t),/home/zwz/FreeRTOS/FreeRTOS/Source/portable/Common/mpu_wrappers_v2.c,MPU_vTaskDelayImpl,133
MPU_xTaskGetTickCountImpl,TickType_t(void),/home/zwz/FreeRTOS/FreeRTOS/Source/portable/Common/mpu_wrappers_v2.c,MPU_uxTaskPriorityGetImpl,134
MPU_uxTaskGetNumberOfTasksImpl,UBaseType_t(void),/home/zwz/FreeRTOS/FreeRTOS/Source/portable/Common/mpu_wrappers_v2.c,MPU_eTaskGetStateImpl,135
MPU_uxTaskGetSystemStateImpl,"UBaseType_t(TaskStatus_t*,UBaseType_t,uint32_t*)",/home/zwz/FreeRTOS/FreeRTOS/Source/portable/Common/mpu_wrappers_v2.c,MPU_vTaskGetInfoImpl,136
MPU_uxTaskGetStackHighWaterMarkImpl,UBaseType_t(TaskHandle_t),/home/zwz/FreeRTOS/FreeRTOS/Source/portable/Common/mpu_wrappers_v2.c,MPU_xTaskGetIdleTaskHandleImpl,137
MPU_uxTaskGetStackHighWaterMark2Impl,StackType_t(TaskHandle_t),/home/zwz/FreeRTOS/FreeRTOS/Source/portable/Common/mpu_wrappers_v2.c,MPU_vTaskSuspendImpl,138
MPU_xTaskGetCurrentTaskHandleImpl,TaskHandle_t(void),/home/zwz/FreeRTOS/FreeRTOS/Source/portable/Common/mpu_wrappers_v2.c,MPU_vTaskResumeImpl,139
MPU_xTaskGetSchedulerStateImpl,BaseType_t(void),/home/zwz/FreeRTOS/FreeRTOS/Source/portable/Common/mpu_wrappers_v2.c,MPU_xTaskGetTickCountImpl,140
MPU_vTaskSetTimeOutStateImpl,void(TimeOut_t*),/home/zwz/FreeRTOS/FreeRTOS/Source/portable/Common/mpu_wrappers_v2.c,MPU_uxTaskGetNumberOfTasksImpl,141
MPU_xTaskCheckForTimeOutImpl,"BaseType_t(TimeOut_t*,TickType_t*)",/home/zwz/FreeRTOS/FreeRTOS/Source/portable/Common/mpu_wrappers_v2.c,MPU_uxTaskGetSystemStateImpl,142
MPU_xTaskGenericNotify,"BaseType_t(TaskHandle_t,UBaseType_t,uint32_t,eNotifyAction,uint32_t*)",/home/zwz/FreeRTOS/FreeRTOS/Source/portable/Common/mpu_wrappers_v2.c,MPU_uxTaskGetStackHighWaterMarkImpl,143
MPU_xTaskGenericNotifyImpl,BaseType_t(xTaskGenericNotifyParams_t*),/home/zwz/FreeRTOS/FreeRTOS/Source/portable/Common/mpu_wrappers_v2.c,MPU_uxTaskGetStackHighWaterMark2Impl,144
MPU_xTaskGenericNotifyWait,"BaseType_t(UBaseType_t,uint32_t,uint32_t,uint32_t*,TickType_t)",/home/zwz/FreeRTOS/FreeRTOS/Source/portable/Common/mpu_wrappers_v2.c,MPU_xTaskGetCurrentTaskHandleImpl,145
MPU_xTaskGenericNotifyWaitImpl,BaseType_t(xTaskGenericNotifyWaitParams_t*),/home/zwz/FreeRTOS/FreeRTOS/Source/portable/Common/mpu_wrappers_v2.c,MPU_xTaskGetSchedulerStateImpl,146
MPU_ulTaskGenericNotifyTakeImpl,"uint32_t(UBaseType_t,BaseType_t,TickType_t)",/home/zwz/FreeRTOS/FreeRTOS/Source/portable/Common/mpu_wrappers_v2.c,MPU_vTaskSetTimeOutStateImpl,147
MPU_xTaskGenericNotifyStateClearImpl,"BaseType_t(TaskHandle_t,UBaseType_t)",/home/zwz/FreeRTOS/FreeRTOS/Source/portable/Common/mpu_wrappers_v2.c,MPU_xTaskCheckForTimeOutImpl,148
MPU_ulTaskGenericNotifyValueClearImpl,"uint32_t(TaskHandle_t,UBaseType_t,uint32_t)",/home/zwz/FreeRTOS/FreeRTOS/Source/portable/Common/mpu_wrappers_v2.c,MPU_xTaskGenericNotify,149
MPU_xTaskCreate,"BaseType_t(TaskFunction_t,char*,StackType_t,void*,UBaseType_t,TaskHandle_t*)",/home/zwz/FreeRTOS/FreeRTOS/Source/portable/Common/mpu_wrappers_v2.c,MPU_xTaskGenericNotifyImpl,150
MPU_xTaskCreateStatic,"TaskHandle_t(TaskFunction_t,char*,StackType_t,void*,UBaseType_t,StackType_t*,StaticTask_t*)",/home/zwz/FreeRTOS/FreeRTOS/Source/portable/Common/mpu_wrappers_v2.c,MPU_xTaskGenericNotifyWait,151
MPU_vTaskDelete,void(TaskHandle_t),/home/zwz/FreeRTOS/FreeRTOS/Source/portable/Common/mpu_wrappers_v2.c,MPU_xTaskGenericNotifyWaitImpl,152
MPU_vTaskPrioritySet,"void(TaskHandle_t,UBaseType_t)",/home/zwz/FreeRTOS/FreeRTOS/Source/portable/Common/mpu_wrappers_v2.c,MPU_ulTaskGenericNotifyTakeImpl,153
MPU_xTaskGetHandle,TaskHandle_t(char*),/home/zwz/FreeRTOS/FreeRTOS/Source/portable/Common/mpu_wrappers_v2.c,MPU_xTaskGenericNotifyStateClearImpl,154
MPU_xTaskCreateRestricted,"BaseType_t(TaskParameters_t*,TaskHandle_t*)",/home/zwz/FreeRTOS/FreeRTOS/Source/portable/Common/mpu_wrappers_v2.c,MPU_ulTaskGenericNotifyValueClearImpl,155
MPU_xTaskCreateRestrictedStatic,"BaseType_t(TaskParameters_t*,TaskHandle_t*)",/home/zwz/FreeRTOS/FreeRTOS/Source/portable/Common/mpu_wrappers_v2.c,MPU_xTaskCreate,156
MPU_vTaskAllocateMPURegions,"void(TaskHandle_t,MemoryRegion_t*)",/home/zwz/FreeRTOS/FreeRTOS/Source/portable/Common/mpu_wrappers_v2.c,MPU_xTaskCreateStatic,157
MPU_xTaskGetStaticBuffers,"BaseType_t(TaskHandle_t,StackType_t**,StaticTask_t**)",/home/zwz/FreeRTOS/FreeRTOS/Source/portable/Common/mpu_wrappers_v2.c,MPU_vTaskDelete,158
MPU_pcTaskGetName,char*(TaskHandle_t),/home/zwz/FreeRTOS/FreeRTOS/Source/portable/Common/mpu_wrappers_v2.c,MPU_vTaskPrioritySet,159
MPU_uxTaskPriorityGetFromISR,UBaseType_t(TaskHandle_t),/home/zwz/FreeRTOS/FreeRTOS/Source/portable/Common/mpu_wrappers_v2.c,MPU_xTaskGetHandle,160
MPU_uxTaskBasePriorityGet,UBaseType_t(TaskHandle_t),/home/zwz/FreeRTOS/FreeRTOS/Source/portable/Common/mpu_wrappers_v2.c,MPU_xTaskCreateRestricted,161
MPU_uxTaskBasePriorityGetFromISR,UBaseType_t(TaskHandle_t),/home/zwz/FreeRTOS/FreeRTOS/Source/portable/Common/mpu_wrappers_v2.c,MPU_xTaskCreateRestrictedStatic,162
MPU_xTaskResumeFromISR,BaseType_t(TaskHandle_t),/home/zwz/FreeRTOS/FreeRTOS/Source/portable/Common/mpu_wrappers_v2.c,MPU_vTaskAllocateMPURegions,163
MPU_xTaskGenericNotifyFromISR,"BaseType_t(TaskHandle_t,UBaseType_t,uint32_t,eNotifyAction,uint32_t*,BaseType_t*)",/home/zwz/FreeRTOS/FreeRTOS/Source/portable/Common/mpu_wrappers_v2.c,MPU_xTaskGetStaticBuffers,164
MPU_vTaskGenericNotifyGiveFromISR,"void(TaskHandle_t,UBaseType_t,BaseType_t*)",/home/zwz/FreeRTOS/FreeRTOS/Source/portable/Common/mpu_wrappers_v2.c,MPU_pcTaskGetName,165
MPU_xQueueGenericSendImpl,"BaseType_t(QueueHandle_t,void*,TickType_t,BaseType_t)",/home/zwz/FreeRTOS/FreeRTOS/Source/portable/Common/mpu_wrappers_v2.c,MPU_uxTaskPriorityGetFromISR,166
MPU_uxQueueMessagesWaitingImpl,UBaseType_t(QueueHandle_t),/home/zwz/FreeRTOS/FreeRTOS/Source/portable/Common/mpu_wrappers_v2.c,MPU_uxTaskBasePriorityGet,167
MPU_uxQueueSpacesAvailableImpl,UBaseType_t(QueueHandle_t),/home/zwz/FreeRTOS/FreeRTOS/Source/portable/Common/mpu_wrappers_v2.c,MPU_uxTaskBasePriorityGetFromISR,168
MPU_xQueueReceiveImpl,"BaseType_t(QueueHandle_t,void*,TickType_t)",/home/zwz/FreeRTOS/FreeRTOS/Source/portable/Common/mpu_wrappers_v2.c,MPU_xTaskResumeFromISR,169
MPU_xQueuePeekImpl,"BaseType_t(QueueHandle_t,void*,TickType_t)",/home/zwz/FreeRTOS/FreeRTOS/Source/portable/Common/mpu_wrappers_v2.c,MPU_xTaskGenericNotifyFromISR,170
MPU_xQueueSemaphoreTakeImpl,"BaseType_t(QueueHandle_t,TickType_t)",/home/zwz/FreeRTOS/FreeRTOS/Source/portable/Common/mpu_wrappers_v2.c,MPU_vTaskGenericNotifyGiveFromISR,171
MPU_xQueueGetMutexHolderImpl,TaskHandle_t(QueueHandle_t),/home/zwz/FreeRTOS/FreeRTOS/Source/portable/Common/mpu_wrappers_v2.c,MPU_xQueueGenericSendImpl,172
MPU_xQueueTakeMutexRecursiveImpl,"BaseType_t(QueueHandle_t,TickType_t)",/home/zwz/FreeRTOS/FreeRTOS/Source/portable/Common/mpu_wrappers_v2.c,MPU_uxQueueMessagesWaitingImpl,173
MPU_xQueueGiveMutexRecursiveImpl,BaseType_t(QueueHandle_t),/home/zwz/FreeRTOS/FreeRTOS/Source/portable/Common/mpu_wrappers_v2.c,MPU_uxQueueSpacesAvailableImpl,174
MPU_vQueueAddToRegistryImpl,"void(QueueHandle_t,char*)",/home/zwz/FreeRTOS/FreeRTOS/Source/portable/Common/mpu_wrappers_v2.c,MPU_xQueueReceiveImpl,175
MPU_vQueueUnregisterQueueImpl,void(QueueHandle_t),/home/zwz/FreeRTOS/FreeRTOS/Source/portable/Common/mpu_wrappers_v2.c,MPU_xQueuePeekImpl,176
MPU_pcQueueGetNameImpl,char*(QueueHandle_t),/home/zwz/FreeRTOS/FreeRTOS/Source/portable/Common/mpu_wrappers_v2.c,MPU_xQueueSemaphoreTakeImpl,177
MPU_vQueueDelete,void(QueueHandle_t),/home/zwz/FreeRTOS/FreeRTOS/Source/portable/Common/mpu_wrappers_v2.c,MPU_xQueueGetMutexHolderImpl,178
MPU_xQueueCreateMutex,QueueHandle_t(uint8_t),/home/zwz/FreeRTOS/FreeRTOS/Source/portable/Common/mpu_wrappers_v2.c,MPU_xQueueTakeMutexRecursiveImpl,179
MPU_xQueueCreateMutexStatic,"QueueHandle_t(uint8_t,StaticQueue_t*)",/home/zwz/FreeRTOS/FreeRTOS/Source/portable/Common/mpu_wrappers_v2.c,MPU_xQueueGiveMutexRecursiveImpl,180
MPU_xQueueCreateCountingSemaphore,"QueueHandle_t(UBaseType_t,UBaseType_t)",/home/zwz/FreeRTOS/FreeRTOS/Source/portable/Common/mpu_wrappers_v2.c,MPU_vQueueAddToRegistryImpl,181
MPU_xQueueCreateCountingSemaphoreStatic,"QueueHandle_t(UBaseType_t,UBaseType_t,StaticQueue_t*)",/home/zwz/FreeRTOS/FreeRTOS/Source/portable/Common/mpu_wrappers_v2.c,MPU_vQueueUnregisterQueueImpl,182
MPU_xQueueGenericCreate,"QueueHandle_t(UBaseType_t,UBaseType_t,uint8_t)",/home/zwz/FreeRTOS/FreeRTOS/Source/portable/Common/mpu_wrappers_v2.c,MPU_pcQueueGetNameImpl,183
MPU_xQueueGenericCreateStatic,"QueueHandle_t(UBaseType_t,UBaseType_t,uint8_t*,StaticQueue_t*,uint8_t)",/home/zwz/FreeRTOS/FreeRTOS/Source/portable/Common/mpu_wrappers_v2.c,MPU_vQueueDelete,184
MPU_xQueueGenericReset,"BaseType_t(QueueHandle_t,BaseType_t)",/home/zwz/FreeRTOS/FreeRTOS/Source/portable/Common/mpu_wrappers_v2.c,MPU_xQueueCreateMutex,185
MPU_xQueueGenericGetStaticBuffers,"BaseType_t(QueueHandle_t,uint8_t**,StaticQueue_t**)",/home/zwz/FreeRTOS/FreeRTOS/Source/portable/Common/mpu_wrappers_v2.c,MPU_xQueueCreateMutexStatic,186
MPU_xQueueGenericSendFromISR,"BaseType_t(QueueHandle_t,void*,BaseType_t*,BaseType_t)",/home/zwz/FreeRTOS/FreeRTOS/Source/portable/Common/mpu_wrappers_v2.c,MPU_xQueueCreateCountingSemaphore,187
MPU_xQueueGiveFromISR,"BaseType_t(QueueHandle_t,BaseType_t*)",/home/zwz/FreeRTOS/FreeRTOS/Source/portable/Common/mpu_wrappers_v2.c,MPU_xQueueCreateCountingSemaphoreStatic,188
MPU_xQueuePeekFromISR,"BaseType_t(QueueHandle_t,void*)",/home/zwz/FreeRTOS/FreeRTOS/Source/portable/Common/mpu_wrappers_v2.c,MPU_xQueueGenericCreate,189
MPU_xQueueReceiveFromISR,"BaseType_t(QueueHandle_t,void*,BaseType_t*)",/home/zwz/FreeRTOS/FreeRTOS/Source/portable/Common/mpu_wrappers_v2.c,MPU_xQueueGenericCreateStatic,190
MPU_xQueueIsQueueEmptyFromISR,BaseType_t(QueueHandle_t),/home/zwz/FreeRTOS/FreeRTOS/Source/portable/Common/mpu_wrappers_v2.c,MPU_xQueueGenericReset,191
MPU_xQueueIsQueueFullFromISR,BaseType_t(QueueHandle_t),/home/zwz/FreeRTOS/FreeRTOS/Source/portable/Common/mpu_wrappers_v2.c,MPU_xQueueGenericGetStaticBuffers,192
MPU_uxQueueMessagesWaitingFromISR,UBaseType_t(QueueHandle_t),/home/zwz/FreeRTOS/FreeRTOS/Source/portable/Common/mpu_wrappers_v2.c,MPU_xQueueGenericSendFromISR,193
MPU_xQueueGetMutexHolderFromISR,TaskHandle_t(QueueHandle_t),/home/zwz/FreeRTOS/FreeRTOS/Source/portable/Common/mpu_wrappers_v2.c,MPU_xQueueGiveFromISR,194
MPU_pvTimerGetTimerIDImpl,void*(TimerHandle_t),/home/zwz/FreeRTOS/FreeRTOS/Source/portable/Common/mpu_wrappers_v2.c,MPU_xQueuePeekFromISR,195
MPU_vTimerSetTimerIDImpl,"void(TimerHandle_t,void*)",/home/zwz/FreeRTOS/FreeRTOS/Source/portable/Common/mpu_wrappers_v2.c,MPU_xQueueReceiveFromISR,196
MPU_xTimerIsTimerActiveImpl,BaseType_t(TimerHandle_t),/home/zwz/FreeRTOS/FreeRTOS/Source/portable/Common/mpu_wrappers_v2.c,MPU_xQueueIsQueueEmptyFromISR,197
MPU_xTimerGetTimerDaemonTaskHandleImpl,TaskHandle_t(void),/home/zwz/FreeRTOS/FreeRTOS/Source/portable/Common/mpu_wrappers_v2.c,MPU_xQueueIsQueueFullFromISR,198
MPU_xTimerGenericCommandFromTask,"BaseType_t(TimerHandle_t,BaseType_t,TickType_t,BaseType_t*,TickType_t)",/home/zwz/FreeRTOS/FreeRTOS/Source/portable/Common/mpu_wrappers_v2.c,MPU_uxQueueMessagesWaitingFromISR,199
MPU_xTimerGenericCommandFromTaskImpl,BaseType_t(xTimerGenericCommandFromTaskParams_t*),/home/zwz/FreeRTOS/FreeRTOS/Source/portable/Common/mpu_wrappers_v2.c,MPU_xQueueGetMutexHolderFromISR,200
MPU_pcTimerGetNameImpl,char*(TimerHandle_t),/home/zwz/FreeRTOS/FreeRTOS/Source/portable/Common/mpu_wrappers_v2.c,MPU_pvTimerGetTimerIDImpl,201
MPU_vTimerSetReloadModeImpl,"void(TimerHandle_t,BaseType_t)",/home/zwz/FreeRTOS/FreeRTOS/Source/portable/Common/mpu_wrappers_v2.c,MPU_vTimerSetTimerIDImpl,202
MPU_xTimerGetReloadModeImpl,BaseType_t(TimerHandle_t),/home/zwz/FreeRTOS/FreeRTOS/Source/portable/Common/mpu_wrappers_v2.c,MPU_xTimerIsTimerActiveImpl,203
MPU_uxTimerGetReloadModeImpl,UBaseType_t(TimerHandle_t),/home/zwz/FreeRTOS/FreeRTOS/Source/portable/Common/mpu_wrappers_v2.c,MPU_xTimerGetTimerDaemonTaskHandleImpl,204
MPU_xTimerGetPeriodImpl,TickType_t(TimerHandle_t),/home/zwz/FreeRTOS/FreeRTOS/Source/portable/Common/mpu_wrappers_v2.c,MPU_xTimerGenericCommandFromTask,205
MPU_xTimerGetExpiryTimeImpl,TickType_t(TimerHandle_t),/home/zwz/FreeRTOS/FreeRTOS/Source/portable/Common/mpu_wrappers_v2.c,MPU_xTimerGenericCommandFromTaskImpl,206
MPU_xTimerCreate,"TimerHandle_t(char*,TickType_t,BaseType_t,void*,TimerCallbackFunction_t)",/home/zwz/FreeRTOS/FreeRTOS/Source/portable/Common/mpu_wrappers_v2.c,MPU_pcTimerGetNameImpl,207
MPU_xTimerCreateStatic,"TimerHandle_t(char*,TickType_t,BaseType_t,void*,TimerCallbackFunction_t,StaticTimer_t*)",/home/zwz/FreeRTOS/FreeRTOS/Source/portable/Common/mpu_wrappers_v2.c,MPU_vTimerSetReloadModeImpl,208
MPU_xTimerGetStaticBuffer,"BaseType_t(TimerHandle_t,StaticTimer_t**)",/home/zwz/FreeRTOS/FreeRTOS/Source/portable/Common/mpu_wrappers_v2.c,MPU_xTimerGetReloadModeImpl,209
MPU_xTimerGenericCommandFromISR,"BaseType_t(TimerHandle_t,BaseType_t,TickType_t,BaseType_t*,TickType_t)",/home/zwz/FreeRTOS/FreeRTOS/Source/portable/Common/mpu_wrappers_v2.c,MPU_uxTimerGetReloadModeImpl,210
MPU_xEventGroupWaitBits,"EventBits_t(EventGroupHandle_t,EventBits_t,BaseType_t,BaseType_t,TickType_t)",/home/zwz/FreeRTOS/FreeRTOS/Source/portable/Common/mpu_wrappers_v2.c,MPU_xTimerGetPeriodImpl,211
MPU_xEventGroupWaitBitsImpl,EventBits_t(xEventGroupWaitBitsParams_t*),/home/zwz/FreeRTOS/FreeRTOS/Source/portable/Common/mpu_wrappers_v2.c,MPU_xTimerGetExpiryTimeImpl,212
MPU_xEventGroupClearBitsImpl,"EventBits_t(EventGroupHandle_t,EventBits_t)",/home/zwz/FreeRTOS/FreeRTOS/Source/portable/Common/mpu_wrappers_v2.c,MPU_xTimerCreate,213
MPU_xEventGroupSetBitsImpl,"EventBits_t(EventGroupHandle_t,EventBits_t)",/home/zwz/FreeRTOS/FreeRTOS/Source/portable/Common/mpu_wrappers_v2.c,MPU_xTimerCreateStatic,214
MPU_xEventGroupSyncImpl,"EventBits_t(EventGroupHandle_t,EventBits_t,EventBits_t,TickType_t)",/home/zwz/FreeRTOS/FreeRTOS/Source/portable/Common/mpu_wrappers_v2.c,MPU_xTimerGetStaticBuffer,215
MPU_uxEventGroupGetNumberImpl,UBaseType_t(void*),/home/zwz/FreeRTOS/FreeRTOS/Source/portable/Common/mpu_wrappers_v2.c,MPU_xTimerGenericCommandFromISR,216
MPU_vEventGroupSetNumberImpl,"void(void*,UBaseType_t)",/home/zwz/FreeRTOS/FreeRTOS/Source/portable/Common/mpu_wrappers_v2.c,MPU_xEventGroupWaitBits,217
MPU_xEventGroupCreate,EventGroupHandle_t(void),/home/zwz/FreeRTOS/FreeRTOS/Source/portable/Common/mpu_wrappers_v2.c,MPU_xEventGroupWaitBitsImpl,218
MPU_xEventGroupCreateStatic,EventGroupHandle_t(StaticEventGroup_t*),/home/zwz/FreeRTOS/FreeRTOS/Source/portable/Common/mpu_wrappers_v2.c,MPU_xEventGroupClearBitsImpl,219
MPU_vEventGroupDelete,void(EventGroupHandle_t),/home/zwz/FreeRTOS/FreeRTOS/Source/portable/Common/mpu_wrappers_v2.c,MPU_xEventGroupSetBitsImpl,220
MPU_xEventGroupGetStaticBuffer,"BaseType_t(EventGroupHandle_t,StaticEventGroup_t**)",/home/zwz/FreeRTOS/FreeRTOS/Source/portable/Common/mpu_wrappers_v2.c,MPU_xEventGroupSyncImpl,221
MPU_xEventGroupClearBitsFromISR,"BaseType_t(EventGroupHandle_t,EventBits_t)",/home/zwz/FreeRTOS/FreeRTOS/Source/portable/Common/mpu_wrappers_v2.c,MPU_uxEventGroupGetNumberImpl,222
MPU_xEventGroupSetBitsFromISR,"BaseType_t(EventGroupHandle_t,EventBits_t,BaseType_t*)",/home/zwz/FreeRTOS/FreeRTOS/Source/portable/Common/mpu_wrappers_v2.c,MPU_vEventGroupSetNumberImpl,223
MPU_xEventGroupGetBitsFromISR,EventBits_t(EventGroupHandle_t),/home/zwz/FreeRTOS/FreeRTOS/Source/portable/Common/mpu_wrappers_v2.c,MPU_xEventGroupCreate,224
MPU_xStreamBufferSendImpl,"size_t(StreamBufferHandle_t,void*,size_t,TickType_t)",/home/zwz/FreeRTOS/FreeRTOS/Source/portable/Common/mpu_wrappers_v2.c,MPU_xEventGroupCreateStatic,225
MPU_xStreamBufferReceiveImpl,"size_t(StreamBufferHandle_t,void*,size_t,TickType_t)",/home/zwz/FreeRTOS/FreeRTOS/Source/portable/Common/mpu_wrappers_v2.c,MPU_vEventGroupDelete,226
MPU_xStreamBufferIsFullImpl,BaseType_t(StreamBufferHandle_t),/home/zwz/FreeRTOS/FreeRTOS/Source/portable/Common/mpu_wrappers_v2.c,MPU_xEventGroupGetStaticBuffer,227
MPU_xStreamBufferIsEmptyImpl,BaseType_t(StreamBufferHandle_t),/home/zwz/FreeRTOS/FreeRTOS/Source/portable/Common/mpu_wrappers_v2.c,MPU_xEventGroupClearBitsFromISR,228
MPU_xStreamBufferSpacesAvailableImpl,size_t(StreamBufferHandle_t),/home/zwz/FreeRTOS/FreeRTOS/Source/portable/Common/mpu_wrappers_v2.c,MPU_xEventGroupSetBitsFromISR,229
MPU_xStreamBufferBytesAvailableImpl,size_t(StreamBufferHandle_t),/home/zwz/FreeRTOS/FreeRTOS/Source/portable/Common/mpu_wrappers_v2.c,MPU_xEventGroupGetBitsFromISR,230
MPU_xStreamBufferSetTriggerLevelImpl,"BaseType_t(StreamBufferHandle_t,size_t)",/home/zwz/FreeRTOS/FreeRTOS/Source/portable/Common/mpu_wrappers_v2.c,MPU_xStreamBufferSendImpl,231
MPU_xStreamBufferNextMessageLengthBytesImpl,size_t(StreamBufferHandle_t),/home/zwz/FreeRTOS/FreeRTOS/Source/portable/Common/mpu_wrappers_v2.c,MPU_xStreamBufferReceiveImpl,232
MPU_xStreamBufferGenericCreate,"StreamBufferHandle_t(size_t,size_t,BaseType_t,StreamBufferCallbackFunction_t,StreamBufferCallbackFunction_t)",/home/zwz/FreeRTOS/FreeRTOS/Source/portable/Common/mpu_wrappers_v2.c,MPU_xStreamBufferIsFullImpl,233
MPU_xStreamBufferGenericCreateStatic,"StreamBufferHandle_t(size_t,size_t,BaseType_t,uint8_t*,StaticStreamBuffer_t*,StreamBufferCallbackFunction_t,StreamBufferCallbackFunction_t)",/home/zwz/FreeRTOS/FreeRTOS/Source/portable/Common/mpu_wrappers_v2.c,MPU_xStreamBufferIsEmptyImpl,234
MPU_vStreamBufferDelete,void(StreamBufferHandle_t),/home/zwz/FreeRTOS/FreeRTOS/Source/portable/Common/mpu_wrappers_v2.c,MPU_xStreamBufferSpacesAvailableImpl,235
MPU_xStreamBufferReset,BaseType_t(StreamBufferHandle_t),/home/zwz/FreeRTOS/FreeRTOS/Source/portable/Common/mpu_wrappers_v2.c,MPU_xStreamBufferBytesAvailableImpl,236
MPU_xStreamBufferGetStaticBuffers,"BaseType_t(StreamBufferHandle_t,uint8_t*,StaticStreamBuffer_t*)",/home/zwz/FreeRTOS/FreeRTOS/Source/portable/Common/mpu_wrappers_v2.c,MPU_xStreamBufferSetTriggerLevelImpl,237
MPU_xStreamBufferSendFromISR,"size_t(StreamBufferHandle_t,void*,size_t,BaseType_t*)",/home/zwz/FreeRTOS/FreeRTOS/Source/portable/Common/mpu_wrappers_v2.c,MPU_xStreamBufferNextMessageLengthBytesImpl,238
MPU_xStreamBufferReceiveFromISR,"size_t(StreamBufferHandle_t,void*,size_t,BaseType_t*)",/home/zwz/FreeRTOS/FreeRTOS/Source/portable/Common/mpu_wrappers_v2.c,MPU_xStreamBufferGenericCreate,239
MPU_xStreamBufferSendCompletedFromISR,"BaseType_t(StreamBufferHandle_t,BaseType_t*)",/home/zwz/FreeRTOS/FreeRTOS/Source/portable/Common/mpu_wrappers_v2.c,MPU_xStreamBufferGenericCreateStatic,240
MPU_xStreamBufferReceiveCompletedFromISR,"BaseType_t(StreamBufferHandle_t,BaseType_t*)",/home/zwz/FreeRTOS/FreeRTOS/Source/portable/Common/mpu_wrappers_v2.c,MPU_vStreamBufferDelete,241
MPU_xStreamBufferResetFromISR,BaseType_t(StreamBufferHandle_t),/home/zwz/FreeRTOS/FreeRTOS/Source/portable/Common/mpu_wrappers_v2.c,MPU_xStreamBufferReset,242
xTimerCreateTimerTask,BaseType_t(void),/home/zwz/FreeRTOS/FreeRTOS/Source/portable/Common/mpu_wrappers_v2.c,MPU_xStreamBufferGetStaticBuffers,243
xTimerCreate,"TimerHandle_t(char*,TickType_t,BaseType_t,void*,TimerCallbackFunction_t)",/home/zwz/FreeRTOS/FreeRTOS/Source/portable/Common/mpu_wrappers_v2.c,MPU_xStreamBufferSendFromISR,244
xTimerCreateStatic,"TimerHandle_t(char*,TickType_t,BaseType_t,void*,TimerCallbackFunction_t,StaticTimer_t*)",/home/zwz/FreeRTOS/FreeRTOS/Source/portable/Common/mpu_wrappers_v2.c,MPU_xStreamBufferReceiveFromISR,245
prvInitialiseNewTimer,"void(char*,TickType_t,BaseType_t,void*,TimerCallbackFunction_t,Timer_t*)",/home/zwz/FreeRTOS/FreeRTOS/Source/portable/Common/mpu_wrappers_v2.c,MPU_xStreamBufferSendCompletedFromISR,246
xTimerGenericCommandFromTask,"BaseType_t(TimerHandle_t,BaseType_t,TickType_t,BaseType_t*,TickType_t)",/home/zwz/FreeRTOS/FreeRTOS/Source/portable/Common/mpu_wrappers_v2.c,MPU_xStreamBufferReceiveCompletedFromISR,247
xTimerGenericCommandFromISR,"BaseType_t(TimerHandle_t,BaseType_t,TickType_t,BaseType_t*,TickType_t)",/home/zwz/FreeRTOS/FreeRTOS/Source/portable/Common/mpu_wrappers_v2.c,MPU_xStreamBufferResetFromISR,248
xTimerGetTimerDaemonTaskHandle,TaskHandle_t(void),/home/zwz/FreeRTOS/FreeRTOS/Source/timers.c,/home/zwz/FreeRTOS/FreeRTOS/Source/timers.c:<global>,249
xTimerGetPeriod,TickType_t(TimerHandle_t),/home/zwz/FreeRTOS/FreeRTOS/Source/timers.c,xTimerCreateTimerTask,250
vTimerSetReloadMode,"void(TimerHandle_t,BaseType_t)",/home/zwz/FreeRTOS/FreeRTOS/Source/timers.c,xTimerCreate,251
xTimerGetReloadMode,BaseType_t(TimerHandle_t),/home/zwz/FreeRTOS/FreeRTOS/Source/timers.c,xTimerCreateStatic,252
uxTimerGetReloadMode,UBaseType_t(TimerHandle_t),/home/zwz/FreeRTOS/FreeRTOS/Source/timers.c,prvInitialiseNewTimer,253
xTimerGetExpiryTime,TickType_t(TimerHandle_t),/home/zwz/FreeRTOS/FreeRTOS/Source/timers.c,xTimerGenericCommandFromTask,254
xTimerGetStaticBuffer,"BaseType_t(TimerHandle_t,StaticTimer_t**)",/home/zwz/FreeRTOS/FreeRTOS/Source/timers.c,xTimerGenericCommandFromISR,255
pcTimerGetName,char*(TimerHandle_t),/home/zwz/FreeRTOS/FreeRTOS/Source/timers.c,xTimerGetTimerDaemonTaskHandle,256
prvReloadTimer,"void(Timer_t*,TickType_t,TickType_t)",/home/zwz/FreeRTOS/FreeRTOS/Source/timers.c,xTimerGetPeriod,257
prvProcessExpiredTimer,"void(TickType_t,TickType_t)",/home/zwz/FreeRTOS/FreeRTOS/Source/timers.c,vTimerSetReloadMode,258
prvTimerTask,void(void*),/home/zwz/FreeRTOS/FreeRTOS/Source/timers.c,xTimerGetReloadMode,259
prvProcessTimerOrBlockTask,"void(TickType_t,BaseType_t)",/home/zwz/FreeRTOS/FreeRTOS/Source/timers.c,uxTimerGetReloadMode,260
prvGetNextExpireTime,TickType_t(BaseType_t*),/home/zwz/FreeRTOS/FreeRTOS/Source/timers.c,xTimerGetExpiryTime,261
prvSampleTimeNow,TickType_t(BaseType_t*),/home/zwz/FreeRTOS/FreeRTOS/Source/timers.c,xTimerGetStaticBuffer,262
prvInsertTimerInActiveList,"BaseType_t(Timer_t*,TickType_t,TickType_t,TickType_t)",/home/zwz/FreeRTOS/FreeRTOS/Source/timers.c,pcTimerGetName,263
prvProcessReceivedCommands,void(void),/home/zwz/FreeRTOS/FreeRTOS/Source/timers.c,prvReloadTimer,264
prvSwitchTimerLists,void(void),/home/zwz/FreeRTOS/FreeRTOS/Source/timers.c,prvProcessExpiredTimer,265
prvCheckForValidListAndQueue,void(void),/home/zwz/FreeRTOS/FreeRTOS/Source/timers.c,prvTimerTask,266
xTimerIsTimerActive,BaseType_t(TimerHandle_t),/home/zwz/FreeRTOS/FreeRTOS/Source/timers.c,prvProcessTimerOrBlockTask,267
pvTimerGetTimerID,void*(TimerHandle_t),/home/zwz/FreeRTOS/FreeRTOS/Source/timers.c,prvGetNextExpireTime,268
vTimerSetTimerID,"void(TimerHandle_t,void*)",/home/zwz/FreeRTOS/FreeRTOS/Source/timers.c,prvSampleTimeNow,269
xTimerPendFunctionCallFromISR,"BaseType_t(PendedFunction_t,void*,uint32_t,BaseType_t*)",/home/zwz/FreeRTOS/FreeRTOS/Source/timers.c,prvInsertTimerInActiveList,270
xTimerPendFunctionCall,"BaseType_t(PendedFunction_t,void*,uint32_t,TickType_t)",/home/zwz/FreeRTOS/FreeRTOS/Source/timers.c,prvProcessReceivedCommands,271
uxTimerGetTimerNumber,UBaseType_t(TimerHandle_t),/home/zwz/FreeRTOS/FreeRTOS/Source/timers.c,prvSwitchTimerLists,272
vTimerSetTimerNumber,"void(TimerHandle_t,UBaseType_t)",/home/zwz/FreeRTOS/FreeRTOS/Source/timers.c,prvCheckForValidListAndQueue,273
vTimerResetState,void(void),/home/zwz/FreeRTOS/FreeRTOS/Source/timers.c,xTimerIsTimerActive,274
pvPortMalloc,void*(size_t),/home/zwz/FreeRTOS/FreeRTOS/Source/timers.c,pvTimerGetTimerID,275
vPortFree,void(void*),/home/zwz/FreeRTOS/FreeRTOS/Source/timers.c,vTimerSetTimerID,276
xPortGetFreeHeapSize,size_t(void),/home/zwz/FreeRTOS/FreeRTOS/Source/timers.c,xTimerPendFunctionCallFromISR,277
xPortGetMinimumEverFreeHeapSize,size_t(void),/home/zwz/FreeRTOS/FreeRTOS/Source/timers.c,xTimerPendFunctionCall,278
xPortResetHeapMinimumEverFreeHeapSize,void(void),/home/zwz/FreeRTOS/FreeRTOS/Source/timers.c,uxTimerGetTimerNumber,279
vPortInitialiseBlocks,void(void),/home/zwz/FreeRTOS/FreeRTOS/Source/timers.c,vTimerSetTimerNumber,280
pvPortCalloc,"void*(size_t,size_t)",/home/zwz/FreeRTOS/FreeRTOS/Source/timers.c,vTimerResetState,281
prvHeapInit,void(void),/home/zwz/FreeRTOS/FreeRTOS/Source/portable/MemMang/heap_4.c,/home/zwz/FreeRTOS/FreeRTOS/Source/portable/MemMang/heap_4.c:<global>,282
prvInsertBlockIntoFreeList,void(BlockLink_t*),/home/zwz/FreeRTOS/FreeRTOS/Source/portable/MemMang/heap_4.c,pvPortMalloc,283
vPortGetHeapStats,void(HeapStats_t*),/home/zwz/FreeRTOS/FreeRTOS/Source/portable/MemMang/heap_4.c,vPortFree,284
vPortHeapResetState,void(void),/home/zwz/FreeRTOS/FreeRTOS/Source/portable/MemMang/heap_4.c,xPortGetFreeHeapSize,285
vListInitialise,void(List_t*),/home/zwz/FreeRTOS/FreeRTOS/Source/portable/MemMang/heap_4.c,xPortGetMinimumEverFreeHeapSize,286
vListInitialiseItem,void(ListItem_t*),/home/zwz/FreeRTOS/FreeRTOS/Source/portable/MemMang/heap_4.c,xPortResetHeapMinimumEverFreeHeapSize,287
vListInsertEnd,"void(List_t*,ListItem_t*)",/home/zwz/FreeRTOS/FreeRTOS/Source/portable/MemMang/heap_4.c,vPortInitialiseBlocks,288
vListInsert,"void(List_t*,ListItem_t*)",/home/zwz/FreeRTOS/FreeRTOS/Source/portable/MemMang/heap_4.c,pvPortCalloc,289
uxListRemove,UBaseType_t(ListItem_t*),/home/zwz/FreeRTOS/FreeRTOS/Source/portable/MemMang/heap_4.c,prvHeapInit,290
xStreamBufferGenericCreate,"StreamBufferHandle_t(size_t,size_t,BaseType_t,StreamBufferCallbackFunction_t,StreamBufferCallbackFunction_t)",/home/zwz/FreeRTOS/FreeRTOS/Source/portable/MemMang/heap_4.c,prvInsertBlockIntoFreeList,291
xStreamBufferGenericCreateStatic,"StreamBufferHandle_t(size_t,size_t,BaseType_t,uint8_t*,StaticStreamBuffer_t*,StreamBufferCallbackFunction_t,StreamBufferCallbackFunction_t)",/home/zwz/FreeRTOS/FreeRTOS/Source/portable/MemMang/heap_4.c,vPortGetHeapStats,292
xStreamBufferGetStaticBuffers,"BaseType_t(StreamBufferHandle_t,uint8_t**,StaticStreamBuffer_t**)",/home/zwz/FreeRTOS/FreeRTOS/Source/portable/MemMang/heap_4.c,vPortHeapResetState,293
vStreamBufferDelete,void(StreamBufferHandle_t),/home/zwz/FreeRTOS/FreeRTOS/Source/list.c,vListInitialise,294
xStreamBufferReset,BaseType_t(StreamBufferHandle_t),/home/zwz/FreeRTOS/FreeRTOS/Source/list.c,/home/zwz/FreeRTOS/FreeRTOS/Source/list.c:<global>,295
xStreamBufferResetFromISR,BaseType_t(StreamBufferHandle_t),/home/zwz/FreeRTOS/FreeRTOS/Source/list.c,vListInitialiseItem,296
xStreamBufferSetTriggerLevel,"BaseType_t(StreamBufferHandle_t,size_t)",/home/zwz/FreeRTOS/FreeRTOS/Source/list.c,vListInsertEnd,297
xStreamBufferSpacesAvailable,size_t(StreamBufferHandle_t),/home/zwz/FreeRTOS/FreeRTOS/Source/list.c,vListInsert,298
xStreamBufferBytesAvailable,size_t(StreamBufferHandle_t),/home/zwz/FreeRTOS/FreeRTOS/Source/list.c,uxListRemove,299
xStreamBufferSend,"size_t(StreamBufferHandle_t,void*,size_t,TickType_t)",/home/zwz/FreeRTOS/FreeRTOS/Source/stream_buffer.c,/home/zwz/FreeRTOS/FreeRTOS/Source/stream_buffer.c:<global>,300
xStreamBufferSendFromISR,"size_t(StreamBufferHandle_t,void*,size_t,BaseType_t*)",/home/zwz/FreeRTOS/FreeRTOS/Source/stream_buffer.c,xStreamBufferGenericCreate,301
prvWriteMessageToBuffer,"size_t(StreamBuffer_t*,void*,size_t,size_t,size_t)",/home/zwz/FreeRTOS/FreeRTOS/Source/stream_buffer.c,xStreamBufferGenericCreateStatic,302
xStreamBufferReceive,"size_t(StreamBufferHandle_t,void*,size_t,TickType_t)",/home/zwz/FreeRTOS/FreeRTOS/Source/stream_buffer.c,xStreamBufferGetStaticBuffers,303
xStreamBufferNextMessageLengthBytes,size_t(StreamBufferHandle_t),/home/zwz/FreeRTOS/FreeRTOS/Source/stream_buffer.c,vStreamBufferDelete,304
xStreamBufferReceiveFromISR,"size_t(StreamBufferHandle_t,void*,size_t,BaseType_t*)",/home/zwz/FreeRTOS/FreeRTOS/Source/stream_buffer.c,xStreamBufferReset,305
prvReadMessageFromBuffer,"size_t(StreamBuffer_t*,void*,size_t,size_t)",/home/zwz/FreeRTOS/FreeRTOS/Source/stream_buffer.c,xStreamBufferResetFromISR,306
xStreamBufferIsEmpty,BaseType_t(StreamBufferHandle_t),/home/zwz/FreeRTOS/FreeRTOS/Source/stream_buffer.c,xStreamBufferSetTriggerLevel,307
xStreamBufferIsFull,BaseType_t(StreamBufferHandle_t),/home/zwz/FreeRTOS/FreeRTOS/Source/stream_buffer.c,xStreamBufferSpacesAvailable,308
xStreamBufferSendCompletedFromISR,"BaseType_t(StreamBufferHandle_t,BaseType_t*)",/home/zwz/FreeRTOS/FreeRTOS/Source/stream_buffer.c,xStreamBufferBytesAvailable,309
xStreamBufferReceiveCompletedFromISR,"BaseType_t(StreamBufferHandle_t,BaseType_t*)",/home/zwz/FreeRTOS/FreeRTOS/Source/stream_buffer.c,xStreamBufferSend,310
prvWriteBytesToBuffer,"size_t(StreamBuffer_t*,uint8_t*,size_t,size_t)",/home/zwz/FreeRTOS/FreeRTOS/Source/stream_buffer.c,xStreamBufferSendFromISR,311
prvReadBytesFromBuffer,"size_t(StreamBuffer_t*,uint8_t*,size_t,size_t)",/home/zwz/FreeRTOS/FreeRTOS/Source/stream_buffer.c,prvWriteMessageToBuffer,312
prvBytesInBuffer,size_t(StreamBuffer_t*),/home/zwz/FreeRTOS/FreeRTOS/Source/stream_buffer.c,xStreamBufferReceive,313
prvInitialiseNewStreamBuffer,"void(StreamBuffer_t*,uint8_t*,size_t,size_t,uint8_t,StreamBufferCallbackFunction_t,StreamBufferCallbackFunction_t)",/home/zwz/FreeRTOS/FreeRTOS/Source/stream_buffer.c,xStreamBufferNextMessageLengthBytes,314
uxStreamBufferGetStreamBufferNotificationIndex,UBaseType_t(StreamBufferHandle_t),/home/zwz/FreeRTOS/FreeRTOS/Source/stream_buffer.c,xStreamBufferReceiveFromISR,315
vStreamBufferSetStreamBufferNotificationIndex,"void(StreamBufferHandle_t,UBaseType_t)",/home/zwz/FreeRTOS/FreeRTOS/Source/stream_buffer.c,prvReadMessageFromBuffer,316
uxStreamBufferGetStreamBufferNumber,UBaseType_t(StreamBufferHandle_t),/home/zwz/FreeRTOS/FreeRTOS/Source/stream_buffer.c,xStreamBufferIsEmpty,317
vStreamBufferSetStreamBufferNumber,"void(StreamBufferHandle_t,UBaseType_t)",/home/zwz/FreeRTOS/FreeRTOS/Source/stream_buffer.c,xStreamBufferIsFull,318
ucStreamBufferGetStreamBufferType,uint8_t(StreamBufferHandle_t),/home/zwz/FreeRTOS/FreeRTOS/Source/stream_buffer.c,xStreamBufferSendCompletedFromISR,319
xQueueGenericReset,"BaseType_t(QueueHandle_t,BaseType_t)",/home/zwz/FreeRTOS/FreeRTOS/Source/stream_buffer.c,xStreamBufferReceiveCompletedFromISR,320
xQueueGenericCreateStatic,"QueueHandle_t(UBaseType_t,UBaseType_t,uint8_t*,StaticQueue_t*,uint8_t)",/home/zwz/FreeRTOS/FreeRTOS/Source/stream_buffer.c,prvWriteBytesToBuffer,321
xQueueGenericGetStaticBuffers,"BaseType_t(QueueHandle_t,uint8_t**,StaticQueue_t**)",/home/zwz/FreeRTOS/FreeRTOS/Source/stream_buffer.c,prvReadBytesFromBuffer,322
xQueueGenericCreate,"QueueHandle_t(UBaseType_t,UBaseType_t,uint8_t)",/home/zwz/FreeRTOS/FreeRTOS/Source/stream_buffer.c,prvBytesInBuffer,323
prvInitialiseNewQueue,"void(UBaseType_t,UBaseType_t,uint8_t*,uint8_t,Queue_t*)",/home/zwz/FreeRTOS/FreeRTOS/Source/stream_buffer.c,prvInitialiseNewStreamBuffer,324
prvInitialiseMutex,void(Queue_t*),/home/zwz/FreeRTOS/FreeRTOS/Source/stream_buffer.c,uxStreamBufferGetStreamBufferNotificationIndex,325
xQueueCreateMutex,QueueHandle_t(uint8_t),/home/zwz/FreeRTOS/FreeRTOS/Source/stream_buffer.c,vStreamBufferSetStreamBufferNotificationIndex,326
xQueueCreateMutexStatic,"QueueHandle_t(uint8_t,StaticQueue_t*)",/home/zwz/FreeRTOS/FreeRTOS/Source/stream_buffer.c,uxStreamBufferGetStreamBufferNumber,327
xQueueGetMutexHolder,TaskHandle_t(QueueHandle_t),/home/zwz/FreeRTOS/FreeRTOS/Source/stream_buffer.c,vStreamBufferSetStreamBufferNumber,328
xQueueGetMutexHolderFromISR,TaskHandle_t(QueueHandle_t),/home/zwz/FreeRTOS/FreeRTOS/Source/stream_buffer.c,ucStreamBufferGetStreamBufferType,329
xQueueGiveMutexRecursive,BaseType_t(QueueHandle_t),/home/zwz/FreeRTOS/FreeRTOS/Source/portable/Common/mpu_wrappers.c,/home/zwz/FreeRTOS/FreeRTOS/Source/portable/Common/mpu_wrappers.c:<global>,330
xQueueTakeMutexRecursive,"BaseType_t(QueueHandle_t,TickType_t)",/home/zwz/FreeRTOS/FreeRTOS/Source/queue.c,/home/zwz/FreeRTOS/FreeRTOS/Source/queue.c:<global>,331
xQueueCreateCountingSemaphoreStatic,"QueueHandle_t(UBaseType_t,UBaseType_t,StaticQueue_t*)",/home/zwz/FreeRTOS/FreeRTOS/Source/queue.c,xQueueGenericReset,332
xQueueCreateCountingSemaphore,"QueueHandle_t(UBaseType_t,UBaseType_t)",/home/zwz/FreeRTOS/FreeRTOS/Source/queue.c,xQueueGenericCreateStatic,333
xQueueGenericSend,"BaseType_t(QueueHandle_t,void*,TickType_t,BaseType_t)",/home/zwz/FreeRTOS/FreeRTOS/Source/queue.c,xQueueGenericGetStaticBuffers,334
xQueueGenericSendFromISR,"BaseType_t(QueueHandle_t,void*,BaseType_t*,BaseType_t)",/home/zwz/FreeRTOS/FreeRTOS/Source/queue.c,xQueueGenericCreate,335
xQueueGiveFromISR,"BaseType_t(QueueHandle_t,BaseType_t*)",/home/zwz/FreeRTOS/FreeRTOS/Source/queue.c,prvInitialiseNewQueue,336
xQueueReceive,"BaseType_t(QueueHandle_t,void*,TickType_t)",/home/zwz/FreeRTOS/FreeRTOS/Source/queue.c,prvInitialiseMutex,337
xQueueSemaphoreTake,"BaseType_t(QueueHandle_t,TickType_t)",/home/zwz/FreeRTOS/FreeRTOS/Source/queue.c,xQueueCreateMutex,338
xQueuePeek,"BaseType_t(QueueHandle_t,void*,TickType_t)",/home/zwz/FreeRTOS/FreeRTOS/Source/queue.c,xQueueCreateMutexStatic,339
xQueueReceiveFromISR,"BaseType_t(QueueHandle_t,void*,BaseType_t*)",/home/zwz/FreeRTOS/FreeRTOS/Source/queue.c,xQueueGetMutexHolder,340
xQueuePeekFromISR,"BaseType_t(QueueHandle_t,void*)",/home/zwz/FreeRTOS/FreeRTOS/Source/queue.c,xQueueGetMutexHolderFromISR,341
uxQueueMessagesWaiting,UBaseType_t(QueueHandle_t),/home/zwz/FreeRTOS/FreeRTOS/Source/queue.c,xQueueGiveMutexRecursive,342
uxQueueSpacesAvailable,UBaseType_t(QueueHandle_t),/home/zwz/FreeRTOS/FreeRTOS/Source/queue.c,xQueueTakeMutexRecursive,343
uxQueueMessagesWaitingFromISR,UBaseType_t(QueueHandle_t),/home/zwz/FreeRTOS/FreeRTOS/Source/queue.c,xQueueCreateCountingSemaphoreStatic,344
vQueueDelete,void(QueueHandle_t),/home/zwz/FreeRTOS/FreeRTOS/Source/queue.c,xQueueCreateCountingSemaphore,345
uxQueueGetQueueNumber,UBaseType_t(QueueHandle_t),/home/zwz/FreeRTOS/FreeRTOS/Source/queue.c,xQueueGenericSend,346
vQueueSetQueueNumber,"void(QueueHandle_t,UBaseType_t)",/home/zwz/FreeRTOS/FreeRTOS/Source/queue.c,xQueueGenericSendFromISR,347
ucQueueGetQueueType,uint8_t(QueueHandle_t),/home/zwz/FreeRTOS/FreeRTOS/Source/queue.c,xQueueGiveFromISR,348
uxQueueGetQueueItemSize,UBaseType_t(QueueHandle_t),/home/zwz/FreeRTOS/FreeRTOS/Source/queue.c,xQueueReceive,349
uxQueueGetQueueLength,UBaseType_t(QueueHandle_t),/home/zwz/FreeRTOS/FreeRTOS/Source/queue.c,xQueueSemaphoreTake,350
prvGetHighestPriorityOfWaitToReceiveList,UBaseType_t(Queue_t*),/home/zwz/FreeRTOS/FreeRTOS/Source/queue.c,xQueuePeek,351
prvCopyDataToQueue,"BaseType_t(Queue_t*,void*,BaseType_t)",/home/zwz/FreeRTOS/FreeRTOS/Source/queue.c,xQueueReceiveFromISR,352
prvCopyDataFromQueue,"void(Queue_t*,void*)",/home/zwz/FreeRTOS/FreeRTOS/Source/queue.c,xQueuePeekFromISR,353
prvUnlockQueue,void(Queue_t*),/home/zwz/FreeRTOS/FreeRTOS/Source/queue.c,uxQueueMessagesWaiting,354
prvIsQueueEmpty,BaseType_t(Queue_t*),/home/zwz/FreeRTOS/FreeRTOS/Source/queue.c,uxQueueSpacesAvailable,355
xQueueIsQueueEmptyFromISR,BaseType_t(QueueHandle_t),/home/zwz/FreeRTOS/FreeRTOS/Source/queue.c,uxQueueMessagesWaitingFromISR,356
prvIsQueueFull,BaseType_t(Queue_t*),/home/zwz/FreeRTOS/FreeRTOS/Source/queue.c,vQueueDelete,357
xQueueIsQueueFullFromISR,BaseType_t(QueueHandle_t),/home/zwz/FreeRTOS/FreeRTOS/Source/queue.c,uxQueueGetQueueNumber,358
vQueueAddToRegistry,"void(QueueHandle_t,char*)",/home/zwz/FreeRTOS/FreeRTOS/Source/queue.c,vQueueSetQueueNumber,359
pcQueueGetName,char*(QueueHandle_t),/home/zwz/FreeRTOS/FreeRTOS/Source/queue.c,ucQueueGetQueueType,360
vQueueUnregisterQueue,void(QueueHandle_t),/home/zwz/FreeRTOS/FreeRTOS/Source/queue.c,uxQueueGetQueueItemSize,361
vQueueWaitForMessageRestricted,"void(QueueHandle_t,TickType_t,BaseType_t)",/home/zwz/FreeRTOS/FreeRTOS/Source/queue.c,uxQueueGetQueueLength,362
prvROAccessTask,void(void*),/home/zwz/FreeRTOS/FreeRTOS/Source/queue.c,prvGetHighestPriorityOfWaitToReceiveList,363
prvRWAccessTask,void(void*),/home/zwz/FreeRTOS/FreeRTOS/Source/queue.c,prvCopyDataToQueue,364
vStartMPUDemo,void(void),/home/zwz/FreeRTOS/FreeRTOS/Source/queue.c,prvCopyDataFromQueue,365
vHandleMemoryFault,void(uint32_t*),/home/zwz/FreeRTOS/FreeRTOS/Source/queue.c,prvUnlockQueue,366
<clinit>,"TCB_t(TaskFunction_t,char*,StackType_t,void*,UBaseType_t,StackType_t*,StaticTask_t*,TaskHandle_t*)",/home/zwz/FreeRTOS/FreeRTOS/Source/queue.c,prvIsQueueEmpty,367
prvCreateStaticTask,"TaskHandle_t(TaskFunction_t,char*,StackType_t,void*,UBaseType_t,StackType_t*,StaticTask_t*)",/home/zwz/FreeRTOS/FreeRTOS/Source/queue.c,xQueueIsQueueEmptyFromISR,368
xTaskCreateStatic,"TCB_t(TaskParameters_t*,TaskHandle_t*)",/home/zwz/FreeRTOS/FreeRTOS/Source/queue.c,prvIsQueueFull,369
prvCreateRestrictedStaticTask,"BaseType_t(TaskParameters_t*,TaskHandle_t*)",/home/zwz/FreeRTOS/FreeRTOS/Source/queue.c,xQueueIsQueueFullFromISR,370
xTaskCreateRestrictedStatic,"TCB_t(TaskParameters_t*,TaskHandle_t*)",/home/zwz/FreeRTOS/FreeRTOS/Source/queue.c,vQueueAddToRegistry,371
prvCreateRestrictedTask,"BaseType_t(TaskParameters_t*,TaskHandle_t*)",/home/zwz/FreeRTOS/FreeRTOS/Source/queue.c,pcQueueGetName,372
xTaskCreateRestricted,"TCB_t(TaskFunction_t,char*,StackType_t,void*,UBaseType_t,TaskHandle_t*)",/home/zwz/FreeRTOS/FreeRTOS/Source/queue.c,vQueueUnregisterQueue,373
prvCreateTask,"BaseType_t(TaskFunction_t,char*,StackType_t,void*,UBaseType_t,TaskHandle_t*)",/home/zwz/FreeRTOS/FreeRTOS/Source/queue.c,vQueueWaitForMessageRestricted,374
xTaskCreate,"void(TaskFunction_t,char*,StackType_t,void*,UBaseType_t,TaskHandle_t*,TCB_t*,MemoryRegion_t*)",mpu_demo.c,prvROAccessTask,375
prvInitialiseNewTask,void(TCB_t*),mpu_demo.c,mpu_demo.c:<global>,376
prvAddNewTaskToReadyList,void(TaskHandle_t),mpu_demo.c,prvRWAccessTask,377
vTaskDelete,"BaseType_t(TickType_t*,TickType_t)",mpu_demo.c,vStartMPUDemo,378
xTaskDelayUntil,void(TickType_t),mpu_demo.c,vHandleMemoryFault,379
vTaskDelay,eTaskState(TaskHandle_t),/home/zwz/FreeRTOS/FreeRTOS/Source/tasks.c,tskTaskControlBlock.<clinit>,380
eTaskGetState,UBaseType_t(TaskHandle_t),/home/zwz/FreeRTOS/FreeRTOS/Source/tasks.c,/home/zwz/FreeRTOS/FreeRTOS/Source/tasks.c:<global>,381
uxTaskPriorityGet,UBaseType_t(TaskHandle_t),/home/zwz/FreeRTOS/FreeRTOS/Source/tasks.c,prvCreateStaticTask,382
uxTaskPriorityGetFromISR,UBaseType_t(TaskHandle_t),/home/zwz/FreeRTOS/FreeRTOS/Source/tasks.c,xTaskCreateStatic,383
uxTaskBasePriorityGet,UBaseType_t(TaskHandle_t),/home/zwz/FreeRTOS/FreeRTOS/Source/tasks.c,prvCreateRestrictedStaticTask,384
uxTaskBasePriorityGetFromISR,"void(TaskHandle_t,UBaseType_t)",/home/zwz/FreeRTOS/FreeRTOS/Source/tasks.c,xTaskCreateRestrictedStatic,385
vTaskPrioritySet,void(TaskHandle_t),/home/zwz/FreeRTOS/FreeRTOS/Source/tasks.c,prvCreateRestrictedTask,386
vTaskSuspend,BaseType_t(TaskHandle_t),/home/zwz/FreeRTOS/FreeRTOS/Source/tasks.c,xTaskCreateRestricted,387
prvTaskIsTaskSuspended,void(TaskHandle_t),/home/zwz/FreeRTOS/FreeRTOS/Source/tasks.c,prvCreateTask,388
vTaskResume,BaseType_t(TaskHandle_t),/home/zwz/FreeRTOS/FreeRTOS/Source/tasks.c,xTaskCreate,389
xTaskResumeFromISR,BaseType_t(void),/home/zwz/FreeRTOS/FreeRTOS/Source/tasks.c,prvInitialiseNewTask,390
prvCreateIdleTasks,void(void),/home/zwz/FreeRTOS/FreeRTOS/Source/tasks.c,prvAddNewTaskToReadyList,391
vTaskStartScheduler,void(void),/home/zwz/FreeRTOS/FreeRTOS/Source/tasks.c,vTaskDelete,392
vTaskEndScheduler,void(void),/home/zwz/FreeRTOS/FreeRTOS/Source/tasks.c,xTaskDelayUntil,393
vTaskSuspendAll,BaseType_t(void),/home/zwz/FreeRTOS/FreeRTOS/Source/tasks.c,vTaskDelay,394
xTaskResumeAll,TickType_t(void),/home/zwz/FreeRTOS/FreeRTOS/Source/tasks.c,eTaskGetState,395
xTaskGetTickCount,TickType_t(void),/home/zwz/FreeRTOS/FreeRTOS/Source/tasks.c,uxTaskPriorityGet,396
xTaskGetTickCountFromISR,UBaseType_t(void),/home/zwz/FreeRTOS/FreeRTOS/Source/tasks.c,uxTaskPriorityGetFromISR,397
uxTaskGetNumberOfTasks,char*(TaskHandle_t),/home/zwz/FreeRTOS/FreeRTOS/Source/tasks.c,uxTaskBasePriorityGet,398
pcTaskGetName,"TCB_t(List_t*,char[])",/home/zwz/FreeRTOS/FreeRTOS/Source/tasks.c,uxTaskBasePriorityGetFromISR,399
prvSearchForNameWithinSingleList,TaskHandle_t(char*),/home/zwz/FreeRTOS/FreeRTOS/Source/tasks.c,vTaskPrioritySet,400
xTaskGetHandle,"BaseType_t(TaskHandle_t,StackType_t**,StaticTask_t**)",/home/zwz/FreeRTOS/FreeRTOS/Source/tasks.c,vTaskSuspend,401
xTaskGetStaticBuffers,"UBaseType_t(TaskStatus_t*,UBaseType_t,uint32_t*)",/home/zwz/FreeRTOS/FreeRTOS/Source/tasks.c,prvTaskIsTaskSuspended,402
uxTaskGetSystemState,TaskHandle_t(void),/home/zwz/FreeRTOS/FreeRTOS/Source/tasks.c,vTaskResume,403
xTaskGetIdleTaskHandle,TaskHandle_t(BaseType_t),/home/zwz/FreeRTOS/FreeRTOS/Source/tasks.c,xTaskResumeFromISR,404
xTaskGetIdleTaskHandleForCore,BaseType_t(TickType_t),/home/zwz/FreeRTOS/FreeRTOS/Source/tasks.c,prvCreateIdleTasks,405
xTaskCatchUpTicks,BaseType_t(TaskHandle_t),/home/zwz/FreeRTOS/FreeRTOS/Source/tasks.c,vTaskStartScheduler,406
xTaskAbortDelay,BaseType_t(void),/home/zwz/FreeRTOS/FreeRTOS/Source/tasks.c,vTaskEndScheduler,407
xTaskIncrementTick,void(void),/home/zwz/FreeRTOS/FreeRTOS/Source/tasks.c,vTaskSuspendAll,408
vTaskSwitchContext,"void(List_t*,TickType_t)",/home/zwz/FreeRTOS/FreeRTOS/Source/tasks.c,xTaskResumeAll,409
vTaskPlaceOnEventList,"void(List_t*,TickType_t,TickType_t)",/home/zwz/FreeRTOS/FreeRTOS/Source/tasks.c,xTaskGetTickCount,410
vTaskPlaceOnUnorderedEventList,"void(List_t*,TickType_t,BaseType_t)",/home/zwz/FreeRTOS/FreeRTOS/Source/tasks.c,xTaskGetTickCountFromISR,411
vTaskPlaceOnEventListRestricted,BaseType_t(List_t*),/home/zwz/FreeRTOS/FreeRTOS/Source/tasks.c,uxTaskGetNumberOfTasks,412
xTaskRemoveFromEventList,"void(ListItem_t*,TickType_t)",/home/zwz/FreeRTOS/FreeRTOS/Source/tasks.c,pcTaskGetName,413
vTaskRemoveFromUnorderedEventList,void(TimeOut_t*),/home/zwz/FreeRTOS/FreeRTOS/Source/tasks.c,prvSearchForNameWithinSingleList,414
vTaskSetTimeOutState,void(TimeOut_t*),/home/zwz/FreeRTOS/FreeRTOS/Source/tasks.c,xTaskGetHandle,415
vTaskInternalSetTimeOutState,"BaseType_t(TimeOut_t*,TickType_t*)",/home/zwz/FreeRTOS/FreeRTOS/Source/tasks.c,xTaskGetStaticBuffers,416
xTaskCheckForTimeOut,void(void),/home/zwz/FreeRTOS/FreeRTOS/Source/tasks.c,uxTaskGetSystemState,417
vTaskMissedYield,UBaseType_t(TaskHandle_t),/home/zwz/FreeRTOS/FreeRTOS/Source/tasks.c,xTaskGetIdleTaskHandle,418
uxTaskGetTaskNumber,"void(TaskHandle_t,UBaseType_t)",/home/zwz/FreeRTOS/FreeRTOS/Source/tasks.c,xTaskGetIdleTaskHandleForCore,419
vTaskSetTaskNumber,void(void*),/home/zwz/FreeRTOS/FreeRTOS/Source/tasks.c,xTaskCatchUpTicks,420
prvIdleTask,"void(TaskHandle_t,MemoryRegion_t*)",/home/zwz/FreeRTOS/FreeRTOS/Source/tasks.c,xTaskAbortDelay,421
vTaskAllocateMPURegions,void(void),/home/zwz/FreeRTOS/FreeRTOS/Source/tasks.c,xTaskIncrementTick,422
prvInitialiseTaskLists,void(void),/home/zwz/FreeRTOS/FreeRTOS/Source/tasks.c,vTaskSwitchContext,423
prvCheckTasksWaitingTermination,"void(TaskHandle_t,TaskStatus_t*,BaseType_t,eTaskState)",/home/zwz/FreeRTOS/FreeRTOS/Source/tasks.c,vTaskPlaceOnEventList,424
vTaskGetInfo,"UBaseType_t(TaskStatus_t*,List_t*,eTaskState)",/home/zwz/FreeRTOS/FreeRTOS/Source/tasks.c,vTaskPlaceOnUnorderedEventList,425
prvListTasksWithinSingleList,StackType_t(uint8_t*),/home/zwz/FreeRTOS/FreeRTOS/Source/tasks.c,vTaskPlaceOnEventListRestricted,426
prvTaskCheckFreeStackSpace,StackType_t(TaskHandle_t),/home/zwz/FreeRTOS/FreeRTOS/Source/tasks.c,xTaskRemoveFromEventList,427
uxTaskGetStackHighWaterMark2,UBaseType_t(TaskHandle_t),/home/zwz/FreeRTOS/FreeRTOS/Source/tasks.c,vTaskRemoveFromUnorderedEventList,428
uxTaskGetStackHighWaterMark,void(TCB_t*),/home/zwz/FreeRTOS/FreeRTOS/Source/tasks.c,vTaskSetTimeOutState,429
prvDeleteTCB,void(void),/home/zwz/FreeRTOS/FreeRTOS/Source/tasks.c,vTaskInternalSetTimeOutState,430
prvResetNextTaskUnblockTime,TaskHandle_t(void),/home/zwz/FreeRTOS/FreeRTOS/Source/tasks.c,xTaskCheckForTimeOut,431
xTaskGetCurrentTaskHandle,TaskHandle_t(BaseType_t),/home/zwz/FreeRTOS/FreeRTOS/Source/tasks.c,vTaskMissedYield,432
xTaskGetCurrentTaskHandleForCore,BaseType_t(void),/home/zwz/FreeRTOS/FreeRTOS/Source/tasks.c,uxTaskGetTaskNumber,433
xTaskGetSchedulerState,BaseType_t(TaskHandle_t),/home/zwz/FreeRTOS/FreeRTOS/Source/tasks.c,vTaskSetTaskNumber,434
xTaskPriorityInherit,BaseType_t(TaskHandle_t),/home/zwz/FreeRTOS/FreeRTOS/Source/tasks.c,prvIdleTask,435
xTaskPriorityDisinherit,"void(TaskHandle_t,UBaseType_t)",/home/zwz/FreeRTOS/FreeRTOS/Source/tasks.c,vTaskAllocateMPURegions,436
vTaskPriorityDisinheritAfterTimeout,TickType_t(void),/home/zwz/FreeRTOS/FreeRTOS/Source/tasks.c,prvInitialiseTaskLists,437
uxTaskResetEventItemValue,TaskHandle_t(void),/home/zwz/FreeRTOS/FreeRTOS/Source/tasks.c,prvCheckTasksWaitingTermination,438
pvTaskIncrementMutexHeldCount,"uint32_t(UBaseType_t,BaseType_t,TickType_t)",/home/zwz/FreeRTOS/FreeRTOS/Source/tasks.c,vTaskGetInfo,439
ulTaskGenericNotifyTake,"BaseType_t(UBaseType_t,uint32_t,uint32_t,uint32_t*,TickType_t)",/home/zwz/FreeRTOS/FreeRTOS/Source/tasks.c,prvListTasksWithinSingleList,440
xTaskGenericNotifyWait,"BaseType_t(TaskHandle_t,UBaseType_t,uint32_t,eNotifyAction,uint32_t*)",/home/zwz/FreeRTOS/FreeRTOS/Source/tasks.c,prvTaskCheckFreeStackSpace,441
xTaskGenericNotify,"BaseType_t(TaskHandle_t,UBaseType_t,uint32_t,eNotifyAction,uint32_t*,BaseType_t*)",/home/zwz/FreeRTOS/FreeRTOS/Source/tasks.c,uxTaskGetStackHighWaterMark2,442
xTaskGenericNotifyFromISR,"void(TaskHandle_t,UBaseType_t,BaseType_t*)",/home/zwz/FreeRTOS/FreeRTOS/Source/tasks.c,uxTaskGetStackHighWaterMark,443
vTaskGenericNotifyGiveFromISR,"BaseType_t(TaskHandle_t,UBaseType_t)",/home/zwz/FreeRTOS/FreeRTOS/Source/tasks.c,prvDeleteTCB,444
xTaskGenericNotifyStateClear,"uint32_t(TaskHandle_t,UBaseType_t,uint32_t)",/home/zwz/FreeRTOS/FreeRTOS/Source/tasks.c,prvResetNextTaskUnblockTime,445
ulTaskGenericNotifyValueClear,"void(TickType_t,BaseType_t)",/home/zwz/FreeRTOS/FreeRTOS/Source/tasks.c,xTaskGetCurrentTaskHandle,446
prvAddCurrentTaskToDelayedList,xMPU_SETTINGS(TaskHandle_t),/home/zwz/FreeRTOS/FreeRTOS/Source/tasks.c,xTaskGetCurrentTaskHandleForCore,447
xTaskGetMPUSettings,void(void),/home/zwz/FreeRTOS/FreeRTOS/Source/tasks.c,xTaskGetSchedulerState,448
vTaskResetState,int(void),/home/zwz/FreeRTOS/FreeRTOS/Source/tasks.c,xTaskPriorityInherit,449
main,void(void),/home/zwz/FreeRTOS/FreeRTOS/Source/tasks.c,xTaskPriorityDisinherit,450
vApplicationIdleHook,void(void),/home/zwz/FreeRTOS/FreeRTOS/Source/tasks.c,vTaskPriorityDisinheritAfterTimeout,451
vApplicationTickHook,void(void),/home/zwz/FreeRTOS/FreeRTOS/Source/tasks.c,uxTaskResetEventItemValue,452
vAssertCalled,"void(char*,...)",/home/zwz/FreeRTOS/FreeRTOS/Source/tasks.c,pvTaskIncrementMutexHeldCount,453
vLoggingPrintf,void(void),/home/zwz/FreeRTOS/FreeRTOS/Source/tasks.c,ulTaskGenericNotifyTake,454
app_main,"void(TaskHandle_t,char*)",/home/zwz/FreeRTOS/FreeRTOS/Source/tasks.c,xTaskGenericNotifyWait,455
vApplicationStackOverflowHook,void(void),/home/zwz/FreeRTOS/FreeRTOS/Source/tasks.c,xTaskGenericNotify,456
vApplicationMallocFailedHook,"void(StaticTask_t**,StackType_t**,uint32_t*)",/home/zwz/FreeRTOS/FreeRTOS/Source/tasks.c,xTaskGenericNotifyFromISR,457
vApplicationGetIdleTaskMemory,"void(StaticTask_t**,StackType_t**,uint32_t*)",/home/zwz/FreeRTOS/FreeRTOS/Source/tasks.c,vTaskGenericNotifyGiveFromISR,458
vApplicationGetTimerTaskMemory,void(void),/home/zwz/FreeRTOS/FreeRTOS/Source/tasks.c,xTaskGenericNotifyStateClear,459
uart_init,int(int),/home/zwz/FreeRTOS/FreeRTOS/Source/tasks.c,ulTaskGenericNotifyValueClear,460
_fstat,"int(int,char*,int)",/home/zwz/FreeRTOS/FreeRTOS/Source/tasks.c,prvAddCurrentTaskToDelayedList,461
_read,"int(int,char*,int)",/home/zwz/FreeRTOS/FreeRTOS/Source/tasks.c,xTaskGetMPUSettings,462
_write,void*(int),/home/zwz/FreeRTOS/FreeRTOS/Source/tasks.c,vTaskResetState,463
_sbrk,void(int),main.c,main,464
_close,"int(int,int,int)",main.c,main.c:<global>,465
_lseek,int(),main.c,vApplicationIdleHook,466
_isatty,void(int),main.c,vApplicationTickHook,467
_exit,"void(pid_t,int)",main.c,vAssertCalled,468
_kill,int(void),main.c,vLoggingPrintf,469
_getpid,ANY(1),app_main.c,app_main,470
heapPROTECT_BLOCK_POINTER,ANY(3),app_main.c,app_main.c:<global>,471
xQueueSendToBackFromISR,ANY(0),app_main.c,vApplicationStackOverflowHook,472
tskMPU_WRITE_PERMISSION,ANY(2),app_main.c,vApplicationMallocFailedHook,473
mpuMULTIPLY_UINT32_WILL_OVERFLOW,ANY(0),app_main.c,vApplicationGetIdleTaskMemory,474
tmrCOMMAND_START,ANY(2),app_main.c,vApplicationGetTimerTaskMemory,475
portADD_UINT32_WILL_OVERFLOW,ANY(0),syscall.c,syscall.c:<global>,476
portMPU_REGION_EXECUTE_NEVER,A_BLOCK_LINK*(1),syscall.c,uart_init,477
heapPROTECT_BLOCK_POINTER,ANY(0),syscall.c,_fstat,478
portNVIC_SYSTICK_CLK,ANY(1),syscall.c,_read,479
listLIST_IS_EMPTY,ANY(0),syscall.c,_write,480
portNVIC_SYSTICK_INT,ANY(0),syscall.c,_sbrk,481
eventCLEAR_EVENTS_ON_EXIT_BIT,ANY(0),syscall.c,_close,482
sbFLAGS_IS_BATCHING_BUFFER,ANY(0),syscall.c,_lseek,483
sbBYTES_TO_STORE_MESSAGE_LENGTH,int(0),syscall.c,_isatty,484
configNUMBER_OF_CORES,ANY(0),syscall.c,_exit,485
portNVIC_SYSTICK_CTRL_REG,ANY(1),syscall.c,_kill,486
portCLEAR_INTERRUPT_MASK_FROM_ISR,ANY(1),syscall.c,_getpid,487
heapBLOCK_SIZE_IS_VALID,ANY(0),<includes>,<includes>:<global>,488
pdFALSE,ANY(0),/home/zwz/FreeRTOS/FreeRTOS/Source/portable/MemMang/heap_4.c,/home/zwz/FreeRTOS/FreeRTOS/Source/portable/MemMang/heap_4.c:heapPROTECT_BLOCK_POINTER:ANY(1),489
tmrSTATUS_IS_ACTIVE,ANY(0),/home/zwz/FreeRTOS/FreeRTOS/Source/timers.c,/home/zwz/FreeRTOS/FreeRTOS/Source/include/queue.h:xQueueSendToBackFromISR:ANY(3),490
configSYSTICK_CLOCK_HZ,ANY(0),/home/zwz/FreeRTOS/FreeRTOS/Source/portable/GCC/ARM_CM3_MPU/port.c,/home/zwz/FreeRTOS/FreeRTOS/Source/include/task.h:tskMPU_WRITE_PERMISSION:ANY(0),491
eventUNBLOCKED_DUE_TO_BIT_SET,ANY(0),/home/zwz/FreeRTOS/FreeRTOS/Source/portable/Common/mpu_wrappers_v2.c,/home/zwz/FreeRTOS/FreeRTOS/Source/portable/Common/mpu_wrappers_v2.c:mpuMULTIPLY_UINT32_WILL_OVERFLOW:ANY(2),492
eventEVENT_BITS_CONTROL_BYTES,ANY(0),/home/zwz/FreeRTOS/FreeRTOS/Source/timers.c,/home/zwz/FreeRTOS/FreeRTOS/Source/include/timers.h:tmrCOMMAND_START:ANY(0),493
portENABLE_INTERRUPTS,ANY(0),/home/zwz/FreeRTOS/FreeRTOS/Source/portable/GCC/ARM_CM3_MPU/port.c,/home/zwz/FreeRTOS/FreeRTOS/Source/portable/GCC/ARM_CM3_MPU/port.c:portADD_UINT32_WILL_OVERFLOW:ANY(2),494
portUNPRIVILEGED_FLASH_REGION,ANY(0),mpu_demo.c,/home/zwz/FreeRTOS/FreeRTOS/Source/portable/GCC/ARM_CM3_MPU/portmacro.h:portMPU_REGION_EXECUTE_NEVER:ANY(0),495
portPRIGROUP_SHIFT,ANY(1),/home/zwz/FreeRTOS/FreeRTOS/Source/portable/MemMang/heap_4.c,/home/zwz/FreeRTOS/FreeRTOS/Source/portable/MemMang/heap_4.c:heapPROTECT_BLOCK_POINTER:A_BLOCK_LINK*(1),496
heapVALIDATE_BLOCK_POINTER,ANY(1),/home/zwz/FreeRTOS/FreeRTOS/Source/portable/GCC/ARM_CM3_MPU/port.c,/home/zwz/FreeRTOS/FreeRTOS/Source/portable/GCC/ARM_CM3_MPU/port.c:portNVIC_SYSTICK_CLK:ANY(0),497
prvAddTaskToReadyList,int(0),/home/zwz/FreeRTOS/FreeRTOS/Source/timers.c,/home/zwz/FreeRTOS/FreeRTOS/Source/include/list.h:listLIST_IS_EMPTY:ANY(1),498
configTASK_NOTIFICATION_ARRAY_ENTRIES,ANY(0),/home/zwz/FreeRTOS/FreeRTOS/Source/portable/GCC/ARM_CM3_MPU/port.c,/home/zwz/FreeRTOS/FreeRTOS/Source/portable/GCC/ARM_CM3_MPU/port.c:portNVIC_SYSTICK_INT:ANY(0),499
tskDYNAMICALLY_ALLOCATED_STACK_AND_TCB,ANY(0),/home/zwz/FreeRTOS/FreeRTOS/Source/event_groups.c,/home/zwz/FreeRTOS/FreeRTOS/Source/include/event_groups.h:eventCLEAR_EVENTS_ON_EXIT_BIT:ANY(0),500
portNVIC_SYS_CTRL_STATE_REG,ANY(0),/home/zwz/FreeRTOS/FreeRTOS/Source/stream_buffer.c,/home/zwz/FreeRTOS/FreeRTOS/Source/stream_buffer.c:sbFLAGS_IS_BATCHING_BUFFER:ANY(0),501
portMAX_DELAY,ANY(1),/home/zwz/FreeRTOS/FreeRTOS/Source/stream_buffer.c,/home/zwz/FreeRTOS/FreeRTOS/Source/stream_buffer.c:sbBYTES_TO_STORE_MESSAGE_LENGTH:ANY(0),502
portTASK_SWITCH_HOOK,ANY(5),/home/zwz/FreeRTOS/FreeRTOS/Source/tasks.c,/home/zwz/FreeRTOS/FreeRTOS/Source/include/FreeRTOS.h:configNUMBER_OF_CORES:int(0),503
xTaskNotifyIndexedFromISR,ANY(1),/home/zwz/FreeRTOS/FreeRTOS/Source/portable/GCC/ARM_CM3_MPU/port.c,/home/zwz/FreeRTOS/FreeRTOS/Source/portable/GCC/ARM_CM3_MPU/port.c:portNVIC_SYSTICK_CTRL_REG:ANY(0),504
portTICK_TYPE_CLEAR_INTERRUPT_MASK_FROM_ISR,ANY(0),/home/zwz/FreeRTOS/FreeRTOS/Source/portable/GCC/ARM_CM3_MPU/port.c,/home/zwz/FreeRTOS/FreeRTOS/Source/portable/GCC/ARM_CM3_MPU/portmacro.h:portCLEAR_INTERRUPT_MASK_FROM_ISR:ANY(1),505
queueUNLOCKED,ANY(0),/home/zwz/FreeRTOS/FreeRTOS/Source/portable/MemMang/heap_4.c,/home/zwz/FreeRTOS/FreeRTOS/Source/portable/MemMang/heap_4.c:heapBLOCK_SIZE_IS_VALID:ANY(1),506
portMEMORY_BARRIER,ANY(1),/home/zwz/FreeRTOS/FreeRTOS/Source/event_groups.c,/home/zwz/FreeRTOS/FreeRTOS/Source/include/projdefs.h:pdFALSE:ANY(0),507
pdMS_TO_TICKS,ANY(0),/home/zwz/FreeRTOS/FreeRTOS/Source/timers.c,/home/zwz/FreeRTOS/FreeRTOS/Source/timers.c:tmrSTATUS_IS_ACTIVE:ANY(0),508
portDISABLE_INTERRUPTS,ANY(0),/home/zwz/FreeRTOS/FreeRTOS/Source/portable/GCC/ARM_CM3_MPU/port.c,/home/zwz/FreeRTOS/FreeRTOS/Source/portable/GCC/ARM_CM3_MPU/port.c:configSYSTICK_CLOCK_HZ:ANY(0),509
portBASE_TYPE_ENTER_CRITICAL,int(0),/home/zwz/FreeRTOS/FreeRTOS/Source/event_groups.c,/home/zwz/FreeRTOS/FreeRTOS/Source/include/event_groups.h:eventUNBLOCKED_DUE_TO_BIT_SET:ANY(0),510
configINITIAL_TICK_COUNT,ANY(0),/home/zwz/FreeRTOS/FreeRTOS/Source/event_groups.c,/home/zwz/FreeRTOS/FreeRTOS/Source/include/event_groups.h:eventEVENT_BITS_CONTROL_BYTES:ANY(0),511
queueYIELD_IF_USING_PREEMPTION,ANY(0),/home/zwz/FreeRTOS/FreeRTOS/Source/portable/GCC/ARM_CM3_MPU/port.c,/home/zwz/FreeRTOS/FreeRTOS/Source/portable/GCC/ARM_CM3_MPU/portmacro.h:portENABLE_INTERRUPTS:ANY(0),512
portMPU_REGION_CACHEABLE_BUFFERABLE,ANY(3),/home/zwz/FreeRTOS/FreeRTOS/Source/portable/GCC/ARM_CM3_MPU/port.c,/home/zwz/FreeRTOS/FreeRTOS/Source/portable/GCC/ARM_CM3_MPU/portmacro.h:portUNPRIVILEGED_FLASH_REGION:ANY(0),513
xQueueSendToBack,int(0),/home/zwz/FreeRTOS/FreeRTOS/Source/portable/GCC/ARM_CM3_MPU/port.c,/home/zwz/FreeRTOS/FreeRTOS/Source/portable/GCC/ARM_CM3_MPU/port.c:portPRIGROUP_SHIFT:ANY(0),514
portTICK_TYPE_SET_INTERRUPT_MASK_FROM_ISR,ANY(0),/home/zwz/FreeRTOS/FreeRTOS/Source/portable/MemMang/heap_4.c,/home/zwz/FreeRTOS/FreeRTOS/Source/portable/MemMang/heap_4.c:heapVALIDATE_BLOCK_POINTER:ANY(1),515
eventWAIT_FOR_ALL_BITS,ANY(0),/home/zwz/FreeRTOS/FreeRTOS/Source/tasks.c,/home/zwz/FreeRTOS/FreeRTOS/Source/tasks.c:prvAddTaskToReadyList:ANY(1),516
tmrFIRST_FROM_ISR_COMMAND,ANY(2),/home/zwz/FreeRTOS/FreeRTOS/Source/tasks.c,/home/zwz/FreeRTOS/FreeRTOS/Source/include/FreeRTOS.h:configTASK_NOTIFICATION_ARRAY_ENTRIES:int(0),517
prvIncrementQueueRxLock,ANY(4),/home/zwz/FreeRTOS/FreeRTOS/Source/tasks.c,/home/zwz/FreeRTOS/FreeRTOS/Source/tasks.c:tskDYNAMICALLY_ALLOCATED_STACK_AND_TCB:ANY(0),518
xQueueCreateStatic,ANY(0),/home/zwz/FreeRTOS/FreeRTOS/Source/portable/GCC/ARM_CM3_MPU/port.c,/home/zwz/FreeRTOS/FreeRTOS/Source/portable/GCC/ARM_CM3_MPU/port.c:portNVIC_SYS_CTRL_STATE_REG:ANY(0),519
taskNOT_WAITING_NOTIFICATION,ANY(0),/home/zwz/FreeRTOS/FreeRTOS/Source/list.c,/home/zwz/FreeRTOS/FreeRTOS/Source/portable/GCC/ARM_CM3_MPU/portmacro.h:portMAX_DELAY:ANY(0),520
portPRIVILEGED_FLASH_REGION,ANY(0),/home/zwz/FreeRTOS/FreeRTOS/Source/tasks.c,/home/zwz/FreeRTOS/FreeRTOS/Source/include/FreeRTOS.h:portTASK_SWITCH_HOOK:ANY(1),521
queueQUEUE_IS_MUTEX,ANY(0),/home/zwz/FreeRTOS/FreeRTOS/Source/stream_buffer.c,/home/zwz/FreeRTOS/FreeRTOS/Source/include/task.h:xTaskNotifyIndexedFromISR:ANY(5),522
taskYIELD_WITHIN_API,ANY(0),/home/zwz/FreeRTOS/FreeRTOS/Source/tasks.c,/home/zwz/FreeRTOS/FreeRTOS/Source/include/FreeRTOS.h:portTICK_TYPE_CLEAR_INTERRUPT_MASK_FROM_ISR:ANY(1),523
portOFFSET_TO_PSR,ANY(0),/home/zwz/FreeRTOS/FreeRTOS/Source/queue.c,/home/zwz/FreeRTOS/FreeRTOS/Source/queue.c:queueUNLOCKED:ANY(0),524
pdPASS,unsigned longint(0),/home/zwz/FreeRTOS/FreeRTOS/Source/tasks.c,/home/zwz/FreeRTOS/FreeRTOS/Source/portable/GCC/ARM_CM3_MPU/portmacro.h:portMEMORY_BARRIER:ANY(0),525
portPERIPHERALS_START_ADDRESS,ANY(0),mpu_demo.c,/home/zwz/FreeRTOS/FreeRTOS/Source/include/projdefs.h:pdMS_TO_TICKS:ANY(1),526
portMPU_REGION_READ_WRITE,ANY(0),/home/zwz/FreeRTOS/FreeRTOS/Source/portable/GCC/ARM_CM3_MPU/port.c,/home/zwz/FreeRTOS/FreeRTOS/Source/portable/GCC/ARM_CM3_MPU/portmacro.h:portDISABLE_INTERRUPTS:ANY(0),527
pvPortMallocStack,ANY(1),/home/zwz/FreeRTOS/FreeRTOS/Source/timers.c,/home/zwz/FreeRTOS/FreeRTOS/Source/include/portable.h:portBASE_TYPE_ENTER_CRITICAL:ANY(0),528
listGET_LIST_ITEM_OWNER,ANY(0),/home/zwz/FreeRTOS/FreeRTOS/Source/tasks.c,/home/zwz/FreeRTOS/FreeRTOS/Source/include/FreeRTOS.h:configINITIAL_TICK_COUNT:int(0),529
xQueueReceive,ANY(0),/home/zwz/FreeRTOS/FreeRTOS/Source/queue.c,/home/zwz/FreeRTOS/FreeRTOS/Source/queue.c:queueYIELD_IF_USING_PREEMPTION:ANY(0),530
portMPU_TYPE_REG,ANY(0),/home/zwz/FreeRTOS/FreeRTOS/Source/portable/GCC/ARM_CM3_MPU/port.c,/home/zwz/FreeRTOS/FreeRTOS/Source/portable/GCC/ARM_CM3_MPU/portmacro.h:portMPU_REGION_CACHEABLE_BUFFERABLE:ANY(0),531
errQUEUE_FULL,int(0),/home/zwz/FreeRTOS/FreeRTOS/Source/timers.c,/home/zwz/FreeRTOS/FreeRTOS/Source/include/queue.h:xQueueSendToBack:ANY(3),532
NUM_SYSTEM_CALLS,ANY(0),/home/zwz/FreeRTOS/FreeRTOS/Source/tasks.c,/home/zwz/FreeRTOS/FreeRTOS/Source/include/FreeRTOS.h:portTICK_TYPE_SET_INTERRUPT_MASK_FROM_ISR:int(0),533
tskIDLE_PRIORITY,ANY(0),/home/zwz/FreeRTOS/FreeRTOS/Source/event_groups.c,/home/zwz/FreeRTOS/FreeRTOS/Source/include/event_groups.h:eventWAIT_FOR_ALL_BITS:ANY(0),534
KERNEL_OBJECT_TYPE_INVALID,ANY(0),/home/zwz/FreeRTOS/FreeRTOS/Source/timers.c,/home/zwz/FreeRTOS/FreeRTOS/Source/include/timers.h:tmrFIRST_FROM_ISR_COMMAND:ANY(0),535
tmrCOMMAND_STOP,ANY(0),/home/zwz/FreeRTOS/FreeRTOS/Source/queue.c,/home/zwz/FreeRTOS/FreeRTOS/Source/queue.c:prvIncrementQueueRxLock:ANY(2),536
configSTACK_DEPTH_TYPE,ANY(0),/home/zwz/FreeRTOS/FreeRTOS/Source/timers.c,/home/zwz/FreeRTOS/FreeRTOS/Source/include/queue.h:xQueueCreateStatic:ANY(4),537
portNVIC_PENDSVSET_BIT,char*(0),/home/zwz/FreeRTOS/FreeRTOS/Source/tasks.c,/home/zwz/FreeRTOS/FreeRTOS/Source/tasks.c:taskNOT_WAITING_NOTIFICATION:ANY(0),538
configTIMER_SERVICE_TASK_NAME,ANY(0),/home/zwz/FreeRTOS/FreeRTOS/Source/portable/GCC/ARM_CM3_MPU/port.c,/home/zwz/FreeRTOS/FreeRTOS/Source/portable/GCC/ARM_CM3_MPU/portmacro.h:portPRIVILEGED_FLASH_REGION:ANY(0),539
portSTART_ADDRESS_MASK,ANY(2),/home/zwz/FreeRTOS/FreeRTOS/Source/queue.c,/home/zwz/FreeRTOS/FreeRTOS/Source/queue.c:queueQUEUE_IS_MUTEX:ANY(0),540
configMIN,ANY(0),/home/zwz/FreeRTOS/FreeRTOS/Source/event_groups.c,/home/zwz/FreeRTOS/FreeRTOS/Source/include/task.h:taskYIELD_WITHIN_API:ANY(0),541
sbTYPE_STREAM_BATCHING_BUFFER,ANY(0),/home/zwz/FreeRTOS/FreeRTOS/Source/portable/GCC/ARM_CM3_MPU/port.c,/home/zwz/FreeRTOS/FreeRTOS/Source/portable/GCC/ARM_CM3_MPU/port.c:portOFFSET_TO_PSR:ANY(0),542
taskSWITCH_DELAYED_LISTS,ANY(0),/home/zwz/FreeRTOS/FreeRTOS/Source/timers.c,/home/zwz/FreeRTOS/FreeRTOS/Source/include/projdefs.h:pdPASS:ANY(0),543
portMPU_REGION_BASE_ADDRESS_REG,ANY(1),/home/zwz/FreeRTOS/FreeRTOS/Source/portable/GCC/ARM_CM3_MPU/port.c,/home/zwz/FreeRTOS/FreeRTOS/Source/portable/GCC/ARM_CM3_MPU/port.c:portPERIPHERALS_START_ADDRESS:unsigned longint(0),544
listCURRENT_LIST_LENGTH,ANY(0),mpu_demo.c,/home/zwz/FreeRTOS/FreeRTOS/Source/portable/GCC/ARM_CM3_MPU/portmacro.h:portMPU_REGION_READ_WRITE:ANY(0),545
errQUEUE_EMPTY,ANY(0),/home/zwz/FreeRTOS/FreeRTOS/Source/tasks.c,/home/zwz/FreeRTOS/FreeRTOS/Source/include/portable.h:pvPortMallocStack:ANY(0),546
portNVIC_INT_CTRL_REG,ANY(0),/home/zwz/FreeRTOS/FreeRTOS/Source/tasks.c,/home/zwz/FreeRTOS/FreeRTOS/Source/include/list.h:listGET_LIST_ITEM_OWNER:ANY(1),547
portOFFSET_TO_LR,ANY(0),fuzz_harness.c,/home/zwz/FreeRTOS/FreeRTOS/Source/include/mpu_wrappers.h:xQueueReceive:ANY(0),548
configTIMER_TASK_STACK_DEPTH,ANY(0),/home/zwz/FreeRTOS/FreeRTOS/Source/portable/GCC/ARM_CM3_MPU/port.c,/home/zwz/FreeRTOS/FreeRTOS/Source/portable/GCC/ARM_CM3_MPU/port.c:portMPU_TYPE_REG:ANY(0),549
errCOULD_NOT_ALLOCATE_REQUIRED_MEMORY,ANY(0),/home/zwz/FreeRTOS/FreeRTOS/Source/queue.c,/home/zwz/FreeRTOS/FreeRTOS/Source/include/projdefs.h:errQUEUE_FULL:ANY(0),550
portNUM_CONFIGURABLE_REGIONS,ANY(0),/home/zwz/FreeRTOS/FreeRTOS/Source/portable/GCC/ARM_CM3_MPU/port.c,/home/zwz/FreeRTOS/FreeRTOS/Source/include/mpu_syscall_numbers.h:NUM_SYSTEM_CALLS:int(0),551
portINITIAL_EXC_RETURN,int(0),mpu_demo.c,/home/zwz/FreeRTOS/FreeRTOS/Source/include/task.h:tskIDLE_PRIORITY:ANY(0),552
configMAX_SYSCALL_INTERRUPT_PRIORITY,ANY(1),/home/zwz/FreeRTOS/FreeRTOS/Source/portable/Common/mpu_wrappers_v2.c,/home/zwz/FreeRTOS/FreeRTOS/Source/portable/Common/mpu_wrappers_v2.c:KERNEL_OBJECT_TYPE_INVALID:ANY(0),553
MPU_GetIndexForTaskHandle,int(0),/home/zwz/FreeRTOS/FreeRTOS/Source/timers.c,/home/zwz/FreeRTOS/FreeRTOS/Source/include/timers.h:tmrCOMMAND_STOP:ANY(0),554
portGET_CORE_ID,ANY(0),/home/zwz/FreeRTOS/FreeRTOS/Source/portable/Common/mpu_wrappers_v2.c,/home/zwz/FreeRTOS/FreeRTOS/Source/include/portable.h:configSTACK_DEPTH_TYPE:ANY(0),555
tmrCOMMAND_STOP_FROM_ISR,ANY(0),/home/zwz/FreeRTOS/FreeRTOS/Source/portable/GCC/ARM_CM3_MPU/port.c,/home/zwz/FreeRTOS/FreeRTOS/Source/portable/GCC/ARM_CM3_MPU/portmacro.h:portNVIC_PENDSVSET_BIT:ANY(0),556
portFIRST_USER_INTERRUPT_NUMBER,ANY(0),/home/zwz/FreeRTOS/FreeRTOS/Source/timers.c,/home/zwz/FreeRTOS/FreeRTOS/Source/timers.c:configTIMER_SERVICE_TASK_NAME:char*(0),557
portPRIORITY_GROUP_MASK,ANY(0),/home/zwz/FreeRTOS/FreeRTOS/Source/portable/GCC/ARM_CM3_MPU/port.c,/home/zwz/FreeRTOS/FreeRTOS/Source/portable/GCC/ARM_CM3_MPU/port.c:portSTART_ADDRESS_MASK:ANY(0),558
portASSERT_IF_INTERRUPT_PRIORITY_INVALID,ANY(1),/home/zwz/FreeRTOS/FreeRTOS/Source/stream_buffer.c,/home/zwz/FreeRTOS/FreeRTOS/Source/include/FreeRTOS.h:configMIN:ANY(2),559
IS_EXTERNAL_INDEX_VALID,ANY(1),/home/zwz/FreeRTOS/FreeRTOS/Source/stream_buffer.c,/home/zwz/FreeRTOS/FreeRTOS/Source/include/stream_buffer.h:sbTYPE_STREAM_BATCHING_BUFFER:ANY(0),560
heapALLOCATE_BLOCK,ANY(0),/home/zwz/FreeRTOS/FreeRTOS/Source/tasks.c,/home/zwz/FreeRTOS/FreeRTOS/Source/tasks.c:taskSWITCH_DELAYED_LISTS:ANY(0),561
taskNOTIFICATION_RECEIVED,ANY(0),/home/zwz/FreeRTOS/FreeRTOS/Source/portable/GCC/ARM_CM3_MPU/port.c,/home/zwz/FreeRTOS/FreeRTOS/Source/portable/GCC/ARM_CM3_MPU/port.c:portMPU_REGION_BASE_ADDRESS_REG:ANY(0),562
sbFLAGS_IS_MESSAGE_BUFFER,ANY(0),/home/zwz/FreeRTOS/FreeRTOS/Source/event_groups.c,/home/zwz/FreeRTOS/FreeRTOS/Source/include/list.h:listCURRENT_LIST_LENGTH:ANY(1),563
tskMPU_READ_PERMISSION,ANY(1),/home/zwz/FreeRTOS/FreeRTOS/Source/queue.c,/home/zwz/FreeRTOS/FreeRTOS/Source/include/projdefs.h:errQUEUE_EMPTY:ANY(0),564
MPU_GetTaskHandleAtIndex,ANY(0),/home/zwz/FreeRTOS/FreeRTOS/Source/portable/GCC/ARM_CM3_MPU/port.c,/home/zwz/FreeRTOS/FreeRTOS/Source/portable/GCC/ARM_CM3_MPU/portmacro.h:portNVIC_INT_CTRL_REG:ANY(0),565
tmrCOMMAND_RESET_FROM_ISR,ANY(2),/home/zwz/FreeRTOS/FreeRTOS/Source/portable/GCC/ARM_CM3_MPU/port.c,/home/zwz/FreeRTOS/FreeRTOS/Source/portable/GCC/ARM_CM3_MPU/port.c:portOFFSET_TO_LR:ANY(0),566
prvRECEIVE_COMPLETED_FROM_ISR,ANY(0),app_main.c,/home/zwz/FreeRTOS/FreeRTOS/Source/include/FreeRTOSConfig.h:configTIMER_TASK_STACK_DEPTH:ANY(0),567
configTIMER_TASK_PRIORITY,ANY(1),/home/zwz/FreeRTOS/FreeRTOS/Source/tasks.c,/home/zwz/FreeRTOS/FreeRTOS/Source/include/projdefs.h:errCOULD_NOT_ALLOCATE_REQUIRED_MEMORY:ANY(0),568
listGET_HEAD_ENTRY,ANY(0),/home/zwz/FreeRTOS/FreeRTOS/Source/portable/GCC/ARM_CM3_MPU/port.c,/home/zwz/FreeRTOS/FreeRTOS/Source/portable/GCC/ARM_CM3_MPU/portmacro.h:portNUM_CONFIGURABLE_REGIONS:ANY(0),569
portPSR_STACK_PADDING_MASK,ANY(0),/home/zwz/FreeRTOS/FreeRTOS/Source/portable/GCC/ARM_CM3_MPU/port.c,/home/zwz/FreeRTOS/FreeRTOS/Source/portable/GCC/ARM_CM3_MPU/port.c:portINITIAL_EXC_RETURN:ANY(0),570
taskENTER_CRITICAL,ANY(0),/home/zwz/FreeRTOS/FreeRTOS/Source/portable/GCC/ARM_CM3_MPU/port.c,/home/zwz/FreeRTOS/FreeRTOS/Source/include/FreeRTOSConfig.h:configMAX_SYSCALL_INTERRUPT_PRIORITY:int(0),571
vPortFreeStack,ANY(0),/home/zwz/FreeRTOS/FreeRTOS/Source/portable/Common/mpu_wrappers_v2.c,/home/zwz/FreeRTOS/FreeRTOS/Source/portable/Common/mpu_wrappers_v2.c:MPU_GetIndexForTaskHandle:ANY(1),572
pdTRUE,ANY(0),/home/zwz/FreeRTOS/FreeRTOS/Source/tasks.c,/home/zwz/FreeRTOS/FreeRTOS/Source/include/FreeRTOS.h:portGET_CORE_ID:int(0),573
heapMINIMUM_BLOCK_SIZE,ANY(0),/home/zwz/FreeRTOS/FreeRTOS/Source/timers.c,/home/zwz/FreeRTOS/FreeRTOS/Source/include/timers.h:tmrCOMMAND_STOP_FROM_ISR:ANY(0),574
portBYTE_ALIGNMENT_MASK,unsigned int(0),/home/zwz/FreeRTOS/FreeRTOS/Source/portable/GCC/ARM_CM3_MPU/port.c,/home/zwz/FreeRTOS/FreeRTOS/Source/portable/GCC/ARM_CM3_MPU/port.c:portFIRST_USER_INTERRUPT_NUMBER:ANY(0),575
tskSTACK_FILL_BYTE,ANY(0),/home/zwz/FreeRTOS/FreeRTOS/Source/portable/GCC/ARM_CM3_MPU/port.c,/home/zwz/FreeRTOS/FreeRTOS/Source/portable/GCC/ARM_CM3_MPU/port.c:portPRIORITY_GROUP_MASK:ANY(0),576
portNVIC_PENDSV_PRI,unsigned int(0),/home/zwz/FreeRTOS/FreeRTOS/Source/queue.c,/home/zwz/FreeRTOS/FreeRTOS/Source/portable/GCC/ARM_CM3_MPU/portmacro.h:portASSERT_IF_INTERRUPT_PRIORITY_INVALID:ANY(0),577
tmrSTATUS_IS_STATICALLY_ALLOCATED,ANY(0),/home/zwz/FreeRTOS/FreeRTOS/Source/portable/Common/mpu_wrappers_v2.c,/home/zwz/FreeRTOS/FreeRTOS/Source/portable/Common/mpu_wrappers_v2.c:IS_EXTERNAL_INDEX_VALID:ANY(1),578
portINITIAL_CONTROL_IF_UNPRIVILEGED,ANY(1),/home/zwz/FreeRTOS/FreeRTOS/Source/portable/MemMang/heap_4.c,/home/zwz/FreeRTOS/FreeRTOS/Source/portable/MemMang/heap_4.c:heapALLOCATE_BLOCK:ANY(1),579
CONVERT_TO_EXTERNAL_INDEX,ANY(2),/home/zwz/FreeRTOS/FreeRTOS/Source/tasks.c,/home/zwz/FreeRTOS/FreeRTOS/Source/tasks.c:taskNOTIFICATION_RECEIVED:ANY(0),580
listSET_LIST_ITEM_VALUE,ANY(0),/home/zwz/FreeRTOS/FreeRTOS/Source/stream_buffer.c,/home/zwz/FreeRTOS/FreeRTOS/Source/stream_buffer.c:sbFLAGS_IS_MESSAGE_BUFFER:ANY(0),581
xTaskCreateRestricted,ANY(2),/home/zwz/FreeRTOS/FreeRTOS/Source/portable/GCC/ARM_CM3_MPU/port.c,/home/zwz/FreeRTOS/FreeRTOS/Source/include/task.h:tskMPU_READ_PERMISSION:ANY(0),582
MPU_StoreTaskHandleAtIndex,ANY(0),/home/zwz/FreeRTOS/FreeRTOS/Source/portable/Common/mpu_wrappers_v2.c,/home/zwz/FreeRTOS/FreeRTOS/Source/portable/Common/mpu_wrappers_v2.c:MPU_GetTaskHandleAtIndex:ANY(1),583
portYIELD_WITHIN_API,ANY(0),/home/zwz/FreeRTOS/FreeRTOS/Source/timers.c,/home/zwz/FreeRTOS/FreeRTOS/Source/include/timers.h:tmrCOMMAND_RESET_FROM_ISR:ANY(0),584
portMAX_8_BIT_VALUE,int(0),/home/zwz/FreeRTOS/FreeRTOS/Source/stream_buffer.c,/home/zwz/FreeRTOS/FreeRTOS/Source/stream_buffer.c:prvRECEIVE_COMPLETED_FROM_ISR:ANY(2),585
configQUEUE_REGISTRY_SIZE,unsigned longint(0),/home/zwz/FreeRTOS/FreeRTOS/Source/timers.c,/home/zwz/FreeRTOS/FreeRTOS/Source/include/FreeRTOSConfig.h:configTIMER_TASK_PRIORITY:ANY(0),586
portPERIPHERALS_END_ADDRESS,ANY(0),/home/zwz/FreeRTOS/FreeRTOS/Source/event_groups.c,/home/zwz/FreeRTOS/FreeRTOS/Source/include/list.h:listGET_HEAD_ENTRY:ANY(1),587
portMPU_REGION_ENABLE,ANY(0),/home/zwz/FreeRTOS/FreeRTOS/Source/portable/GCC/ARM_CM3_MPU/port.c,/home/zwz/FreeRTOS/FreeRTOS/Source/portable/GCC/ARM_CM3_MPU/port.c:portPSR_STACK_PADDING_MASK:ANY(0),588
portPRIVILEGE_BIT,ANY(1),main.c,/home/zwz/FreeRTOS/FreeRTOS/Source/include/task.h:taskENTER_CRITICAL:ANY(0),589
portSETUP_TCB,ANY(0),/home/zwz/FreeRTOS/FreeRTOS/Source/tasks.c,/home/zwz/FreeRTOS/FreeRTOS/Source/include/portable.h:vPortFreeStack:ANY(0),590
portTOTAL_NUM_REGIONS_IN_TCB,ANY(0),/home/zwz/FreeRTOS/FreeRTOS/Source/event_groups.c,/home/zwz/FreeRTOS/FreeRTOS/Source/include/projdefs.h:pdTRUE:ANY(0),591
taskSCHEDULER_NOT_STARTED,ANY(0),/home/zwz/FreeRTOS/FreeRTOS/Source/portable/MemMang/heap_4.c,/home/zwz/FreeRTOS/FreeRTOS/Source/portable/MemMang/heap_4.c:heapMINIMUM_BLOCK_SIZE:ANY(0),592
portNVIC_SYSTICK_LOAD_REG,ANY(1),/home/zwz/FreeRTOS/FreeRTOS/Source/portable/MemMang/heap_4.c,/home/zwz/FreeRTOS/FreeRTOS/Source/include/portable.h:portBYTE_ALIGNMENT_MASK:ANY(0),593
taskYIELD_ANY_CORE_IF_USING_PREEMPTION,int(0),/home/zwz/FreeRTOS/FreeRTOS/Source/tasks.c,/home/zwz/FreeRTOS/FreeRTOS/Source/tasks.c:tskSTACK_FILL_BYTE:unsigned int(0),594
MAX_FUZZ_INPUT_SIZE,ANY(0),/home/zwz/FreeRTOS/FreeRTOS/Source/portable/GCC/ARM_CM3_MPU/port.c,/home/zwz/FreeRTOS/FreeRTOS/Source/portable/GCC/ARM_CM3_MPU/port.c:portNVIC_PENDSV_PRI:ANY(0),595
taskSCHEDULER_RUNNING,int(0),/home/zwz/FreeRTOS/FreeRTOS/Source/timers.c,/home/zwz/FreeRTOS/FreeRTOS/Source/timers.c:tmrSTATUS_IS_STATICALLY_ALLOCATED:unsigned int(0),596
portBYTE_ALIGNMENT_MASK,ANY(0),/home/zwz/FreeRTOS/FreeRTOS/Source/portable/GCC/ARM_CM3_MPU/port.c,/home/zwz/FreeRTOS/FreeRTOS/Source/portable/GCC/ARM_CM3_MPU/port.c:portINITIAL_CONTROL_IF_UNPRIVILEGED:ANY(0),597
configMAX_TASK_NAME_LEN,ANY(1),/home/zwz/FreeRTOS/FreeRTOS/Source/portable/Common/mpu_wrappers_v2.c,/home/zwz/FreeRTOS/FreeRTOS/Source/portable/Common/mpu_wrappers_v2.c:CONVERT_TO_EXTERNAL_INDEX:ANY(1),598
listLIST_ITEM_CONTAINER,ANY(2),/home/zwz/FreeRTOS/FreeRTOS/Source/timers.c,/home/zwz/FreeRTOS/FreeRTOS/Source/include/list.h:listSET_LIST_ITEM_VALUE:ANY(2),599
listSET_LIST_ITEM_OWNER,ANY(0),mpu_demo.c,/home/zwz/FreeRTOS/FreeRTOS/Source/include/mpu_wrappers.h:xTaskCreateRestricted:ANY(0),600
portMPU_CTRL_REG,ANY(0),/home/zwz/FreeRTOS/FreeRTOS/Source/portable/Common/mpu_wrappers_v2.c,/home/zwz/FreeRTOS/FreeRTOS/Source/portable/Common/mpu_wrappers_v2.c:MPU_StoreTaskHandleAtIndex:ANY(2),601
configIDLE_TASK_NAME,ANY(0),/home/zwz/FreeRTOS/FreeRTOS/Source/tasks.c,/home/zwz/FreeRTOS/FreeRTOS/Source/portable/GCC/ARM_CM3_MPU/portmacro.h:portYIELD_WITHIN_API:ANY(0),602
portMPU_REGION_READ_ONLY,ANY(0),/home/zwz/FreeRTOS/FreeRTOS/Source/portable/GCC/ARM_CM3_MPU/port.c,/home/zwz/FreeRTOS/FreeRTOS/Source/portable/GCC/ARM_CM3_MPU/port.c:portMAX_8_BIT_VALUE:ANY(0),603
configMINIMAL_STACK_SIZE,ANY(0),/home/zwz/FreeRTOS/FreeRTOS/Source/queue.c,/home/zwz/FreeRTOS/FreeRTOS/Source/include/FreeRTOSConfig.h:configQUEUE_REGISTRY_SIZE:int(0),604
configTICK_RATE_HZ,ANY(0),/home/zwz/FreeRTOS/FreeRTOS/Source/portable/GCC/ARM_CM3_MPU/port.c,/home/zwz/FreeRTOS/FreeRTOS/Source/portable/GCC/ARM_CM3_MPU/port.c:portPERIPHERALS_END_ADDRESS:unsigned longint(0),605
portMPU_REGION_PRIVILEGED_READ_WRITE_UNPRIV_READ_ONLY,ANY(0),/home/zwz/FreeRTOS/FreeRTOS/Source/portable/GCC/ARM_CM3_MPU/port.c,/home/zwz/FreeRTOS/FreeRTOS/Source/portable/GCC/ARM_CM3_MPU/port.c:portMPU_REGION_ENABLE:ANY(0),606
tmrCOMMAND_EXECUTE_CALLBACK,ANY(0),/home/zwz/FreeRTOS/FreeRTOS/Source/timers.c,/home/zwz/FreeRTOS/FreeRTOS/Source/portable/GCC/ARM_CM3_MPU/portmacro.h:portPRIVILEGE_BIT:ANY(0),607
sbTYPE_MESSAGE_BUFFER,ANY(3),/home/zwz/FreeRTOS/FreeRTOS/Source/tasks.c,/home/zwz/FreeRTOS/FreeRTOS/Source/include/FreeRTOS.h:portSETUP_TCB:ANY(1),608
xQueueSend,ANY(1),/home/zwz/FreeRTOS/FreeRTOS/Source/portable/GCC/ARM_CM3_MPU/port.c,/home/zwz/FreeRTOS/FreeRTOS/Source/portable/GCC/ARM_CM3_MPU/portmacro.h:portTOTAL_NUM_REGIONS_IN_TCB:ANY(0),609
portCLEAN_UP_TCB,ANY(0),/home/zwz/FreeRTOS/FreeRTOS/Source/portable/Common/mpu_wrappers_v2.c,/home/zwz/FreeRTOS/FreeRTOS/Source/include/task.h:taskSCHEDULER_NOT_STARTED:ANY(0),610
portMPU_ENABLE,ANY(0),/home/zwz/FreeRTOS/FreeRTOS/Source/portable/GCC/ARM_CM3_MPU/port.c,/home/zwz/FreeRTOS/FreeRTOS/Source/portable/GCC/ARM_CM3_MPU/port.c:portNVIC_SYSTICK_LOAD_REG:ANY(0),611
queueOVERWRITE,ANY(2),/home/zwz/FreeRTOS/FreeRTOS/Source/tasks.c,/home/zwz/FreeRTOS/FreeRTOS/Source/tasks.c:taskYIELD_ANY_CORE_IF_USING_PREEMPTION:ANY(1),612
prvIncrementQueueTxLock,ANY(0),fuzz_harness.c,fuzz_harness.c:MAX_FUZZ_INPUT_SIZE:int(0),613
portSTACK_GROWTH,ANY(0),/home/zwz/FreeRTOS/FreeRTOS/Source/timers.c,/home/zwz/FreeRTOS/FreeRTOS/Source/include/task.h:taskSCHEDULER_RUNNING:ANY(0),614
queueSEMAPHORE_QUEUE_ITEM_LENGTH,ANY(0),/home/zwz/FreeRTOS/FreeRTOS/Source/portable/MemMang/heap_4.c,/home/zwz/FreeRTOS/FreeRTOS/Source/include/portable.h:portBYTE_ALIGNMENT_MASK:int(0),615
taskSELECT_HIGHEST_PRIORITY_TASK,ANY(0),/home/zwz/FreeRTOS/FreeRTOS/Source/tasks.c,/home/zwz/FreeRTOS/FreeRTOS/Source/include/FreeRTOSConfig.h:configMAX_TASK_NAME_LEN:ANY(0),616
tmrMAX_TIME_BEFORE_OVERFLOW,ANY(0),/home/zwz/FreeRTOS/FreeRTOS/Source/tasks.c,/home/zwz/FreeRTOS/FreeRTOS/Source/include/list.h:listLIST_ITEM_CONTAINER:ANY(1),617
portNVIC_SHPR2_REG,int(0),/home/zwz/FreeRTOS/FreeRTOS/Source/timers.c,/home/zwz/FreeRTOS/FreeRTOS/Source/include/list.h:listSET_LIST_ITEM_OWNER:ANY(2),618
portSVC_YIELD,UART_t*(0),/home/zwz/FreeRTOS/FreeRTOS/Source/portable/GCC/ARM_CM3_MPU/port.c,/home/zwz/FreeRTOS/FreeRTOS/Source/portable/GCC/ARM_CM3_MPU/port.c:portMPU_CTRL_REG:ANY(0),619
UART0_ADDR,ANY(0),/home/zwz/FreeRTOS/FreeRTOS/Source/tasks.c,/home/zwz/FreeRTOS/FreeRTOS/Source/tasks.c:configIDLE_TASK_NAME:ANY(0),620
portMAX_PRIGROUP_BITS,ANY(0),/home/zwz/FreeRTOS/FreeRTOS/Source/portable/GCC/ARM_CM3_MPU/port.c,/home/zwz/FreeRTOS/FreeRTOS/Source/portable/GCC/ARM_CM3_MPU/portmacro.h:portMPU_REGION_READ_ONLY:ANY(0),621
UART_CTRL_TX_EN,ANY(1),app_main.c,/home/zwz/FreeRTOS/FreeRTOS/Source/include/FreeRTOSConfig.h:configMINIMAL_STACK_SIZE:ANY(0),622
listGET_END_MARKER,ANY(1),/home/zwz/FreeRTOS/FreeRTOS/Source/portable/GCC/ARM_CM3_MPU/port.c,/home/zwz/FreeRTOS/FreeRTOS/Source/include/FreeRTOSConfig.h:configTICK_RATE_HZ:ANY(0),623
taskTASK_IS_RUNNING,ANY(0),mpu_demo.c,/home/zwz/FreeRTOS/FreeRTOS/Source/portable/GCC/ARM_CM3_MPU/portmacro.h:portMPU_REGION_PRIVILEGED_READ_WRITE_UNPRIV_READ_ONLY:ANY(0),624
portMPU_REGION_VALID,ANY(2),/home/zwz/FreeRTOS/FreeRTOS/Source/timers.c,/home/zwz/FreeRTOS/FreeRTOS/Source/include/timers.h:tmrCOMMAND_EXECUTE_CALLBACK:ANY(0),625
xTaskNotifyStateClearIndexed,ANY(2),/home/zwz/FreeRTOS/FreeRTOS/Source/stream_buffer.c,/home/zwz/FreeRTOS/FreeRTOS/Source/include/stream_buffer.h:sbTYPE_MESSAGE_BUFFER:ANY(0),626
MPU_StoreEventGroupHandleAtIndex,unsigned int(0),fuzz_harness.c,/home/zwz/FreeRTOS/FreeRTOS/Source/include/queue.h:xQueueSend:ANY(3),627
tmrSTATUS_IS_ACTIVE,ANY(0),/home/zwz/FreeRTOS/FreeRTOS/Source/tasks.c,/home/zwz/FreeRTOS/FreeRTOS/Source/include/FreeRTOS.h:portCLEAN_UP_TCB:ANY(1),628
taskSCHEDULER_SUSPENDED,ANY(2),/home/zwz/FreeRTOS/FreeRTOS/Source/portable/GCC/ARM_CM3_MPU/port.c,/home/zwz/FreeRTOS/FreeRTOS/Source/portable/GCC/ARM_CM3_MPU/port.c:portMPU_ENABLE:ANY(0),629
portIS_AUTHORIZED,ANY(0),/home/zwz/FreeRTOS/FreeRTOS/Source/queue.c,/home/zwz/FreeRTOS/FreeRTOS/Source/include/queue.h:queueOVERWRITE:ANY(0),630
portNVIC_SYSTICK_PRI,ANY(0),/home/zwz/FreeRTOS/FreeRTOS/Source/queue.c,/home/zwz/FreeRTOS/FreeRTOS/Source/queue.c:prvIncrementQueueTxLock:ANY(2),631
portNVIC_MEM_FAULT_ENABLE,ANY(0),/home/zwz/FreeRTOS/FreeRTOS/Source/tasks.c,/home/zwz/FreeRTOS/FreeRTOS/Source/portable/GCC/ARM_CM3_MPU/portmacro.h:portSTACK_GROWTH:ANY(0),632
sbFLAGS_IS_STATICALLY_ALLOCATED,ANY(0),/home/zwz/FreeRTOS/FreeRTOS/Source/queue.c,/home/zwz/FreeRTOS/FreeRTOS/Source/queue.c:queueSEMAPHORE_QUEUE_ITEM_LENGTH:ANY(0),633
configMAX_PRIORITIES,ANY(0),/home/zwz/FreeRTOS/FreeRTOS/Source/tasks.c,/home/zwz/FreeRTOS/FreeRTOS/Source/tasks.c:taskSELECT_HIGHEST_PRIORITY_TASK:ANY(0),634
taskENTER_CRITICAL_FROM_ISR,ANY(1),/home/zwz/FreeRTOS/FreeRTOS/Source/timers.c,/home/zwz/FreeRTOS/FreeRTOS/Source/timers.c:tmrMAX_TIME_BEFORE_OVERFLOW:ANY(0),635
MPU_GetTimerHandleAtIndex,ANY(0),/home/zwz/FreeRTOS/FreeRTOS/Source/portable/GCC/ARM_CM3_MPU/port.c,/home/zwz/FreeRTOS/FreeRTOS/Source/portable/GCC/ARM_CM3_MPU/port.c:portNVIC_SHPR2_REG:ANY(0),636
portMPU_BACKGROUND_ENABLE,ANY(0),/home/zwz/FreeRTOS/FreeRTOS/Source/portable/GCC/ARM_CM3_MPU/port.c,/home/zwz/FreeRTOS/FreeRTOS/Source/portable/GCC/ARM_CM3_MPU/portmacro.h:portSVC_YIELD:int(0),637
portNVIC_SHPR3_REG,ANY(0),syscall.c,syscall.c:UART0_ADDR:UART_t*(0),638
portSTACK_FRAME_HAS_PADDING_FLAG,ANY(2),/home/zwz/FreeRTOS/FreeRTOS/Source/portable/GCC/ARM_CM3_MPU/port.c,/home/zwz/FreeRTOS/FreeRTOS/Source/portable/GCC/ARM_CM3_MPU/port.c:portMAX_PRIGROUP_BITS:ANY(0),639
MPU_StoreStreamBufferHandleAtIndex,ANY(5),syscall.c,syscall.c:UART_CTRL_TX_EN:ANY(0),640
xTaskNotifyWaitIndexed,ANY(1),/home/zwz/FreeRTOS/FreeRTOS/Source/event_groups.c,/home/zwz/FreeRTOS/FreeRTOS/Source/include/list.h:listGET_END_MARKER:ANY(1),641
prvSEND_COMPLETED,ANY(0),/home/zwz/FreeRTOS/FreeRTOS/Source/tasks.c,/home/zwz/FreeRTOS/FreeRTOS/Source/tasks.c:taskTASK_IS_RUNNING:ANY(1),642
portNVIC_SYSTICK_CURRENT_VALUE_REG,ANY(0),/home/zwz/FreeRTOS/FreeRTOS/Source/portable/GCC/ARM_CM3_MPU/port.c,/home/zwz/FreeRTOS/FreeRTOS/Source/portable/GCC/ARM_CM3_MPU/port.c:portMPU_REGION_VALID:ANY(0),643
tmrCOMMAND_CHANGE_PERIOD_FROM_ISR,ANY(1),/home/zwz/FreeRTOS/FreeRTOS/Source/stream_buffer.c,/home/zwz/FreeRTOS/FreeRTOS/Source/include/task.h:xTaskNotifyStateClearIndexed:ANY(2),644
CONVERT_TO_INTERNAL_INDEX,ANY(0),/home/zwz/FreeRTOS/FreeRTOS/Source/portable/Common/mpu_wrappers_v2.c,/home/zwz/FreeRTOS/FreeRTOS/Source/portable/Common/mpu_wrappers_v2.c:MPU_StoreEventGroupHandleAtIndex:ANY(2),645
queueMUTEX_GIVE_BLOCK_TIME,ANY(0),/home/zwz/FreeRTOS/FreeRTOS/Source/timers.c,/home/zwz/FreeRTOS/FreeRTOS/Source/timers.c:tmrSTATUS_IS_ACTIVE:unsigned int(0),646
portSTACK_REGION,ANY(2),/home/zwz/FreeRTOS/FreeRTOS/Source/portable/Common/mpu_wrappers_v2.c,/home/zwz/FreeRTOS/FreeRTOS/Source/include/task.h:taskSCHEDULER_SUSPENDED:ANY(0),647
heapADD_WILL_OVERFLOW,ANY(0),/home/zwz/FreeRTOS/FreeRTOS/Source/portable/GCC/ARM_CM3_MPU/port.c,/home/zwz/FreeRTOS/FreeRTOS/Source/portable/GCC/ARM_CM3_MPU/port.c:portIS_AUTHORIZED:ANY(2),648
configPROTECTED_KERNEL_OBJECT_POOL_SIZE,ANY(0),/home/zwz/FreeRTOS/FreeRTOS/Source/portable/GCC/ARM_CM3_MPU/port.c,/home/zwz/FreeRTOS/FreeRTOS/Source/portable/GCC/ARM_CM3_MPU/port.c:portNVIC_SYSTICK_PRI:ANY(0),649
taskEVENT_LIST_ITEM_VALUE_IN_USE,ANY(0),/home/zwz/FreeRTOS/FreeRTOS/Source/portable/GCC/ARM_CM3_MPU/port.c,/home/zwz/FreeRTOS/FreeRTOS/Source/portable/GCC/ARM_CM3_MPU/port.c:portNVIC_MEM_FAULT_ENABLE:ANY(0),650
portMPU_REGION_PRIVILEGED_READ_ONLY,ANY(0),/home/zwz/FreeRTOS/FreeRTOS/Source/stream_buffer.c,/home/zwz/FreeRTOS/FreeRTOS/Source/stream_buffer.c:sbFLAGS_IS_STATICALLY_ALLOCATED:ANY(0),651
portRAISE_PRIVILEGE,ANY(0),/home/zwz/FreeRTOS/FreeRTOS/Source/tasks.c,/home/zwz/FreeRTOS/FreeRTOS/Source/include/FreeRTOSConfig.h:configMAX_PRIORITIES:ANY(0),652
pdFAIL,ANY(1),/home/zwz/FreeRTOS/FreeRTOS/Source/event_groups.c,/home/zwz/FreeRTOS/FreeRTOS/Source/include/task.h:taskENTER_CRITICAL_FROM_ISR:ANY(0),653
listGET_ITEM_VALUE_OF_HEAD_ENTRY,ANY(0),/home/zwz/FreeRTOS/FreeRTOS/Source/portable/Common/mpu_wrappers_v2.c,/home/zwz/FreeRTOS/FreeRTOS/Source/portable/Common/mpu_wrappers_v2.c:MPU_GetTimerHandleAtIndex:ANY(1),654
portINITIAL_CONTROL_IF_PRIVILEGED,ANY(0),/home/zwz/FreeRTOS/FreeRTOS/Source/portable/GCC/ARM_CM3_MPU/port.c,/home/zwz/FreeRTOS/FreeRTOS/Source/portable/GCC/ARM_CM3_MPU/port.c:portMPU_BACKGROUND_ENABLE:ANY(0),655
tmrSTATUS_IS_STATICALLY_ALLOCATED,ANY(4),/home/zwz/FreeRTOS/FreeRTOS/Source/portable/GCC/ARM_CM3_MPU/port.c,/home/zwz/FreeRTOS/FreeRTOS/Source/portable/GCC/ARM_CM3_MPU/port.c:portNVIC_SHPR3_REG:ANY(0),656
traceEVENT_GROUP_SYNC_END,ANY(0),/home/zwz/FreeRTOS/FreeRTOS/Source/portable/GCC/ARM_CM3_MPU/port.c,/home/zwz/FreeRTOS/FreeRTOS/Source/portable/GCC/ARM_CM3_MPU/portmacro.h:portSTACK_FRAME_HAS_PADDING_FLAG:ANY(0),657
portSCB_VTOR_REG,ANY(1),/home/zwz/FreeRTOS/FreeRTOS/Source/portable/Common/mpu_wrappers_v2.c,/home/zwz/FreeRTOS/FreeRTOS/Source/portable/Common/mpu_wrappers_v2.c:MPU_StoreStreamBufferHandleAtIndex:ANY(2),658
listGET_NEXT,ANY(0),/home/zwz/FreeRTOS/FreeRTOS/Source/stream_buffer.c,/home/zwz/FreeRTOS/FreeRTOS/Source/include/task.h:xTaskNotifyWaitIndexed:ANY(5),659
taskEXIT_CRITICAL,ANY(2),/home/zwz/FreeRTOS/FreeRTOS/Source/stream_buffer.c,/home/zwz/FreeRTOS/FreeRTOS/Source/stream_buffer.c:prvSEND_COMPLETED:ANY(1),660
prvSEND_COMPLETE_FROM_ISR,ANY(0),/home/zwz/FreeRTOS/FreeRTOS/Source/portable/GCC/ARM_CM3_MPU/port.c,/home/zwz/FreeRTOS/FreeRTOS/Source/portable/GCC/ARM_CM3_MPU/port.c:portNVIC_SYSTICK_CURRENT_VALUE_REG:ANY(0),661
portINITIAL_XPSR,ANY(0),/home/zwz/FreeRTOS/FreeRTOS/Source/timers.c,/home/zwz/FreeRTOS/FreeRTOS/Source/include/timers.h:tmrCOMMAND_CHANGE_PERIOD_FROM_ISR:ANY(0),662
portOFFSET_TO_PC,ANY(0),/home/zwz/FreeRTOS/FreeRTOS/Source/portable/Common/mpu_wrappers_v2.c,/home/zwz/FreeRTOS/FreeRTOS/Source/portable/Common/mpu_wrappers_v2.c:CONVERT_TO_INTERNAL_INDEX:ANY(1),663
tmrCOMMAND_RESET,ANY(0),/home/zwz/FreeRTOS/FreeRTOS/Source/queue.c,/home/zwz/FreeRTOS/FreeRTOS/Source/queue.c:queueMUTEX_GIVE_BLOCK_TIME:ANY(0),664
tskSTATICALLY_ALLOCATED_STACK_AND_TCB,ANY(0),/home/zwz/FreeRTOS/FreeRTOS/Source/portable/GCC/ARM_CM3_MPU/port.c,/home/zwz/FreeRTOS/FreeRTOS/Source/portable/GCC/ARM_CM3_MPU/portmacro.h:portSTACK_REGION:ANY(0),665
portEXPECTED_MPU_TYPE_VALUE,ANY(1),/home/zwz/FreeRTOS/FreeRTOS/Source/portable/MemMang/heap_4.c,/home/zwz/FreeRTOS/FreeRTOS/Source/portable/MemMang/heap_4.c:heapADD_WILL_OVERFLOW:ANY(2),666
taskVALID_CORE_ID,ANY(0),/home/zwz/FreeRTOS/FreeRTOS/Source/portable/Common/mpu_wrappers_v2.c,/home/zwz/FreeRTOS/FreeRTOS/Source/include/FreeRTOSConfig.h:configPROTECTED_KERNEL_OBJECT_POOL_SIZE:ANY(0),667
vQueueDelete,int(0),/home/zwz/FreeRTOS/FreeRTOS/Source/tasks.c,/home/zwz/FreeRTOS/FreeRTOS/Source/tasks.c:taskEVENT_LIST_ITEM_VALUE_IN_USE:ANY(0),668
configTIMER_QUEUE_LENGTH,ANY(1),/home/zwz/FreeRTOS/FreeRTOS/Source/portable/GCC/ARM_CM3_MPU/port.c,/home/zwz/FreeRTOS/FreeRTOS/Source/portable/GCC/ARM_CM3_MPU/portmacro.h:portMPU_REGION_PRIVILEGED_READ_ONLY:ANY(0),669
configASSERT,ANY(0),mpu_demo.c,/home/zwz/FreeRTOS/FreeRTOS/Source/portable/GCC/ARM_CM3_MPU/portmacro.h:portRAISE_PRIVILEGE:ANY(0),670
portGENERAL_PERIPHERALS_REGION,ANY(1),/home/zwz/FreeRTOS/FreeRTOS/Source/timers.c,/home/zwz/FreeRTOS/FreeRTOS/Source/include/projdefs.h:pdFAIL:ANY(0),671
MPU_GetQueueHandleAtIndex,ANY(1),/home/zwz/FreeRTOS/FreeRTOS/Source/timers.c,/home/zwz/FreeRTOS/FreeRTOS/Source/include/list.h:listGET_ITEM_VALUE_OF_HEAD_ENTRY:ANY(1),672
UART_DR,int(0),/home/zwz/FreeRTOS/FreeRTOS/Source/portable/GCC/ARM_CM3_MPU/port.c,/home/zwz/FreeRTOS/FreeRTOS/Source/portable/GCC/ARM_CM3_MPU/port.c:portINITIAL_CONTROL_IF_PRIVILEGED:ANY(0),673
SHARED_MEMORY_SIZE,int(0),/home/zwz/FreeRTOS/FreeRTOS/Source/timers.c,/home/zwz/FreeRTOS/FreeRTOS/Source/timers.c:tmrSTATUS_IS_STATICALLY_ALLOCATED:ANY(0),674
portSVC_START_SCHEDULER,ANY(0),/home/zwz/FreeRTOS/FreeRTOS/Source/event_groups.c,/home/zwz/FreeRTOS/FreeRTOS/Source/include/FreeRTOS.h:traceEVENT_GROUP_SYNC_END:ANY(4),675
queueQUEUE_TYPE_COUNTING_SEMAPHORE,ANY(0),/home/zwz/FreeRTOS/FreeRTOS/Source/portable/GCC/ARM_CM3_MPU/port.c,/home/zwz/FreeRTOS/FreeRTOS/Source/portable/GCC/ARM_CM3_MPU/port.c:portSCB_VTOR_REG:ANY(0),676
tmrCOMMAND_START_FROM_ISR,ANY(0),/home/zwz/FreeRTOS/FreeRTOS/Source/event_groups.c,/home/zwz/FreeRTOS/FreeRTOS/Source/include/list.h:listGET_NEXT:ANY(1),677
portMPU_REGION_ATTRIBUTE_REG,unsigned int(0),main.c,/home/zwz/FreeRTOS/FreeRTOS/Source/include/task.h:taskEXIT_CRITICAL:ANY(0),678
taskRESERVED_TASK_NAME_LENGTH,ANY(2),/home/zwz/FreeRTOS/FreeRTOS/Source/stream_buffer.c,/home/zwz/FreeRTOS/FreeRTOS/Source/stream_buffer.c:prvSEND_COMPLETE_FROM_ISR:ANY(2),679
MPU_StoreQueueHandleAtIndex,ANY(1),/home/zwz/FreeRTOS/FreeRTOS/Source/portable/GCC/ARM_CM3_MPU/port.c,/home/zwz/FreeRTOS/FreeRTOS/Source/portable/GCC/ARM_CM3_MPU/port.c:portINITIAL_XPSR:ANY(0),680
listGET_OWNER_OF_HEAD_ENTRY,ANY(0),/home/zwz/FreeRTOS/FreeRTOS/Source/portable/GCC/ARM_CM3_MPU/port.c,/home/zwz/FreeRTOS/FreeRTOS/Source/portable/GCC/ARM_CM3_MPU/port.c:portOFFSET_TO_PC:ANY(0),681
tmrNO_DELAY,ANY(1),/home/zwz/FreeRTOS/FreeRTOS/Source/timers.c,/home/zwz/FreeRTOS/FreeRTOS/Source/include/timers.h:tmrCOMMAND_RESET:ANY(0),682
MPU_GetStreamBufferHandleAtIndex,ANY(0),/home/zwz/FreeRTOS/FreeRTOS/Source/tasks.c,/home/zwz/FreeRTOS/FreeRTOS/Source/tasks.c:tskSTATICALLY_ALLOCATED_STACK_AND_TCB:ANY(0),683
queueLOCKED_UNMODIFIED,ANY(1),/home/zwz/FreeRTOS/FreeRTOS/Source/portable/GCC/ARM_CM3_MPU/port.c,/home/zwz/FreeRTOS/FreeRTOS/Source/portable/GCC/ARM_CM3_MPU/port.c:portEXPECTED_MPU_TYPE_VALUE:ANY(0),684
prvRECEIVE_COMPLETED,ANY(0),/home/zwz/FreeRTOS/FreeRTOS/Source/tasks.c,/home/zwz/FreeRTOS/FreeRTOS/Source/include/task.h:taskVALID_CORE_ID:ANY(1),685
portNVIC_IP_REGISTERS_OFFSET_16,ANY(0),fuzz_harness.c,/home/zwz/FreeRTOS/FreeRTOS/Source/include/mpu_wrappers.h:vQueueDelete:ANY(0),686
portPRIVILEGED_RAM_REGION,ANY(0),/home/zwz/FreeRTOS/FreeRTOS/Source/timers.c,/home/zwz/FreeRTOS/FreeRTOS/Source/include/FreeRTOSConfig.h:configTIMER_QUEUE_LENGTH:int(0),687
tskSTATICALLY_ALLOCATED_STACK_ONLY,ANY(0),/home/zwz/FreeRTOS/FreeRTOS/Source/event_groups.c,/home/zwz/FreeRTOS/FreeRTOS/Source/include/FreeRTOSConfig.h:configASSERT:ANY(1),688
KERNEL_OBJECT_TYPE_TIMER,ANY(0),/home/zwz/FreeRTOS/FreeRTOS/Source/portable/GCC/ARM_CM3_MPU/port.c,/home/zwz/FreeRTOS/FreeRTOS/Source/portable/GCC/ARM_CM3_MPU/portmacro.h:portGENERAL_PERIPHERALS_REGION:ANY(0),689
portNVIC_SYSTICK_ENABLE,ANY(1),/home/zwz/FreeRTOS/FreeRTOS/Source/portable/Common/mpu_wrappers_v2.c,/home/zwz/FreeRTOS/FreeRTOS/Source/portable/Common/mpu_wrappers_v2.c:MPU_GetQueueHandleAtIndex:ANY(1),690
taskEXIT_CRITICAL_FROM_ISR,ANY(1),syscall.c,syscall.c:UART_DR:ANY(1),691
taskTASK_IS_RUNNING_OR_SCHEDULED_TO_YIELD,ANY(1),mpu_demo.c,mpu_demo.c:SHARED_MEMORY_SIZE:int(0),692
listGET_LIST_ITEM_VALUE,ANY(2),/home/zwz/FreeRTOS/FreeRTOS/Source/portable/GCC/ARM_CM3_MPU/port.c,/home/zwz/FreeRTOS/FreeRTOS/Source/portable/GCC/ARM_CM3_MPU/portmacro.h:portSVC_START_SCHEDULER:int(0),693
listIS_CONTAINED_WITHIN,ANY(0),/home/zwz/FreeRTOS/FreeRTOS/Source/queue.c,/home/zwz/FreeRTOS/FreeRTOS/Source/include/queue.h:queueQUEUE_TYPE_COUNTING_SEMAPHORE:ANY(0),694
tskSTACK_FILL_BYTE,ANY(3),/home/zwz/FreeRTOS/FreeRTOS/Source/timers.c,/home/zwz/FreeRTOS/FreeRTOS/Source/include/timers.h:tmrCOMMAND_START_FROM_ISR:ANY(0),695
xQueueSendFromISR,ANY(3),/home/zwz/FreeRTOS/FreeRTOS/Source/portable/GCC/ARM_CM3_MPU/port.c,/home/zwz/FreeRTOS/FreeRTOS/Source/portable/GCC/ARM_CM3_MPU/port.c:portMPU_REGION_ATTRIBUTE_REG:ANY(0),696
MPU_StoreTimerHandleAtIndex,ANY(1),/home/zwz/FreeRTOS/FreeRTOS/Source/tasks.c,/home/zwz/FreeRTOS/FreeRTOS/Source/tasks.c:taskRESERVED_TASK_NAME_LENGTH:unsigned int(0),697
prvLockQueue,ANY(1),/home/zwz/FreeRTOS/FreeRTOS/Source/portable/Common/mpu_wrappers_v2.c,/home/zwz/FreeRTOS/FreeRTOS/Source/portable/Common/mpu_wrappers_v2.c:MPU_StoreQueueHandleAtIndex:ANY(2),698
taskYIELD_TASK_CORE_IF_USING_PREEMPTION,ANY(2),/home/zwz/FreeRTOS/FreeRTOS/Source/timers.c,/home/zwz/FreeRTOS/FreeRTOS/Source/include/list.h:listGET_OWNER_OF_HEAD_ENTRY:ANY(1),699
listINSERT_END,ANY(0),/home/zwz/FreeRTOS/FreeRTOS/Source/timers.c,/home/zwz/FreeRTOS/FreeRTOS/Source/timers.c:tmrNO_DELAY:ANY(0),700
portTASK_IS_PRIVILEGED_FLAG,ANY(0),/home/zwz/FreeRTOS/FreeRTOS/Source/portable/Common/mpu_wrappers_v2.c,/home/zwz/FreeRTOS/FreeRTOS/Source/portable/Common/mpu_wrappers_v2.c:MPU_GetStreamBufferHandleAtIndex:ANY(1),701
portSET_INTERRUPT_MASK_FROM_ISR,ANY(3),/home/zwz/FreeRTOS/FreeRTOS/Source/queue.c,/home/zwz/FreeRTOS/FreeRTOS/Source/queue.c:queueLOCKED_UNMODIFIED:ANY(0),702
portIS_ADDRESS_WITHIN_RANGE,ANY(0),/home/zwz/FreeRTOS/FreeRTOS/Source/stream_buffer.c,/home/zwz/FreeRTOS/FreeRTOS/Source/stream_buffer.c:prvRECEIVE_COMPLETED:ANY(1),703
queueSEND_TO_BACK,ANY(0),/home/zwz/FreeRTOS/FreeRTOS/Source/portable/GCC/ARM_CM3_MPU/port.c,/home/zwz/FreeRTOS/FreeRTOS/Source/portable/GCC/ARM_CM3_MPU/port.c:portNVIC_IP_REGISTERS_OFFSET_16:ANY(0),704
taskYIELD,ANY(0),/home/zwz/FreeRTOS/FreeRTOS/Source/portable/GCC/ARM_CM3_MPU/port.c,/home/zwz/FreeRTOS/FreeRTOS/Source/portable/GCC/ARM_CM3_MPU/portmacro.h:portPRIVILEGED_RAM_REGION:ANY(0),705
PRIVILEGED_DATA,ANY(0),/home/zwz/FreeRTOS/FreeRTOS/Source/tasks.c,/home/zwz/FreeRTOS/FreeRTOS/Source/tasks.c:tskSTATICALLY_ALLOCATED_STACK_ONLY:ANY(0),706
tmrCOMMAND_DELETE,ANY(0),/home/zwz/FreeRTOS/FreeRTOS/Source/portable/Common/mpu_wrappers_v2.c,/home/zwz/FreeRTOS/FreeRTOS/Source/portable/Common/mpu_wrappers_v2.c:KERNEL_OBJECT_TYPE_TIMER:ANY(0),707
portTOP_BIT_OF_BYTE,ANY(0),/home/zwz/FreeRTOS/FreeRTOS/Source/portable/GCC/ARM_CM3_MPU/port.c,/home/zwz/FreeRTOS/FreeRTOS/Source/portable/GCC/ARM_CM3_MPU/port.c:portNVIC_SYSTICK_ENABLE:ANY(0),708
portIS_TASK_PRIVILEGED,ANY(0),/home/zwz/FreeRTOS/FreeRTOS/Source/event_groups.c,/home/zwz/FreeRTOS/FreeRTOS/Source/include/task.h:taskEXIT_CRITICAL_FROM_ISR:ANY(1),709
portBASE_TYPE_EXIT_CRITICAL,unsigned int(0),/home/zwz/FreeRTOS/FreeRTOS/Source/tasks.c,/home/zwz/FreeRTOS/FreeRTOS/Source/tasks.c:taskTASK_IS_RUNNING_OR_SCHEDULED_TO_YIELD:ANY(1),710
tmrSTATUS_IS_AUTORELOAD,ANY(0),/home/zwz/FreeRTOS/FreeRTOS/Source/event_groups.c,/home/zwz/FreeRTOS/FreeRTOS/Source/include/list.h:listGET_LIST_ITEM_VALUE:ANY(1),711
taskWAITING_NOTIFICATION,ANY(0),/home/zwz/FreeRTOS/FreeRTOS/Source/timers.c,/home/zwz/FreeRTOS/FreeRTOS/Source/include/list.h:listIS_CONTAINED_WITHIN:ANY(2),712
portMPU_REGION_PRIVILEGED_READ_WRITE,ANY(2),/home/zwz/FreeRTOS/FreeRTOS/Source/tasks.c,/home/zwz/FreeRTOS/FreeRTOS/Source/tasks.c:tskSTACK_FILL_BYTE:ANY(0),713
xQueueCreate,ANY(0),/home/zwz/FreeRTOS/FreeRTOS/Source/timers.c,/home/zwz/FreeRTOS/FreeRTOS/Source/include/queue.h:xQueueSendFromISR:ANY(3),714
tskDEFAULT_INDEX_TO_NOTIFY,ANY(2),/home/zwz/FreeRTOS/FreeRTOS/Source/portable/Common/mpu_wrappers_v2.c,/home/zwz/FreeRTOS/FreeRTOS/Source/portable/Common/mpu_wrappers_v2.c:MPU_StoreTimerHandleAtIndex:ANY(3),715
heapMULTIPLY_WILL_OVERFLOW,ANY(0),/home/zwz/FreeRTOS/FreeRTOS/Source/queue.c,/home/zwz/FreeRTOS/FreeRTOS/Source/queue.c:prvLockQueue:ANY(1),716
configTOTAL_HEAP_SIZE,ANY(0),/home/zwz/FreeRTOS/FreeRTOS/Source/tasks.c,/home/zwz/FreeRTOS/FreeRTOS/Source/tasks.c:taskYIELD_TASK_CORE_IF_USING_PREEMPTION:ANY(1),717
tmrSTATUS_IS_AUTORELOAD,ANY(1),/home/zwz/FreeRTOS/FreeRTOS/Source/tasks.c,/home/zwz/FreeRTOS/FreeRTOS/Source/include/list.h:listINSERT_END:ANY(2),718
prvGetTCBFromHandle,ANY(1),/home/zwz/FreeRTOS/FreeRTOS/Source/portable/GCC/ARM_CM3_MPU/port.c,/home/zwz/FreeRTOS/FreeRTOS/Source/portable/GCC/ARM_CM3_MPU/portmacro.h:portTASK_IS_PRIVILEGED_FLAG:ANY(0),719
MPU_GetEventGroupHandleAtIndex,int(0),/home/zwz/FreeRTOS/FreeRTOS/Source/portable/GCC/ARM_CM3_MPU/port.c,/home/zwz/FreeRTOS/FreeRTOS/Source/portable/GCC/ARM_CM3_MPU/portmacro.h:portSET_INTERRUPT_MASK_FROM_ISR:ANY(0),720
portBYTE_ALIGNMENT,ANY(0),/home/zwz/FreeRTOS/FreeRTOS/Source/portable/GCC/ARM_CM3_MPU/port.c,/home/zwz/FreeRTOS/FreeRTOS/Source/portable/GCC/ARM_CM3_MPU/port.c:portIS_ADDRESS_WITHIN_RANGE:ANY(3),721
tmrCOMMAND_CHANGE_PERIOD,ANY(1),/home/zwz/FreeRTOS/FreeRTOS/Source/queue.c,/home/zwz/FreeRTOS/FreeRTOS/Source/include/queue.h:queueSEND_TO_BACK:ANY(0),722
heapBLOCK_IS_ALLOCATED,ANY(1),/home/zwz/FreeRTOS/FreeRTOS/Source/tasks.c,/home/zwz/FreeRTOS/FreeRTOS/Source/include/task.h:taskYIELD:ANY(0),723
heapFREE_BLOCK,ANY(0),/home/zwz/FreeRTOS/FreeRTOS/Source/timers.c,/home/zwz/FreeRTOS/FreeRTOS/Source/include/mpu_wrappers.h:PRIVILEGED_DATA:ANY(0),724
portACL_ENTRY_SIZE_BITS,ANY(1),/home/zwz/FreeRTOS/FreeRTOS/Source/timers.c,/home/zwz/FreeRTOS/FreeRTOS/Source/include/timers.h:tmrCOMMAND_DELETE:ANY(0),725
listREMOVE_ITEM,ANY(0),/home/zwz/FreeRTOS/FreeRTOS/Source/portable/GCC/ARM_CM3_MPU/port.c,/home/zwz/FreeRTOS/FreeRTOS/Source/portable/GCC/ARM_CM3_MPU/port.c:portTOP_BIT_OF_BYTE:ANY(0),726
tmrCOMMAND_EXECUTE_CALLBACK_FROM_ISR,ANY(3),/home/zwz/FreeRTOS/FreeRTOS/Source/portable/Common/mpu_wrappers_v2.c,/home/zwz/FreeRTOS/FreeRTOS/Source/portable/GCC/ARM_CM3_MPU/portmacro.h:portIS_TASK_PRIVILEGED:ANY(0),727
traceEVENT_GROUP_WAIT_BITS_END,ANY(0),/home/zwz/FreeRTOS/FreeRTOS/Source/timers.c,/home/zwz/FreeRTOS/FreeRTOS/Source/include/portable.h:portBASE_TYPE_EXIT_CRITICAL:ANY(0),728
configSYSTEM_CALL_STACK_SIZE,,/home/zwz/FreeRTOS/FreeRTOS/Source/timers.c,/home/zwz/FreeRTOS/FreeRTOS/Source/timers.c:tmrSTATUS_IS_AUTORELOAD:unsigned int(0),729
